Student_ID,First_Name,Last_Name,Math,Physics,Chemistry,Biology,English,History,Attendance,Birth_Date
77,Hassan,Ali,96.0,0.0,34.0,45.0,87.0,52.0,88.0,2004-11-26
1027,Ahmed,Salem,44.0,12.0,12.0,73.0,53.0,0.0,88.0,2001-11-06
44,Hassan,Ali,87.0,47.0,55.0,0.0,53.0,66.0,83.0,2005-03-09
667,Khaled,Salem,44.0,0.0,0.0,77.0,85.0,85.0,60.0,2002-09-19
530,Nour,Fathy,11.0,23.0,2.0,100.0,72.0,15.0,100.0,2002-11-11
102,Ahmed,Said,9.0,0.0,41.0,0.0,26.0,33.0,83.0,2004-03-12
909,Omar,Ibrahim,45.0,60.0,99.0,79.0,88.0,36.0,100.0,2001-05-13
278,Omar,Said,25.0,82.0,72.0,48.0,83.0,16.0,85.0,2003-04-17
778,Fatma,Mahmoud,6.0,65.0,26.0,47.0,62.0,84.0,88.0,2005-05-08
454,Ahmed,Tarek,81.0,14.0,12.0,82.0,21.0,27.0,96.0,2004-03-18
64,Nour,Said,75.0,76.0,35.0,31.0,60.0,100.0,58.0,2004-06-28
948,Mona,Hegazy,96.0,4.0,98.0,12.0,16.0,13.0,53.0,2001-08-29
351,Youssef,Unknown,3.0,96.0,48.0,70.0,51.0,46.0,82.0,2005-05-10
523,Laila,Said,40.0,89.0,73.0,0.0,90.0,93.0,98.0,2003-12-17
908,Sara,Mostafa,40.0,79.0,20.0,79.0,72.0,44.0,81.0,2003-03-29
673,Khaled,Mostafa,90.0,62.0,73.0,94.0,73.0,42.0,71.0,2002-03-04
399,Hassan,Hegazy,50.0,75.0,30.0,19.0,89.0,64.0,84.0,2001-04-05
826,Nour,Ibrahim,58.0,53.0,34.0,35.0,88.0,0.0,76.0,2004-04-23
362,Nour,Ali,19.0,46.0,26.0,2.0,92.0,6.0,75.0,2005-11-11
794,Unknown,Tarek,94.0,10.0,57.0,32.0,29.0,68.0,92.0,2002-12-01
934,Ahmed,Tarek,90.0,80.0,50.0,74.0,84.0,0.0,57.0,2004-07-08
514,Laila,Mahmoud,77.0,67.0,68.0,19.0,0.0,0.0,70.0,2003-09-21
632,Khaled,Hegazy,63.0,44.0,8.0,67.0,57.0,67.0,97.0,2001-12-28
844,Omar,Fathy,16.0,76.0,42.0,14.0,78.0,20.0,95.0,2004-06-20
1146,Laila,Ali,57.0,6.0,47.0,51.0,16.0,50.0,75.0,2004-07-11
594,Omar,Hegazy,86.0,2.0,34.0,0.0,11.0,84.0,75.0,2001-08-30
255,Laila,Hassan,9.0,27.0,92.0,14.0,52.0,0.0,73.0,2001-09-25
82,Hassan,Hegazy,74.0,88.0,92.0,42.0,55.0,44.0,72.0,2003-07-24
527,Youssef,Mostafa,61.0,0.0,79.0,78.0,63.0,35.0,80.0,2005-12-26
309,Youssef,Ali,54.0,25.0,24.0,51.0,8.0,40.0,50.0,2005-07-11
368,Khaled,Hassan,91.0,91.0,81.0,22.0,9.0,18.0,89.0,2003-11-24
965,Unknown,Tarek,85.0,12.0,56.0,10.0,5.0,63.0,78.0,2004-07-08
694,Hassan,Said,83.0,36.0,89.0,46.0,40.0,17.0,94.0,2005-06-27
766,Hassan,Hegazy,74.0,18.0,48.0,46.0,14.0,44.0,94.0,2003-05-07
1059,Khaled,Fathy,20.0,25.0,2.0,0.0,42.0,43.0,93.0,2003-12-09
858,Mona,Tarek,41.0,88.0,2.0,85.0,94.0,45.0,75.0,2004-02-20
680,Fatma,Fathy,46.0,79.0,30.0,22.0,87.0,5.0,58.0,2001-04-20
1008,Fatma,Salem,62.0,7.0,31.0,81.0,21.0,27.0,58.0,2005-03-13
813,Sara,Salem,58.0,23.0,2.0,0.0,18.0,98.0,98.0,2005-08-15
622,Mona,Salem,45.0,98.0,86.0,90.0,15.0,85.0,99.0,2005-08-24
618,Sara,Fathy,48.0,93.0,52.0,75.0,98.0,74.0,80.0,2001-06-29
193,Fatma,Said,13.0,72.0,9.0,85.0,70.0,55.0,66.0,2004-10-08
436,Ahmed,Tarek,46.0,79.0,14.0,32.0,80.0,68.0,67.0,2005-08-17
266,Laila,Tarek,67.0,89.0,54.0,65.0,79.0,78.0,72.0,2005-04-21
1048,Youssef,Ali,77.0,19.0,55.0,92.0,69.0,87.0,68.0,2004-10-20
79,Ahmed,Tarek,62.0,38.0,97.0,0.0,54.0,71.0,80.0,2004-12-15
429,Unknown,Mahmoud,0.0,41.0,0.0,98.0,6.0,25.0,95.0,2004-11-20
440,Unknown,Tarek,0.0,16.0,100.0,89.0,86.0,77.0,97.0,2005-09-02
304,Khaled,Ibrahim,40.0,24.0,38.0,74.0,58.0,50.0,79.0,2004-03-20
276,Ahmed,Hassan,57.0,99.0,76.0,79.0,68.0,38.0,80.0,2005-11-21
381,Ahmed,Tarek,87.0,63.0,71.0,99.0,97.0,96.0,53.0,2004-11-05
576,Youssef,Unknown,0.0,95.0,21.0,95.0,91.0,42.0,54.0,2004-08-23
52,Ahmed,Mahmoud,29.0,62.0,14.0,86.0,27.0,71.0,83.0,2001-07-01
997,Nour,Salem,14.0,45.0,91.0,38.0,79.0,40.0,50.0,2001-11-23
529,Nour,Tarek,29.0,7.0,34.0,51.0,71.0,97.0,53.0,2004-11-29
989,Laila,Fathy,29.0,87.0,19.0,58.0,51.0,100.0,61.0,2002-05-17
1196,Hassan,Tarek,15.0,29.0,2.0,74.0,77.0,1.0,75.0,2004-02-22
353,Omar,Fathy,94.0,14.0,9.0,56.0,33.0,5.0,73.0,2005-05-14
1125,Ahmed,Hegazy,10.0,29.0,4.0,66.0,18.0,19.0,81.0,2002-12-29
849,Fatma,Ibrahim,36.0,21.0,74.0,23.0,0.0,18.0,54.0,2004-02-23
24,Mona,Hassan,0.0,39.0,11.0,30.0,79.0,75.0,70.0,2001-06-12
211,Omar,Said,40.0,79.0,56.0,51.0,46.0,7.0,97.0,2003-01-01
382,Fatma,Fathy,97.0,4.0,50.0,64.0,36.0,23.0,62.0,2003-07-25
984,Omar,Mostafa,0.0,0.0,61.0,11.0,37.0,81.0,95.0,2004-06-19
651,Ahmed,Tarek,10.0,46.0,45.0,0.0,70.0,52.0,81.0,2003-04-20
406,Youssef,Fathy,47.0,0.0,78.0,62.0,18.0,89.0,53.0,2003-03-23
359,Mona,Mahmoud,96.0,87.0,17.0,29.0,71.0,0.0,83.0,2002-12-30
1128,Omar,Tarek,8.0,78.0,48.0,70.0,54.0,87.0,90.0,2005-07-07
59,Mona,Hegazy,48.0,19.0,11.0,21.0,61.0,76.0,78.0,2005-05-17
799,Youssef,Mahmoud,63.0,49.0,81.0,0.0,25.0,44.0,83.0,2005-06-04
199,Sara,Said,68.0,51.0,7.0,61.0,20.0,56.0,54.0,2002-12-15
580,Ahmed,Ali,27.0,80.0,36.0,5.0,20.0,65.0,52.0,2002-07-02
559,Hassan,Hegazy,75.0,22.0,0.0,31.0,80.0,32.0,60.0,2003-03-19
760,Nour,Hegazy,27.0,76.0,90.0,76.0,78.0,15.0,85.0,2004-07-04
50,Fatma,Ibrahim,23.0,14.0,14.0,8.0,31.0,58.0,74.0,2002-12-25
175,Fatma,Ibrahim,67.0,81.0,99.0,33.0,41.0,91.0,65.0,2001-04-01
848,Laila,Salem,68.0,79.0,9.0,19.0,98.0,54.0,65.0,2003-03-15
378,Sara,Ibrahim,46.0,71.0,58.0,51.0,12.0,40.0,66.0,2001-09-16
197,Khaled,Tarek,20.0,52.0,50.0,13.0,90.0,0.0,66.0,2003-01-26
232,Ahmed,Hassan,69.0,31.0,9.0,76.0,45.0,47.0,98.0,2005-10-20
1121,Unknown,Mostafa,43.0,91.0,25.0,96.0,47.0,81.0,50.0,2001-01-29
412,Hassan,Mahmoud,14.0,57.0,94.0,0.0,66.0,41.0,60.0,2002-11-20
768,Unknown,Ibrahim,31.0,30.0,91.0,77.0,55.0,22.0,57.0,2003-08-23
623,Ahmed,Said,61.0,47.0,91.0,82.0,16.0,42.0,80.0,2001-05-24
946,Youssef,Mostafa,80.0,43.0,13.0,66.0,33.0,53.0,78.0,2001-10-31
241,Omar,Hegazy,56.0,49.0,0.0,82.0,14.0,16.0,81.0,2001-10-15
865,Khaled,Hassan,43.0,72.0,47.0,93.0,92.0,19.0,53.0,2004-06-30
550,Khaled,Said,97.0,42.0,97.0,56.0,66.0,37.0,72.0,2004-06-01
416,Khaled,Ali,83.0,30.0,41.0,61.0,86.0,4.0,86.0,2005-04-02
719,Khaled,Hegazy,1.0,17.0,0.0,13.0,77.0,2.0,82.0,2005-11-30
821,Nour,Hegazy,63.0,74.0,25.0,1.0,37.0,84.0,70.0,2001-10-29
988,Khaled,Ibrahim,70.0,53.0,57.0,99.0,49.0,78.0,74.0,2004-12-13
1181,Youssef,Hegazy,27.0,98.0,12.0,87.0,67.0,84.0,91.0,2001-10-09
972,Ahmed,Unknown,20.0,24.0,28.0,91.0,18.0,89.0,52.0,2001-02-26
733,Omar,Ali,44.0,21.0,57.0,90.0,13.0,50.0,74.0,2002-07-28
840,Fatma,Fathy,28.0,59.0,64.0,49.0,60.0,0.0,56.0,2004-12-27
803,Mona,Salem,0.0,96.0,21.0,0.0,55.0,14.0,91.0,2003-04-17
1075,Mona,Hassan,71.0,58.0,0.0,64.0,64.0,87.0,65.0,2004-11-07
479,Khaled,Said,21.0,3.0,39.0,78.0,9.0,47.0,76.0,2002-04-10
45,Nour,Unknown,100.0,17.0,71.0,3.0,10.0,45.0,63.0,2003-07-27
980,Khaled,Ibrahim,29.0,71.0,79.0,72.0,90.0,85.0,82.0,2005-11-15
30,Laila,Hegazy,73.0,86.0,98.0,0.0,13.0,1.0,100.0,2003-09-03
32,Omar,Ali,45.0,64.0,97.0,49.0,25.0,25.0,66.0,2003-09-30
738,Fatma,Ibrahim,61.0,18.0,14.0,64.0,27.0,18.0,75.0,2002-05-12
355,Nour,Hassan,26.0,78.0,58.0,0.0,92.0,44.0,53.0,2004-03-02
426,Nour,Said,72.0,64.0,61.0,0.0,54.0,78.0,96.0,2001-01-29
169,Youssef,Unknown,99.0,100.0,29.0,40.0,0.0,17.0,53.0,2005-02-25
87,Omar,Salem,69.0,100.0,27.0,56.0,34.0,12.0,93.0,2002-04-21
295,Ahmed,Hassan,18.0,37.0,61.0,61.0,46.0,47.0,88.0,2003-05-06
428,Khaled,Mahmoud,0.0,53.0,94.0,4.0,66.0,80.0,79.0,2004-05-08
747,Nour,Fathy,53.0,49.0,85.0,61.0,74.0,68.0,51.0,2005-05-21
156,Khaled,Tarek,91.0,23.0,52.0,98.0,94.0,66.0,70.0,2002-12-28
221,Ahmed,Unknown,60.0,26.0,99.0,90.0,23.0,49.0,93.0,2003-09-12
124,Youssef,Mahmoud,4.0,9.0,50.0,99.0,44.0,61.0,59.0,2004-04-20
219,Sara,Hassan,23.0,7.0,62.0,43.0,75.0,31.0,69.0,2002-07-27
439,Laila,Salem,62.0,46.0,49.0,0.0,100.0,29.0,86.0,2004-07-23
210,Unknown,Ibrahim,60.0,97.0,57.0,74.0,41.0,53.0,54.0,2001-01-29
234,Ahmed,Mahmoud,97.0,84.0,5.0,25.0,11.0,87.0,85.0,2002-04-17
1051,Ahmed,Said,92.0,38.0,33.0,13.0,46.0,83.0,54.0,2005-07-20
716,Nour,Mostafa,83.0,0.0,57.0,59.0,8.0,38.0,84.0,2004-02-24
129,Youssef,Salem,38.0,58.0,48.0,65.0,35.0,51.0,91.0,2001-07-11
571,Sara,Hegazy,50.0,62.0,71.0,20.0,38.0,96.0,74.0,2002-08-07
915,Hassan,Hassan,47.0,44.0,89.0,44.0,94.0,93.0,100.0,2003-05-13
932,Omar,Tarek,52.0,11.0,57.0,8.0,75.0,57.0,66.0,2001-07-25
71,Fatma,Hassan,47.0,82.0,66.0,12.0,13.0,82.0,61.0,2002-02-06
1002,Fatma,Unknown,59.0,0.0,97.0,75.0,9.0,0.0,98.0,2002-04-01
114,Omar,Mahmoud,25.0,95.0,67.0,70.0,63.0,14.0,51.0,2002-05-27
297,Khaled,Said,50.0,8.0,18.0,70.0,0.0,42.0,79.0,2003-11-09
706,Sara,Mostafa,74.0,36.0,94.0,17.0,17.0,28.0,58.0,2004-10-22
108,Fatma,Salem,80.0,66.0,22.0,92.0,43.0,1.0,63.0,2004-01-27
1114,Hassan,Mahmoud,0.0,82.0,82.0,33.0,49.0,13.0,68.0,2001-05-01
1000,Hassan,Mostafa,7.0,57.0,7.0,54.0,12.0,42.0,96.0,2001-08-16
655,Ahmed,Ibrahim,45.0,59.0,74.0,67.0,43.0,42.0,97.0,2001-06-19
1161,Hassan,Mostafa,100.0,0.0,16.0,32.0,28.0,92.0,89.0,2001-11-24
209,Nour,Hassan,11.0,74.0,68.0,46.0,56.0,76.0,59.0,2001-04-08
1007,Khaled,Said,65.0,69.0,8.0,51.0,20.0,0.0,75.0,2002-04-16
1138,Unknown,Hassan,82.0,0.0,17.0,55.0,76.0,8.0,0.0,2001-07-23
244,Fatma,Mostafa,97.0,53.0,86.0,57.0,79.0,51.0,91.0,2002-11-06
1101,Youssef,Tarek,0.0,6.0,39.0,45.0,98.0,68.0,72.0,2002-08-25
1118,Youssef,Hegazy,40.0,77.0,15.0,86.0,66.0,3.0,54.0,2001-08-11
606,Hassan,Ibrahim,7.0,46.0,44.0,72.0,93.0,73.0,87.0,2001-05-04
679,Ahmed,Hassan,48.0,89.0,60.0,97.0,69.0,95.0,84.0,2002-11-18
425,Nour,Salem,69.0,0.0,70.0,58.0,3.0,0.0,71.0,2005-03-17
468,Sara,Salem,34.0,33.0,76.0,92.0,85.0,40.0,85.0,2005-04-18
507,Omar,Salem,51.0,35.0,54.0,69.0,87.0,12.0,76.0,2002-08-24
478,Hassan,Hassan,86.0,17.0,100.0,31.0,91.0,84.0,81.0,2002-07-20
286,Fatma,Mahmoud,41.0,47.0,41.0,75.0,94.0,63.0,62.0,2003-09-11
55,Fatma,Mahmoud,30.0,80.0,82.0,33.0,99.0,91.0,58.0,2001-11-21
542,Youssef,Hassan,43.0,29.0,0.0,23.0,45.0,77.0,77.0,2001-01-13
740,Fatma,Fathy,94.0,69.0,0.0,28.0,86.0,47.0,81.0,2001-09-24
57,Sara,Tarek,59.0,8.0,50.0,73.0,83.0,3.0,69.0,2005-06-11
110,Omar,Hassan,18.0,2.0,3.0,79.0,15.0,24.0,97.0,2004-11-12
672,Ahmed,Salem,24.0,16.0,63.0,4.0,37.0,25.0,87.0,2003-10-30
629,Mona,Hegazy,38.0,84.0,47.0,99.0,0.0,19.0,86.0,2005-11-26
299,Omar,Mahmoud,11.0,55.0,68.0,45.0,2.0,84.0,91.0,2003-02-12
1031,Fatma,Mahmoud,65.0,85.0,86.0,17.0,80.0,89.0,55.0,2003-08-30
962,Ahmed,Hassan,95.0,86.0,17.0,32.0,26.0,87.0,74.0,2003-12-21
671,Omar,Said,7.0,42.0,81.0,29.0,53.0,38.0,76.0,2005-04-01
260,Sara,Ali,63.0,27.0,41.0,29.0,41.0,65.0,68.0,2005-12-03
597,Sara,Mahmoud,85.0,75.0,1.0,72.0,52.0,59.0,58.0,2001-04-28
345,Ahmed,Ibrahim,0.0,88.0,26.0,64.0,0.0,19.0,74.0,2003-01-29
755,Khaled,Hegazy,59.0,57.0,37.0,10.0,77.0,25.0,91.0,2001-12-24
827,Sara,Ali,14.0,65.0,23.0,60.0,0.0,28.0,0.0,2004-01-12
291,Khaled,Mahmoud,22.0,71.0,0.0,77.0,22.0,20.0,56.0,2003-08-23
1119,Fatma,Mahmoud,5.0,34.0,22.0,95.0,64.0,78.0,72.0,2002-12-10
1030,Omar,Ibrahim,15.0,56.0,54.0,22.0,14.0,89.0,59.0,2002-12-26
1113,Ahmed,Salem,80.0,28.0,32.0,51.0,59.0,77.0,88.0,2003-12-16
520,Hassan,Hegazy,7.0,61.0,52.0,9.0,59.0,29.0,73.0,2002-04-07
789,Unknown,Hassan,59.0,45.0,51.0,24.0,3.0,72.0,59.0,2001-04-24
742,Fatma,Fathy,22.0,56.0,28.0,49.0,34.0,96.0,67.0,2001-05-09
875,Ahmed,Ibrahim,10.0,50.0,76.0,45.0,85.0,8.0,72.0,2002-12-01
1080,Youssef,Mostafa,13.0,60.0,45.0,21.0,4.0,90.0,59.0,2003-02-01
977,Laila,Salem,0.0,0.0,56.0,89.0,83.0,14.0,94.0,2005-11-04
814,Laila,Ibrahim,66.0,3.0,45.0,31.0,43.0,2.0,57.0,2001-08-14
171,Unknown,Tarek,83.0,88.0,17.0,28.0,49.0,58.0,82.0,2005-05-04
287,Sara,Ali,0.0,39.0,58.0,14.0,48.0,94.0,86.0,2004-09-20
981,Laila,Salem,0.0,0.0,74.0,49.0,56.0,85.0,97.0,2001-04-29
584,Mona,Mostafa,0.0,31.0,9.0,51.0,84.0,11.0,91.0,2001-09-05
1145,Omar,Salem,16.0,56.0,25.0,78.0,80.0,56.0,57.0,2004-02-28
919,Khaled,Hassan,54.0,37.0,59.0,62.0,95.0,100.0,95.0,2005-07-15
940,Youssef,Ibrahim,6.0,31.0,81.0,42.0,0.0,0.0,61.0,2003-07-01
808,Hassan,Hassan,3.0,46.0,64.0,87.0,88.0,74.0,70.0,2002-01-13
562,Mona,Fathy,45.0,17.0,90.0,8.0,90.0,9.0,62.0,2004-09-15
1168,Fatma,Mostafa,24.0,7.0,5.0,86.0,20.0,85.0,98.0,2001-09-26
1019,Ahmed,Mahmoud,71.0,19.0,25.0,0.0,91.0,33.0,72.0,2001-04-06
882,Mona,Mostafa,23.0,77.0,0.0,45.0,72.0,31.0,98.0,2002-12-07
310,Ahmed,Said,8.0,19.0,68.0,53.0,16.0,71.0,95.0,2001-04-14
366,Ahmed,Ibrahim,98.0,17.0,48.0,25.0,66.0,43.0,98.0,2002-12-22
614,Laila,Salem,34.0,24.0,25.0,57.0,22.0,43.0,52.0,2005-10-02
410,Khaled,Said,10.0,72.0,6.0,20.0,77.0,91.0,56.0,2005-11-09
11,Laila,Hegazy,74.0,87.0,60.0,0.0,37.0,20.0,0.0,2002-03-10
615,Nour,Hegazy,47.0,73.0,6.0,87.0,34.0,0.0,63.0,2004-05-22
1164,Omar,Hassan,10.0,49.0,57.0,0.0,59.0,43.0,54.0,2003-12-25
889,Sara,Mahmoud,16.0,83.0,68.0,51.0,21.0,99.0,86.0,2005-10-11
329,Ahmed,Unknown,0.0,86.0,29.0,0.0,86.0,100.0,79.0,2003-03-14
343,Laila,Mostafa,45.0,2.0,34.0,9.0,14.0,49.0,60.0,2001-04-30
248,Fatma,Mostafa,85.0,10.0,0.0,0.0,26.0,82.0,66.0,2005-11-26
1090,Sara,Hassan,0.0,52.0,72.0,50.0,84.0,3.0,71.0,2001-04-08
465,Nour,Hegazy,99.0,48.0,73.0,67.0,1.0,65.0,76.0,2005-06-23
635,Nour,Ali,8.0,63.0,53.0,92.0,0.0,35.0,0.0,2004-10-13
866,Mona,Hegazy,10.0,9.0,78.0,50.0,86.0,39.0,70.0,2002-12-26
328,Fatma,Mahmoud,0.0,33.0,16.0,88.0,0.0,37.0,55.0,2001-12-19
290,Ahmed,Hegazy,51.0,75.0,16.0,22.0,54.0,17.0,89.0,2004-06-14
815,Mona,Hegazy,74.0,18.0,54.0,2.0,88.0,61.0,66.0,2002-09-24
669,Nour,Mostafa,91.0,11.0,50.0,40.0,87.0,23.0,85.0,2003-06-15
573,Laila,Ibrahim,19.0,10.0,48.0,94.0,93.0,40.0,69.0,2003-08-22
949,Mona,Mostafa,0.0,26.0,4.0,18.0,19.0,47.0,63.0,2004-12-29
136,Nour,Tarek,40.0,40.0,67.0,40.0,100.0,73.0,70.0,2001-06-21
347,Omar,Hassan,20.0,48.0,0.0,56.0,91.0,84.0,74.0,2005-11-09
1079,Ahmed,Ali,31.0,0.0,51.0,48.0,76.0,65.0,72.0,2004-07-18
1173,Ahmed,Hassan,82.0,42.0,13.0,11.0,100.0,79.0,84.0,2005-04-27
375,Youssef,Salem,43.0,9.0,35.0,26.0,95.0,36.0,64.0,2002-11-19
421,Laila,Fathy,39.0,54.0,78.0,13.0,0.0,48.0,68.0,2001-04-10
383,Unknown,Fathy,85.0,52.0,34.0,17.0,47.0,43.0,53.0,2004-10-06
164,Laila,Mahmoud,76.0,58.0,78.0,16.0,16.0,86.0,98.0,2004-12-13
159,Nour,Mostafa,79.0,90.0,22.0,74.0,73.0,45.0,99.0,2003-11-24
141,Nour,Salem,56.0,3.0,35.0,53.0,80.0,80.0,53.0,2004-01-17
585,Khaled,Mostafa,66.0,85.0,78.0,82.0,45.0,1.0,83.0,2002-05-02
1174,Sara,Salem,82.0,26.0,21.0,64.0,1.0,64.0,55.0,2002-06-28
1078,Youssef,Hegazy,19.0,6.0,99.0,45.0,4.0,1.0,52.0,2005-06-18
874,Ahmed,Mostafa,97.0,64.0,27.0,11.0,41.0,40.0,78.0,2003-06-22
1092,Mona,Mostafa,86.0,79.0,24.0,32.0,59.0,35.0,0.0,2001-06-08
709,Sara,Hassan,13.0,28.0,54.0,0.0,9.0,62.0,91.0,2002-07-29
307,Laila,Ali,84.0,23.0,44.0,61.0,36.0,50.0,56.0,2005-01-07
66,Nour,Salem,57.0,72.0,86.0,75.0,96.0,23.0,93.0,2005-01-11
891,Sara,Tarek,35.0,20.0,21.0,30.0,48.0,55.0,86.0,2002-08-23
765,Nour,Mahmoud,22.0,67.0,50.0,36.0,0.0,97.0,99.0,2002-01-25
553,Fatma,Said,64.0,68.0,24.0,70.0,46.0,6.0,54.0,2001-07-30
495,Khaled,Ali,46.0,34.0,35.0,27.0,97.0,79.0,95.0,2004-07-04
245,Mona,Said,15.0,71.0,19.0,27.0,14.0,92.0,51.0,2003-07-04
781,Youssef,Hassan,55.0,1.0,0.0,29.0,32.0,62.0,84.0,2004-07-10
97,Hassan,Said,8.0,38.0,16.0,60.0,53.0,13.0,62.0,2003-04-10
185,Omar,Salem,19.0,84.0,68.0,62.0,68.0,65.0,94.0,2003-06-04
1189,Youssef,Said,0.0,47.0,24.0,1.0,36.0,18.0,50.0,2005-01-04
546,Sara,Hegazy,8.0,92.0,62.0,93.0,75.0,2.0,76.0,2002-02-10
480,Hassan,Hassan,47.0,16.0,47.0,12.0,85.0,48.0,82.0,2002-05-22
395,Nour,Tarek,34.0,0.0,75.0,23.0,33.0,70.0,76.0,2005-08-27
222,Hassan,Hegazy,97.0,61.0,49.0,84.0,19.0,26.0,86.0,2002-10-12
431,Laila,Salem,62.0,78.0,44.0,22.0,79.0,24.0,78.0,2002-03-27
33,Khaled,Salem,3.0,94.0,97.0,68.0,69.0,0.0,100.0,2003-11-29
157,Unknown,Salem,13.0,57.0,83.0,0.0,53.0,33.0,71.0,2005-10-16
377,Laila,Ibrahim,65.0,51.0,37.0,63.0,3.0,12.0,83.0,2003-07-29
621,Laila,Salem,48.0,77.0,68.0,20.0,4.0,22.0,52.0,2002-10-02
515,Unknown,Hegazy,93.0,39.0,0.0,78.0,11.0,5.0,73.0,2004-09-28
967,Mona,Mahmoud,66.0,34.0,77.0,6.0,93.0,88.0,50.0,2004-05-17
200,Mona,Hassan,2.0,29.0,64.0,93.0,30.0,29.0,65.0,2004-05-14
271,Unknown,Fathy,85.0,12.0,84.0,2.0,66.0,70.0,57.0,2005-08-06
568,Omar,Ali,92.0,73.0,0.0,2.0,24.0,15.0,99.0,2002-10-13
494,Youssef,Mahmoud,18.0,99.0,16.0,51.0,59.0,77.0,65.0,2005-02-27
487,Ahmed,Said,27.0,18.0,76.0,85.0,63.0,32.0,93.0,2001-04-05
731,Khaled,Salem,64.0,92.0,19.0,36.0,45.0,56.0,68.0,2005-07-08
1178,Fatma,Hegazy,16.0,27.0,70.0,8.0,41.0,52.0,96.0,2001-03-21
298,Mona,Tarek,10.0,15.0,16.0,14.0,27.0,52.0,67.0,2005-05-04
1158,Khaled,Fathy,84.0,42.0,71.0,53.0,25.0,95.0,90.0,2002-05-25
589,Mona,Hassan,33.0,64.0,81.0,84.0,84.0,0.0,62.0,2001-10-20
1042,Omar,Ali,30.0,25.0,81.0,82.0,87.0,8.0,75.0,2005-07-28
616,Fatma,Fathy,83.0,77.0,41.0,12.0,94.0,58.0,51.0,2004-01-15
574,Fatma,Mahmoud,28.0,42.0,51.0,51.0,20.0,14.0,88.0,2001-11-28
911,Ahmed,Ali,69.0,55.0,46.0,0.0,73.0,43.0,80.0,2005-08-27
179,Sara,Fathy,6.0,95.0,43.0,57.0,56.0,79.0,51.0,2004-11-13
954,Nour,Ibrahim,66.0,96.0,80.0,85.0,32.0,18.0,57.0,2005-05-07
953,Fatma,Ibrahim,37.0,42.0,42.0,53.0,86.0,62.0,51.0,2002-09-11
644,Sara,Fathy,58.0,17.0,57.0,69.0,40.0,5.0,88.0,2005-01-29
372,Mona,Hassan,5.0,63.0,94.0,8.0,89.0,8.0,93.0,2002-03-13
850,Mona,Hegazy,48.0,56.0,81.0,63.0,21.0,61.0,74.0,2004-06-21
89,Fatma,Fathy,19.0,82.0,79.0,73.0,96.0,65.0,98.0,2004-06-10
662,Mona,Salem,71.0,26.0,27.0,82.0,31.0,24.0,88.0,2004-08-19
332,Youssef,Hassan,31.0,0.0,98.0,60.0,0.0,28.0,97.0,2002-11-26
926,Unknown,Mahmoud,14.0,67.0,1.0,65.0,63.0,0.0,64.0,2002-05-10
610,Fatma,Hegazy,92.0,29.0,90.0,58.0,28.0,23.0,78.0,2002-10-21
971,Nour,Hassan,63.0,69.0,0.0,77.0,50.0,38.0,89.0,2002-06-13
627,Laila,Ali,96.0,74.0,95.0,27.0,19.0,40.0,93.0,2005-04-13
1193,Khaled,Mostafa,99.0,38.0,57.0,88.0,17.0,36.0,97.0,2001-12-17
267,Ahmed,Tarek,85.0,48.0,83.0,80.0,40.0,50.0,88.0,2003-11-11
60,Nour,Ali,62.0,0.0,3.0,69.0,26.0,83.0,74.0,2004-09-05
600,Ahmed,Hegazy,16.0,96.0,40.0,97.0,0.0,4.0,0.0,2004-11-30
773,Ahmed,Hassan,38.0,30.0,4.0,31.0,90.0,56.0,60.0,2005-11-14
723,Ahmed,Mahmoud,0.0,29.0,96.0,1.0,18.0,70.0,94.0,2002-01-29
987,Nour,Ibrahim,25.0,38.0,81.0,68.0,70.0,46.0,93.0,2002-06-01
491,Ahmed,Ibrahim,77.0,34.0,0.0,26.0,39.0,52.0,97.0,2002-06-13
1044,Hassan,Ali,38.0,42.0,68.0,88.0,62.0,22.0,66.0,2003-01-18
482,Nour,Fathy,0.0,77.0,34.0,18.0,96.0,55.0,0.0,2004-10-28
333,Nour,Tarek,47.0,0.0,22.0,14.0,1.0,78.0,96.0,2003-11-04
313,Hassan,Fathy,47.0,82.0,67.0,82.0,25.0,87.0,74.0,2004-12-08
722,Fatma,Mahmoud,2.0,99.0,7.0,14.0,36.0,95.0,95.0,2004-02-13
712,Unknown,Fathy,72.0,69.0,53.0,72.0,85.0,13.0,66.0,2005-06-27
1067,Ahmed,Ali,80.0,63.0,57.0,40.0,22.0,0.0,57.0,2005-05-23
84,Ahmed,Hegazy,44.0,61.0,44.0,19.0,14.0,15.0,76.0,2002-01-26
130,Youssef,Unknown,34.0,30.0,89.0,65.0,12.0,31.0,50.0,2003-06-21
904,Sara,Fathy,4.0,44.0,40.0,36.0,6.0,72.0,72.0,2005-05-02
539,Nour,Tarek,19.0,56.0,71.0,39.0,91.0,64.0,78.0,2004-06-29
999,Sara,Fathy,12.0,64.0,36.0,67.0,21.0,46.0,67.0,2005-01-12
677,Laila,Ali,46.0,7.0,33.0,51.0,0.0,15.0,84.0,2002-06-17
261,Sara,Fathy,31.0,65.0,20.0,0.0,3.0,72.0,76.0,2002-02-25
586,Mona,Mostafa,85.0,69.0,41.0,0.0,8.0,16.0,54.0,2001-07-17
599,Ahmed,Salem,81.0,13.0,12.0,83.0,89.0,95.0,92.0,2003-06-25
611,Khaled,Mahmoud,98.0,24.0,93.0,69.0,18.0,95.0,93.0,2005-12-21
139,Mona,Said,59.0,83.0,93.0,84.0,35.0,0.0,70.0,2001-03-02
293,Laila,Hassan,49.0,79.0,1.0,96.0,68.0,99.0,88.0,2003-04-14
1025,Unknown,Mostafa,95.0,44.0,24.0,16.0,47.0,59.0,85.0,2005-03-30
142,Youssef,Hassan,30.0,12.0,66.0,97.0,39.0,81.0,62.0,2005-06-29
852,Laila,Said,33.0,26.0,40.0,93.0,0.0,90.0,87.0,2002-08-01
463,Nour,Salem,37.0,85.0,68.0,91.0,96.0,29.0,56.0,2001-10-16
448,Ahmed,Ibrahim,16.0,44.0,66.0,0.0,16.0,11.0,79.0,2001-07-01
140,Laila,Mahmoud,59.0,21.0,29.0,31.0,60.0,99.0,68.0,2001-09-20
645,Ahmed,Tarek,38.0,98.0,74.0,25.0,39.0,34.0,81.0,2003-03-17
931,Fatma,Said,50.0,69.0,98.0,60.0,62.0,1.0,52.0,2005-03-12
225,Youssef,Ibrahim,42.0,41.0,77.0,67.0,0.0,67.0,82.0,2001-05-11
486,Omar,Mostafa,72.0,14.0,39.0,58.0,90.0,71.0,63.0,2003-01-10
275,Omar,Tarek,39.0,80.0,69.0,77.0,81.0,65.0,70.0,2004-01-29
324,Nour,Hassan,2.0,52.0,56.0,86.0,14.0,76.0,100.0,2003-12-04
334,Youssef,Salem,0.0,86.0,80.0,64.0,57.0,22.0,81.0,2001-07-01
462,Ahmed,Hassan,45.0,68.0,82.0,71.0,39.0,66.0,73.0,2003-01-05
1169,Ahmed,Ali,93.0,23.0,25.0,81.0,23.0,41.0,97.0,2005-09-29
630,Unknown,Hegazy,84.0,20.0,94.0,28.0,81.0,76.0,76.0,2001-10-22
1188,Sara,Hassan,70.0,38.0,1.0,12.0,48.0,48.0,50.0,2004-01-05
763,Nour,Mostafa,40.0,94.0,0.0,30.0,57.0,90.0,56.0,2001-07-08
678,Ahmed,Ali,86.0,0.0,59.0,87.0,60.0,58.0,51.0,2002-07-23
970,Khaled,Salem,41.0,28.0,5.0,46.0,9.0,77.0,100.0,2004-05-10
544,Nour,Mostafa,72.0,17.0,69.0,57.0,1.0,24.0,0.0,2001-06-03
1116,Omar,Mostafa,49.0,35.0,82.0,27.0,11.0,24.0,62.0,2005-11-23
1175,Omar,Salem,11.0,31.0,50.0,72.0,65.0,16.0,82.0,2003-04-18
819,Ahmed,Hassan,26.0,49.0,63.0,28.0,24.0,84.0,98.0,2001-07-12
534,Omar,Ibrahim,49.0,72.0,70.0,8.0,1.0,71.0,51.0,2005-02-24
1112,Fatma,Said,37.0,53.0,40.0,58.0,68.0,0.0,83.0,2002-10-22
322,Youssef,Ali,79.0,34.0,17.0,97.0,63.0,65.0,97.0,2003-07-27
1041,Hassan,Said,55.0,89.0,95.0,36.0,52.0,73.0,52.0,2003-01-19
933,Mona,Mahmoud,77.0,15.0,0.0,76.0,52.0,35.0,97.0,2003-02-12
364,Mona,Hegazy,25.0,67.0,17.0,40.0,0.0,0.0,65.0,2001-10-27
40,Laila,Fathy,3.0,8.0,67.0,47.0,31.0,37.0,50.0,2004-03-20
31,Hassan,Ibrahim,37.0,16.0,68.0,58.0,95.0,96.0,85.0,2004-10-06
243,Laila,Hegazy,73.0,0.0,55.0,76.0,0.0,98.0,60.0,2002-12-18
843,Youssef,Unknown,46.0,0.0,67.0,41.0,33.0,62.0,93.0,2003-05-04
137,Hassan,Mahmoud,53.0,30.0,79.0,76.0,77.0,62.0,70.0,2005-12-24
311,Omar,Fathy,46.0,0.0,29.0,87.0,64.0,10.0,67.0,2005-07-18
1050,Sara,Ali,26.0,82.0,88.0,3.0,12.0,80.0,73.0,2001-06-17
810,Nour,Said,68.0,52.0,80.0,88.0,95.0,63.0,52.0,2005-05-06
356,Mona,Ali,68.0,45.0,95.0,98.0,88.0,43.0,73.0,2005-04-05
1111,Youssef,Tarek,85.0,24.0,59.0,0.0,69.0,25.0,88.0,2003-10-13
1136,Youssef,Ibrahim,50.0,0.0,22.0,17.0,64.0,67.0,83.0,2004-08-11
443,Ahmed,Hegazy,52.0,12.0,2.0,15.0,76.0,10.0,83.0,2004-03-25
4,Khaled,Salem,11.0,25.0,84.0,64.0,28.0,58.0,99.0,2004-11-21
112,Omar,Mahmoud,34.0,79.0,58.0,24.0,19.0,78.0,62.0,2002-02-03
661,Khaled,Tarek,71.0,26.0,30.0,37.0,6.0,79.0,52.0,2005-03-13
1086,Omar,Ibrahim,21.0,42.0,29.0,96.0,20.0,91.0,57.0,2004-10-10
705,Sara,Salem,50.0,63.0,46.0,45.0,41.0,53.0,89.0,2004-04-19
910,Omar,Said,11.0,99.0,43.0,84.0,79.0,41.0,98.0,2002-12-29
1038,Hassan,Fathy,65.0,71.0,30.0,0.0,98.0,72.0,81.0,2004-01-04
535,Youssef,Mahmoud,84.0,44.0,55.0,0.0,42.0,13.0,55.0,2003-10-31
315,Mona,Hegazy,41.0,0.0,28.0,0.0,30.0,51.0,57.0,2003-11-21
1061,Ahmed,Unknown,52.0,26.0,56.0,20.0,63.0,39.0,76.0,2004-11-27
320,Unknown,Ibrahim,1.0,79.0,13.0,45.0,71.0,71.0,64.0,2003-05-11
717,Omar,Ibrahim,69.0,95.0,61.0,2.0,87.0,39.0,77.0,2003-11-23
430,Sara,Said,86.0,20.0,69.0,18.0,54.0,83.0,61.0,2001-08-29
6,Nour,Said,77.0,3.0,39.0,0.0,6.0,10.0,68.0,2003-08-05
101,Sara,Salem,60.0,31.0,45.0,67.0,52.0,99.0,82.0,2003-06-15
701,Youssef,Fathy,62.0,0.0,15.0,23.0,99.0,93.0,72.0,2005-01-16
561,Laila,Tarek,75.0,31.0,22.0,56.0,27.0,37.0,83.0,2002-08-19
598,Hassan,Tarek,24.0,86.0,93.0,100.0,15.0,43.0,50.0,2003-08-20
880,Omar,Salem,81.0,30.0,29.0,52.0,14.0,0.0,56.0,2005-02-18
1166,Nour,Hegazy,67.0,60.0,77.0,44.0,68.0,40.0,70.0,2002-07-21
1122,Khaled,Mahmoud,63.0,16.0,0.0,0.0,87.0,77.0,82.0,2001-11-08
228,Youssef,Tarek,0.0,42.0,92.0,72.0,37.0,38.0,79.0,2004-06-04
452,Omar,Said,76.0,71.0,16.0,54.0,82.0,35.0,98.0,2002-11-18
579,Hassan,Said,91.0,67.0,0.0,95.0,21.0,13.0,75.0,2004-03-25
1199,Ahmed,Ibrahim,37.0,65.0,47.0,63.0,59.0,0.0,98.0,2001-11-28
896,Ahmed,Ali,10.0,87.0,35.0,53.0,53.0,47.0,89.0,2004-06-11
67,Laila,Hassan,0.0,62.0,75.0,0.0,45.0,35.0,75.0,2001-11-22
68,Fatma,Hassan,99.0,75.0,97.0,71.0,13.0,33.0,86.0,2005-04-18
391,Hassan,Mostafa,89.0,58.0,83.0,42.0,57.0,74.0,53.0,2001-03-05
212,Laila,Ali,32.0,8.0,61.0,7.0,91.0,54.0,75.0,2002-03-18
13,Fatma,Tarek,94.0,21.0,79.0,16.0,0.0,9.0,53.0,2004-11-26
853,Laila,Ibrahim,85.0,40.0,49.0,97.0,44.0,90.0,99.0,2001-11-04
711,Hassan,Mostafa,0.0,24.0,65.0,9.0,48.0,36.0,56.0,2001-05-28
300,Hassan,Mostafa,73.0,0.0,0.0,63.0,3.0,26.0,67.0,2002-04-14
504,Laila,Mahmoud,8.0,64.0,42.0,81.0,88.0,17.0,80.0,2001-10-24
935,Youssef,Fathy,81.0,86.0,83.0,0.0,16.0,44.0,98.0,2002-04-26
1200,Khaled,Fathy,74.0,11.0,63.0,84.0,98.0,36.0,74.0,2004-08-17
1135,Khaled,Ibrahim,14.0,63.0,32.0,59.0,31.0,32.0,91.0,2002-07-22
683,Youssef,Hegazy,17.0,92.0,35.0,5.0,50.0,7.0,98.0,2005-04-09
1195,Laila,Mahmoud,1.0,0.0,34.0,21.0,18.0,25.0,50.0,2004-08-31
423,Khaled,Mahmoud,46.0,39.0,16.0,80.0,9.0,0.0,68.0,2001-01-08
582,Unknown,Hassan,21.0,82.0,94.0,96.0,36.0,3.0,90.0,2002-01-07
1084,Ahmed,Said,23.0,25.0,58.0,43.0,0.0,0.0,67.0,2004-09-21
1177,Hassan,Mostafa,41.0,17.0,47.0,89.0,33.0,0.0,65.0,2004-08-25
414,Ahmed,Mahmoud,34.0,55.0,4.0,72.0,28.0,68.0,92.0,2005-12-26
1062,Ahmed,Ali,18.0,10.0,0.0,100.0,23.0,6.0,69.0,2004-02-05
1089,Omar,Hassan,3.0,45.0,56.0,54.0,23.0,88.0,51.0,2005-09-03
274,Youssef,Said,26.0,31.0,86.0,15.0,42.0,39.0,89.0,2004-10-06
905,Khaled,Hassan,80.0,35.0,17.0,45.0,7.0,1.0,94.0,2003-08-27
363,Mona,Mostafa,33.0,86.0,91.0,72.0,32.0,43.0,69.0,2002-01-09
238,Hassan,Tarek,4.0,55.0,57.0,0.0,92.0,15.0,52.0,2001-05-11
1154,Omar,Salem,54.0,33.0,87.0,25.0,0.0,61.0,64.0,2001-07-08
498,Youssef,Ibrahim,52.0,43.0,1.0,94.0,18.0,89.0,52.0,2004-03-20
3,Fatma,Said,53.0,100.0,92.0,83.0,13.0,45.0,74.0,2003-05-27
7,Unknown,Fathy,13.0,94.0,76.0,4.0,0.0,30.0,95.0,2003-10-04
775,Ahmed,Said,55.0,94.0,6.0,63.0,55.0,59.0,70.0,2002-11-24
312,Unknown,Ali,14.0,9.0,75.0,56.0,2.0,79.0,62.0,2005-05-07
1081,Omar,Ibrahim,49.0,67.0,43.0,77.0,59.0,13.0,54.0,2004-06-21
424,Youssef,Fathy,38.0,0.0,67.0,24.0,46.0,91.0,61.0,2005-06-13
591,Khaled,Ibrahim,54.0,21.0,0.0,63.0,58.0,20.0,50.0,2003-11-27
1040,Nour,Mostafa,12.0,41.0,0.0,66.0,14.0,0.0,91.0,2003-07-18
1028,Mona,Mostafa,60.0,12.0,43.0,46.0,77.0,23.0,93.0,2003-06-20
216,Ahmed,Mahmoud,85.0,96.0,39.0,39.0,52.0,92.0,62.0,2004-12-11
721,Nour,Ibrahim,37.0,53.0,71.0,88.0,7.0,32.0,59.0,2004-04-20
28,Omar,Said,53.0,59.0,0.0,7.0,68.0,26.0,75.0,2003-05-08
554,Ahmed,Said,7.0,93.0,11.0,89.0,82.0,93.0,58.0,2003-07-14
900,Youssef,Said,11.0,75.0,52.0,98.0,32.0,32.0,54.0,2002-07-10
1074,Mona,Ali,99.0,71.0,97.0,66.0,98.0,17.0,86.0,2003-04-03
537,Hassan,Fathy,68.0,7.0,33.0,62.0,12.0,65.0,54.0,2005-07-03
536,Sara,Salem,20.0,65.0,9.0,22.0,7.0,30.0,58.0,2002-10-07
812,Hassan,Said,87.0,1.0,93.0,24.0,12.0,81.0,74.0,2005-09-29
590,Khaled,Said,90.0,83.0,86.0,97.0,94.0,42.0,0.0,2001-02-23
1103,Nour,Mahmoud,48.0,91.0,25.0,76.0,41.0,33.0,96.0,2001-07-05
1073,Laila,Salem,9.0,98.0,10.0,59.0,44.0,44.0,79.0,2001-04-02
257,Hassan,Hegazy,63.0,5.0,96.0,32.0,51.0,0.0,53.0,2001-07-07
292,Omar,Hegazy,88.0,87.0,46.0,93.0,33.0,0.0,95.0,2002-05-07
26,Ahmed,Unknown,36.0,98.0,53.0,72.0,2.0,21.0,95.0,2004-10-16
337,Unknown,Mahmoud,69.0,47.0,31.0,53.0,77.0,92.0,67.0,2003-11-21
708,Omar,Ibrahim,9.0,54.0,79.0,79.0,20.0,8.0,89.0,2002-01-09
48,Laila,Hassan,54.0,16.0,73.0,24.0,24.0,0.0,83.0,2002-05-12
319,Unknown,Hassan,11.0,26.0,0.0,24.0,9.0,46.0,87.0,2003-09-25
107,Omar,Mostafa,69.0,93.0,0.0,62.0,96.0,96.0,77.0,2002-04-13
888,Nour,Salem,4.0,0.0,64.0,90.0,37.0,7.0,57.0,2003-10-25
56,Laila,Mostafa,59.0,31.0,53.0,42.0,90.0,50.0,79.0,2004-10-25
786,Omar,Ali,18.0,95.0,86.0,64.0,56.0,48.0,83.0,2002-04-03
214,Laila,Hassan,67.0,14.0,51.0,26.0,13.0,43.0,0.0,2004-02-08
121,Nour,Ali,20.0,77.0,30.0,25.0,46.0,80.0,77.0,2001-09-17
895,Hassan,Tarek,97.0,17.0,99.0,53.0,64.0,45.0,57.0,2002-05-02
1055,Hassan,Mostafa,16.0,94.0,69.0,47.0,0.0,91.0,79.0,2003-01-15
913,Mona,Fathy,0.0,0.0,28.0,0.0,30.0,37.0,79.0,2002-05-19
73,Sara,Mahmoud,99.0,70.0,60.0,52.0,79.0,4.0,75.0,2001-10-30
411,Mona,Hegazy,93.0,94.0,56.0,24.0,9.0,90.0,75.0,2005-10-03
990,Nour,Salem,6.0,74.0,57.0,35.0,25.0,15.0,66.0,2001-06-12
937,Hassan,Ibrahim,50.0,60.0,40.0,15.0,12.0,64.0,66.0,2004-11-15
592,Laila,Mostafa,0.0,10.0,15.0,78.0,53.0,14.0,71.0,2005-05-23
433,Nour,Hegazy,3.0,21.0,50.0,93.0,73.0,32.0,60.0,2001-01-14
975,Laila,Tarek,65.0,65.0,3.0,18.0,86.0,79.0,88.0,2003-09-22
995,Youssef,Salem,36.0,98.0,77.0,56.0,19.0,26.0,61.0,2002-12-11
870,Omar,Hegazy,62.0,19.0,3.0,60.0,37.0,30.0,98.0,2004-11-26
1014,Omar,Mostafa,3.0,0.0,2.0,9.0,66.0,18.0,82.0,2001-10-16
619,Khaled,Mahmoud,12.0,40.0,58.0,50.0,95.0,94.0,60.0,2003-03-07
772,Laila,Mahmoud,23.0,60.0,92.0,35.0,33.0,53.0,95.0,2003-03-23
631,Omar,Ali,48.0,85.0,18.0,16.0,0.0,64.0,87.0,2005-04-03
326,Nour,Salem,39.0,25.0,11.0,54.0,73.0,86.0,64.0,2005-03-19
567,Nour,Mostafa,51.0,100.0,83.0,57.0,62.0,37.0,88.0,2002-04-14
317,Omar,Mahmoud,83.0,66.0,67.0,32.0,22.0,48.0,81.0,2003-01-06
681,Sara,Said,83.0,35.0,9.0,47.0,0.0,97.0,100.0,2002-09-17
922,Nour,Tarek,32.0,95.0,94.0,43.0,34.0,56.0,75.0,2005-03-22
466,Nour,Salem,71.0,22.0,8.0,13.0,27.0,60.0,97.0,2005-10-17
583,Ahmed,Fathy,75.0,4.0,63.0,31.0,76.0,25.0,96.0,2005-04-17
756,Mona,Said,97.0,67.0,30.0,74.0,0.0,17.0,50.0,2004-06-19
1076,Fatma,Hegazy,53.0,0.0,17.0,60.0,46.0,59.0,64.0,2001-05-26
555,Mona,Tarek,44.0,5.0,70.0,71.0,1.0,29.0,0.0,2002-03-01
603,Mona,Fathy,5.0,22.0,68.0,81.0,13.0,20.0,94.0,2003-07-14
61,Laila,Ali,82.0,90.0,94.0,1.0,44.0,0.0,87.0,2004-04-17
434,Omar,Hassan,57.0,37.0,33.0,49.0,18.0,0.0,86.0,2003-06-10
797,Khaled,Unknown,48.0,70.0,65.0,29.0,11.0,69.0,94.0,2003-07-07
93,Khaled,Mahmoud,69.0,13.0,0.0,72.0,86.0,44.0,72.0,2001-12-14
1037,Laila,Ibrahim,65.0,82.0,63.0,58.0,86.0,26.0,59.0,2003-12-07
483,Khaled,Ali,2.0,12.0,94.0,23.0,85.0,39.0,90.0,2002-05-08
352,Mona,Said,27.0,37.0,0.0,82.0,59.0,98.0,81.0,2005-03-09
195,Mona,Tarek,36.0,73.0,90.0,99.0,7.0,99.0,76.0,2003-12-26
281,Unknown,Salem,24.0,55.0,18.0,48.0,81.0,67.0,76.0,2001-01-07
804,Nour,Tarek,55.0,74.0,36.0,55.0,13.0,5.0,59.0,2004-05-24
552,Omar,Fathy,95.0,22.0,79.0,81.0,66.0,67.0,52.0,2005-06-13
360,Ahmed,Hegazy,67.0,0.0,45.0,0.0,18.0,24.0,70.0,2005-01-25
966,Laila,Mahmoud,42.0,83.0,28.0,32.0,96.0,17.0,55.0,2002-12-03
927,Sara,Hassan,26.0,20.0,47.0,16.0,3.0,85.0,74.0,2001-12-18
845,Omar,Ali,95.0,41.0,68.0,32.0,99.0,22.0,85.0,2004-12-15
668,Khaled,Tarek,89.0,62.0,62.0,48.0,69.0,13.0,82.0,2003-03-04
549,Khaled,Salem,80.0,97.0,56.0,21.0,35.0,39.0,77.0,2004-03-21
1035,Hassan,Hassan,15.0,85.0,40.0,57.0,61.0,1.0,98.0,2004-05-16
183,Ahmed,Unknown,31.0,12.0,33.0,29.0,19.0,12.0,0.0,2003-06-04
707,Sara,Tarek,76.0,26.0,0.0,42.0,31.0,40.0,62.0,2002-09-12
524,Khaled,Mahmoud,54.0,27.0,96.0,36.0,0.0,40.0,98.0,2001-04-07
111,Ahmed,Hegazy,41.0,97.0,0.0,0.0,11.0,59.0,60.0,2005-06-03
371,Laila,Said,0.0,22.0,53.0,15.0,10.0,30.0,72.0,2004-06-11
459,Sara,Tarek,58.0,34.0,16.0,73.0,96.0,95.0,74.0,2005-06-19
240,Omar,Mahmoud,21.0,85.0,20.0,87.0,20.0,0.0,93.0,2001-04-20
902,Ahmed,Mahmoud,10.0,69.0,49.0,42.0,85.0,70.0,89.0,2003-08-31
702,Mona,Mahmoud,28.0,18.0,36.0,92.0,17.0,73.0,61.0,2004-03-17
652,Sara,Ibrahim,18.0,47.0,65.0,0.0,26.0,37.0,92.0,2001-09-06
205,Omar,Fathy,48.0,53.0,84.0,10.0,48.0,30.0,97.0,2002-01-18
1047,Sara,Tarek,86.0,8.0,73.0,60.0,15.0,0.0,0.0,2002-06-18
1058,Mona,Hegazy,12.0,10.0,12.0,84.0,36.0,83.0,87.0,2001-09-25
262,Sara,Hegazy,6.0,37.0,98.0,12.0,68.0,72.0,78.0,2004-08-22
824,Mona,Tarek,49.0,66.0,23.0,16.0,13.0,14.0,96.0,2001-07-16
714,Fatma,Mahmoud,27.0,35.0,37.0,30.0,54.0,72.0,73.0,2003-12-30
472,Laila,Mahmoud,83.0,89.0,0.0,95.0,70.0,94.0,80.0,2003-07-19
340,Nour,Hassan,8.0,88.0,27.0,81.0,0.0,85.0,89.0,2005-08-06
637,Sara,Hassan,36.0,1.0,0.0,73.0,0.0,1.0,79.0,2002-10-02
807,Laila,Hegazy,30.0,64.0,83.0,68.0,80.0,67.0,70.0,2005-10-30
1149,Ahmed,Mostafa,28.0,51.0,1.0,68.0,59.0,10.0,90.0,2003-09-07
184,Ahmed,Tarek,0.0,42.0,65.0,24.0,14.0,55.0,92.0,2004-02-11
138,Khaled,Ali,45.0,84.0,63.0,30.0,75.0,16.0,67.0,2003-12-06
696,Youssef,Mostafa,75.0,66.0,71.0,12.0,33.0,86.0,100.0,2001-05-17
81,Youssef,Ali,46.0,58.0,3.0,10.0,72.0,78.0,69.0,2005-12-10
1012,Hassan,Mostafa,45.0,2.0,75.0,43.0,43.0,40.0,55.0,2004-09-04
528,Khaled,Fathy,47.0,2.0,44.0,84.0,19.0,63.0,74.0,2002-02-24
1010,Ahmed,Hegazy,8.0,0.0,66.0,0.0,65.0,81.0,80.0,2005-03-18
166,Ahmed,Mahmoud,43.0,58.0,36.0,34.0,21.0,77.0,93.0,2003-10-29
249,Laila,Mostafa,75.0,87.0,4.0,76.0,86.0,0.0,66.0,2004-09-03
308,Khaled,Fathy,71.0,72.0,3.0,88.0,64.0,68.0,54.0,2002-05-13
846,Fatma,Hassan,21.0,46.0,98.0,79.0,59.0,8.0,62.0,2004-10-01
533,Khaled,Tarek,0.0,30.0,10.0,67.0,0.0,89.0,93.0,2005-02-01
335,Nour,Salem,3.0,3.0,0.0,21.0,0.0,2.0,94.0,2001-11-27
98,Youssef,Said,89.0,71.0,0.0,0.0,13.0,3.0,53.0,2001-03-11
543,Fatma,Mostafa,32.0,73.0,65.0,50.0,14.0,39.0,57.0,2002-01-21
674,Hassan,Hassan,45.0,80.0,68.0,70.0,79.0,35.0,75.0,2001-06-29
893,Ahmed,Mahmoud,63.0,77.0,100.0,83.0,92.0,42.0,75.0,2002-07-18
839,Laila,Fathy,0.0,9.0,10.0,80.0,7.0,72.0,82.0,2004-06-08
761,Sara,Ali,43.0,41.0,87.0,0.0,15.0,100.0,88.0,2004-08-10
625,Ahmed,Mahmoud,42.0,9.0,52.0,25.0,95.0,39.0,73.0,2002-12-17
1139,Nour,Ali,0.0,21.0,29.0,52.0,10.0,15.0,51.0,2002-05-27
303,Ahmed,Ibrahim,91.0,13.0,80.0,43.0,44.0,49.0,88.0,2002-01-27
1032,Khaled,Ibrahim,39.0,91.0,8.0,0.0,17.0,9.0,79.0,2001-10-04
389,Khaled,Ali,20.0,68.0,3.0,54.0,10.0,29.0,82.0,2002-08-04
236,Khaled,Tarek,73.0,39.0,0.0,38.0,43.0,27.0,68.0,2004-08-03
901,Omar,Ibrahim,20.0,21.0,81.0,21.0,99.0,43.0,77.0,2002-09-24
873,Laila,Tarek,12.0,65.0,31.0,90.0,97.0,44.0,50.0,2005-06-29
306,Ahmed,Ibrahim,100.0,66.0,39.0,94.0,74.0,98.0,56.0,2001-03-01
917,Omar,Said,0.0,19.0,0.0,21.0,50.0,67.0,58.0,2003-09-18
1133,Khaled,Mahmoud,99.0,63.0,12.0,22.0,38.0,39.0,82.0,2005-10-08
250,Ahmed,Ali,87.0,48.0,20.0,57.0,0.0,21.0,77.0,2004-04-09
72,Unknown,Fathy,44.0,59.0,8.0,14.0,64.0,16.0,73.0,2004-01-06
95,Youssef,Said,77.0,53.0,95.0,41.0,94.0,53.0,79.0,2003-10-01
951,Youssef,Ibrahim,18.0,77.0,31.0,8.0,58.0,28.0,87.0,2004-05-10
34,Omar,Hegazy,0.0,94.0,76.0,69.0,57.0,82.0,52.0,2001-06-23
851,Sara,Fathy,12.0,83.0,97.0,79.0,86.0,0.0,87.0,2003-01-17
449,Ahmed,Fathy,38.0,5.0,75.0,13.0,53.0,65.0,79.0,2005-12-30
446,Sara,Salem,99.0,80.0,73.0,46.0,47.0,10.0,74.0,2005-05-30
916,Khaled,Hegazy,51.0,35.0,84.0,25.0,77.0,5.0,100.0,2002-10-11
1147,Sara,Tarek,86.0,49.0,64.0,3.0,67.0,12.0,79.0,2003-03-24
753,Nour,Tarek,52.0,36.0,27.0,12.0,94.0,41.0,100.0,2002-03-18
78,Hassan,Said,17.0,54.0,62.0,68.0,48.0,49.0,78.0,2003-04-01
85,Fatma,Mostafa,32.0,12.0,49.0,20.0,0.0,85.0,79.0,2005-02-12
595,Laila,Mahmoud,37.0,8.0,97.0,14.0,63.0,84.0,67.0,2003-04-28
83,Fatma,Hassan,56.0,95.0,40.0,19.0,55.0,12.0,92.0,2002-12-04
458,Omar,Salem,22.0,0.0,87.0,26.0,33.0,14.0,84.0,2001-05-25
941,Sara,Hassan,34.0,14.0,15.0,41.0,36.0,31.0,78.0,2005-06-21
437,Fatma,Fathy,37.0,7.0,77.0,1.0,27.0,5.0,93.0,2003-02-18
1120,Mona,Fathy,68.0,29.0,6.0,12.0,0.0,31.0,68.0,2001-05-31
993,Mona,Ibrahim,35.0,89.0,76.0,87.0,8.0,91.0,84.0,2005-02-03
405,Mona,Tarek,22.0,63.0,67.0,100.0,5.0,100.0,52.0,2001-12-06
1098,Ahmed,Ali,33.0,74.0,82.0,79.0,69.0,61.0,72.0,2002-11-27
666,Khaled,Fathy,0.0,62.0,83.0,9.0,23.0,33.0,95.0,2003-12-04
713,Ahmed,Hassan,38.0,0.0,26.0,58.0,12.0,100.0,99.0,2002-11-05
105,Fatma,Said,76.0,91.0,48.0,50.0,5.0,2.0,84.0,2005-06-02
1170,Nour,Hegazy,72.0,82.0,38.0,61.0,2.0,73.0,65.0,2005-07-20
746,Sara,Salem,20.0,3.0,36.0,58.0,4.0,42.0,57.0,2004-01-16
63,Sara,Hegazy,23.0,81.0,79.0,65.0,24.0,54.0,74.0,2001-02-26
282,Unknown,Mahmoud,2.0,27.0,82.0,50.0,82.0,0.0,85.0,2005-05-11
728,Khaled,Salem,40.0,12.0,62.0,99.0,70.0,46.0,91.0,2003-02-17
239,Hassan,Mostafa,1.0,5.0,90.0,18.0,48.0,15.0,82.0,2005-05-18
224,Sara,Tarek,57.0,64.0,12.0,83.0,29.0,51.0,93.0,2004-02-06
146,Ahmed,Mahmoud,35.0,19.0,75.0,65.0,33.0,12.0,62.0,2005-02-15
1176,Ahmed,Tarek,0.0,77.0,22.0,2.0,41.0,29.0,70.0,2002-06-29
374,Omar,Tarek,59.0,39.0,70.0,27.0,76.0,0.0,82.0,2003-12-30
119,Youssef,Said,83.0,56.0,87.0,18.0,21.0,5.0,61.0,2005-07-21
894,Khaled,Tarek,90.0,100.0,52.0,35.0,14.0,91.0,92.0,2001-03-13
251,Fatma,Mahmoud,39.0,20.0,0.0,72.0,52.0,48.0,79.0,2005-01-26
10,Khaled,Fathy,19.0,37.0,93.0,27.0,86.0,37.0,65.0,2005-05-23
450,Omar,Said,8.0,34.0,92.0,92.0,49.0,52.0,62.0,2002-10-26
390,Youssef,Hegazy,27.0,72.0,38.0,78.0,43.0,21.0,69.0,2001-10-19
1004,Unknown,Fathy,0.0,65.0,68.0,20.0,95.0,0.0,71.0,2003-11-06
558,Youssef,Ibrahim,39.0,92.0,44.0,22.0,63.0,32.0,54.0,2003-07-06
461,Youssef,Said,97.0,5.0,5.0,86.0,41.0,23.0,0.0,2003-08-18
1160,Mona,Mahmoud,12.0,3.0,73.0,32.0,47.0,55.0,94.0,2004-09-12
145,Ahmed,Salem,88.0,48.0,48.0,40.0,0.0,71.0,74.0,2003-05-21
502,Ahmed,Ibrahim,0.0,70.0,51.0,100.0,91.0,78.0,78.0,2002-04-11
1171,Fatma,Hassan,20.0,35.0,11.0,30.0,94.0,73.0,80.0,2004-04-08
540,Ahmed,Tarek,100.0,79.0,30.0,43.0,34.0,54.0,70.0,2004-09-27
178,Sara,Unknown,90.0,12.0,18.0,0.0,47.0,96.0,55.0,2001-12-01
1109,Youssef,Tarek,17.0,56.0,28.0,94.0,16.0,49.0,77.0,2005-06-30
771,Nour,Tarek,32.0,84.0,0.0,0.0,93.0,67.0,63.0,2001-10-27
862,Fatma,Ibrahim,84.0,72.0,0.0,91.0,96.0,94.0,75.0,2005-06-28
8,Youssef,Mostafa,33.0,81.0,22.0,79.0,52.0,10.0,0.0,2005-04-10
788,Omar,Mostafa,73.0,15.0,41.0,37.0,12.0,44.0,53.0,2003-01-21
939,Ahmed,Fathy,3.0,45.0,100.0,71.0,57.0,49.0,90.0,2002-10-21
358,Nour,Hegazy,2.0,20.0,85.0,75.0,25.0,17.0,78.0,2003-07-22
330,Hassan,Unknown,7.0,94.0,87.0,15.0,52.0,83.0,57.0,2001-01-04
779,Mona,Mostafa,67.0,58.0,57.0,73.0,71.0,54.0,73.0,2005-03-09
924,Hassan,Hassan,87.0,58.0,48.0,42.0,28.0,5.0,79.0,2003-11-13
259,Hassan,Unknown,48.0,55.0,2.0,23.0,6.0,24.0,78.0,2002-01-17
969,Nour,Unknown,9.0,72.0,14.0,47.0,22.0,67.0,50.0,2004-01-08
994,Fatma,Hassan,0.0,15.0,67.0,54.0,60.0,53.0,78.0,2003-06-28
859,Omar,Salem,97.0,65.0,75.0,75.0,12.0,33.0,0.0,2005-05-04
809,Laila,Ibrahim,49.0,91.0,64.0,5.0,60.0,84.0,50.0,2003-05-22
923,Laila,Mostafa,61.0,15.0,77.0,99.0,0.0,72.0,50.0,2001-05-03
526,Hassan,Mostafa,92.0,0.0,39.0,42.0,71.0,56.0,51.0,2004-08-14
906,Fatma,Fathy,0.0,21.0,21.0,34.0,27.0,16.0,58.0,2002-02-17
724,Nour,Ali,93.0,44.0,70.0,23.0,62.0,18.0,58.0,2001-09-09
833,Khaled,Hegazy,100.0,29.0,80.0,49.0,5.0,36.0,96.0,2002-05-23
1198,Sara,Ibrahim,0.0,74.0,69.0,31.0,16.0,95.0,92.0,2003-05-22
441,Youssef,Mahmoud,98.0,16.0,31.0,57.0,19.0,53.0,61.0,2005-10-22
532,Nour,Salem,10.0,42.0,89.0,75.0,0.0,77.0,66.0,2004-01-20
227,Omar,Mahmoud,38.0,0.0,61.0,76.0,35.0,17.0,97.0,2004-01-07
229,Nour,Hegazy,48.0,94.0,42.0,3.0,79.0,14.0,0.0,2004-01-17
1093,Ahmed,Mostafa,7.0,12.0,18.0,32.0,56.0,49.0,81.0,2002-08-10
213,Youssef,Said,49.0,31.0,94.0,3.0,60.0,68.0,71.0,2004-12-05
80,Hassan,Salem,0.0,0.0,77.0,37.0,12.0,90.0,0.0,2003-12-16
149,Laila,Ibrahim,23.0,53.0,55.0,39.0,20.0,61.0,0.0,2004-05-01
650,Ahmed,Mostafa,63.0,56.0,94.0,17.0,79.0,93.0,95.0,2001-05-10
782,Fatma,Mahmoud,64.0,65.0,24.0,20.0,86.0,55.0,92.0,2002-03-12
134,Mona,Ibrahim,99.0,51.0,14.0,76.0,70.0,96.0,88.0,2002-08-06
886,Khaled,Ibrahim,7.0,11.0,57.0,6.0,84.0,37.0,61.0,2004-01-05
409,Unknown,Ali,68.0,93.0,0.0,11.0,7.0,93.0,77.0,2005-03-07
869,Laila,Ibrahim,91.0,47.0,31.0,73.0,6.0,57.0,86.0,2004-12-17
508,Ahmed,Said,88.0,12.0,66.0,75.0,20.0,23.0,54.0,2001-03-08
979,Fatma,Ibrahim,55.0,88.0,43.0,0.0,41.0,16.0,0.0,2001-03-18
505,Hassan,Ibrahim,63.0,98.0,89.0,46.0,35.0,93.0,51.0,2002-05-05
744,Omar,Hegazy,37.0,8.0,35.0,10.0,75.0,6.0,50.0,2003-03-17
348,Youssef,Tarek,29.0,85.0,19.0,26.0,56.0,36.0,51.0,2002-12-22
387,Khaled,Hegazy,29.0,58.0,91.0,12.0,11.0,1.0,72.0,2003-03-25
1,Youssef,Tarek,89.0,95.0,36.0,9.0,44.0,80.0,59.0,2002-12-07
361,Laila,Tarek,24.0,69.0,31.0,36.0,21.0,26.0,79.0,2002-12-17
1191,Mona,Tarek,100.0,89.0,97.0,20.0,72.0,80.0,85.0,2002-07-16
476,Fatma,Hegazy,13.0,58.0,2.0,86.0,98.0,81.0,71.0,2002-04-08
1099,Fatma,Hegazy,81.0,95.0,86.0,30.0,27.0,47.0,67.0,2005-08-16
835,Khaled,Hassan,86.0,37.0,78.0,42.0,37.0,37.0,71.0,2002-01-02
173,Khaled,Tarek,56.0,15.0,61.0,19.0,55.0,20.0,58.0,2005-06-01
451,Khaled,Fathy,98.0,13.0,47.0,23.0,27.0,98.0,91.0,2005-12-17
126,Laila,Mostafa,69.0,58.0,97.0,46.0,8.0,0.0,76.0,2004-06-02
847,Khaled,Mahmoud,67.0,36.0,12.0,10.0,56.0,82.0,65.0,2001-03-29
531,Youssef,Hegazy,34.0,14.0,4.0,55.0,70.0,87.0,60.0,2003-05-29
91,Omar,Hegazy,90.0,0.0,68.0,25.0,7.0,46.0,71.0,2001-09-28
182,Khaled,Hegazy,81.0,81.0,67.0,81.0,98.0,55.0,94.0,2002-10-05
725,Ahmed,Ibrahim,0.0,18.0,63.0,0.0,91.0,0.0,87.0,2001-07-01
415,Laila,Ali,32.0,33.0,49.0,49.0,14.0,57.0,59.0,2001-10-30
252,Laila,Hegazy,37.0,0.0,46.0,96.0,51.0,51.0,89.0,2004-08-31
70,Hassan,Mostafa,18.0,37.0,0.0,49.0,47.0,33.0,86.0,2002-04-07
132,Youssef,Hegazy,23.0,68.0,0.0,72.0,43.0,26.0,60.0,2002-07-11
301,Khaled,Fathy,7.0,30.0,0.0,0.0,87.0,18.0,95.0,2002-12-08
737,Mona,Ibrahim,84.0,72.0,8.0,25.0,2.0,27.0,85.0,2004-11-06
327,Ahmed,Said,32.0,46.0,81.0,0.0,19.0,0.0,84.0,2004-05-21
876,Nour,Fathy,99.0,35.0,0.0,30.0,4.0,0.0,82.0,2003-05-10
500,Omar,Mostafa,35.0,60.0,51.0,9.0,32.0,64.0,0.0,2005-06-16
732,Sara,Hegazy,54.0,99.0,7.0,93.0,74.0,82.0,54.0,2002-08-07
1023,Laila,Hassan,76.0,18.0,0.0,0.0,7.0,100.0,64.0,2002-07-29
496,Ahmed,Hassan,13.0,31.0,98.0,64.0,0.0,48.0,84.0,2005-10-09
339,Fatma,Fathy,31.0,0.0,14.0,35.0,11.0,7.0,73.0,2005-02-19
422,Ahmed,Salem,27.0,21.0,93.0,0.0,25.0,20.0,100.0,2004-12-04
165,Ahmed,Ibrahim,69.0,89.0,16.0,79.0,59.0,14.0,53.0,2004-07-30
29,Youssef,Mostafa,20.0,61.0,55.0,20.0,83.0,63.0,87.0,2001-02-28
517,Khaled,Ali,67.0,79.0,12.0,6.0,48.0,83.0,80.0,2005-09-02
194,Ahmed,Mahmoud,56.0,0.0,9.0,80.0,25.0,40.0,67.0,2005-09-11
837,Mona,Said,67.0,24.0,14.0,49.0,51.0,74.0,59.0,2004-04-16
863,Nour,Hassan,45.0,0.0,32.0,60.0,79.0,95.0,50.0,2002-10-01
170,Sara,Mostafa,55.0,27.0,44.0,66.0,50.0,69.0,50.0,2005-09-05
784,Nour,Salem,46.0,87.0,0.0,12.0,54.0,24.0,68.0,2001-11-19
653,Hassan,Mahmoud,10.0,41.0,90.0,60.0,77.0,0.0,85.0,2005-01-31
174,Ahmed,Hegazy,20.0,1.0,0.0,13.0,70.0,39.0,50.0,2002-02-05
519,Omar,Said,91.0,15.0,56.0,9.0,23.0,29.0,97.0,2005-09-07
1024,Mona,Ali,44.0,90.0,67.0,78.0,9.0,51.0,84.0,2005-09-06
1106,Sara,Ali,94.0,44.0,82.0,87.0,79.0,79.0,82.0,2002-07-20
492,Youssef,Ibrahim,0.0,18.0,26.0,59.0,100.0,48.0,78.0,2003-09-06
74,Unknown,Hassan,93.0,98.0,52.0,43.0,81.0,0.0,69.0,2004-11-06
1054,Fatma,Hegazy,64.0,78.0,70.0,21.0,33.0,6.0,97.0,2004-10-02
588,Khaled,Ali,87.0,21.0,43.0,94.0,46.0,9.0,100.0,2002-06-05
658,Mona,Fathy,0.0,1.0,62.0,50.0,43.0,67.0,96.0,2005-04-13
235,Khaled,Said,64.0,84.0,56.0,76.0,92.0,71.0,63.0,2003-03-16
215,Hassan,Mahmoud,70.0,11.0,60.0,43.0,67.0,12.0,72.0,2001-08-18
163,Hassan,Hegazy,88.0,7.0,20.0,44.0,28.0,93.0,81.0,2005-02-25
133,Omar,Ali,56.0,0.0,76.0,27.0,100.0,51.0,83.0,2001-05-12
860,Hassan,Ali,0.0,11.0,6.0,16.0,27.0,32.0,93.0,2005-06-25
950,Omar,Mahmoud,71.0,86.0,80.0,6.0,72.0,54.0,95.0,2003-10-12
1034,Khaled,Hegazy,33.0,52.0,60.0,63.0,22.0,77.0,84.0,2001-08-18
186,Sara,Ibrahim,0.0,93.0,54.0,18.0,76.0,77.0,92.0,2001-10-26
42,Sara,Mostafa,0.0,12.0,32.0,1.0,0.0,80.0,97.0,2001-04-06
693,Khaled,Mostafa,39.0,51.0,84.0,90.0,48.0,85.0,67.0,2002-01-18
109,Mona,Tarek,50.0,27.0,21.0,0.0,17.0,79.0,83.0,2001-05-02
947,Omar,Mahmoud,80.0,97.0,11.0,29.0,69.0,46.0,60.0,2004-06-06
569,Youssef,Ali,21.0,83.0,78.0,34.0,85.0,20.0,79.0,2001-01-06
715,Youssef,Ibrahim,2.0,1.0,89.0,0.0,16.0,71.0,51.0,2002-08-26
1066,Khaled,Mostafa,30.0,18.0,59.0,25.0,11.0,12.0,54.0,2002-07-05
484,Hassan,Salem,41.0,6.0,0.0,87.0,36.0,23.0,89.0,2003-11-28
469,Omar,Hassan,18.0,25.0,82.0,64.0,80.0,81.0,0.0,2001-09-13
25,Hassan,Mostafa,25.0,23.0,68.0,80.0,40.0,90.0,90.0,2001-08-25
1150,Khaled,Mostafa,32.0,32.0,5.0,32.0,22.0,51.0,69.0,2003-06-18
1129,Fatma,Tarek,26.0,88.0,25.0,23.0,46.0,33.0,61.0,2005-03-30
920,Khaled,Salem,99.0,66.0,30.0,27.0,49.0,0.0,99.0,2002-12-23
1064,Nour,Hegazy,24.0,97.0,69.0,0.0,33.0,24.0,81.0,2001-03-29
367,Fatma,Salem,60.0,20.0,92.0,1.0,82.0,35.0,86.0,2002-12-15
936,Ahmed,Ali,91.0,13.0,0.0,79.0,39.0,8.0,89.0,2005-05-28
1107,Ahmed,Ibrahim,92.0,0.0,49.0,73.0,1.0,46.0,56.0,2005-05-21
384,Nour,Mostafa,2.0,54.0,81.0,62.0,70.0,97.0,56.0,2002-09-11
718,Ahmed,Hassan,26.0,0.0,45.0,54.0,43.0,53.0,68.0,2004-01-06
455,Fatma,Said,96.0,53.0,65.0,71.0,85.0,91.0,57.0,2005-02-03
265,Hassan,Ali,25.0,85.0,24.0,15.0,91.0,93.0,55.0,2001-12-13
842,Hassan,Salem,58.0,39.0,89.0,45.0,96.0,2.0,63.0,2001-10-30
233,Sara,Unknown,69.0,92.0,94.0,47.0,22.0,51.0,66.0,2004-08-30
445,Fatma,Ibrahim,13.0,37.0,85.0,89.0,10.0,5.0,72.0,2002-08-03
396,Ahmed,Ali,51.0,29.0,65.0,35.0,24.0,15.0,70.0,2002-02-07
885,Nour,Mahmoud,84.0,14.0,79.0,79.0,88.0,13.0,62.0,2003-08-26
177,Ahmed,Mostafa,32.0,29.0,51.0,0.0,0.0,1.0,96.0,2004-02-13
19,Mona,Mostafa,3.0,95.0,89.0,41.0,0.0,0.0,76.0,2003-01-14
1104,Nour,Mahmoud,78.0,53.0,26.0,0.0,22.0,98.0,67.0,2002-01-14
1159,Khaled,Mahmoud,20.0,89.0,91.0,89.0,54.0,7.0,90.0,2001-10-13
907,Hassan,Fathy,19.0,77.0,65.0,3.0,44.0,51.0,51.0,2001-05-01
757,Ahmed,Tarek,31.0,92.0,13.0,69.0,32.0,41.0,81.0,2002-09-21
596,Hassan,Tarek,5.0,59.0,27.0,5.0,5.0,84.0,97.0,2002-11-06
62,Mona,Tarek,21.0,84.0,17.0,93.0,91.0,4.0,93.0,2001-05-16
273,Fatma,Mostafa,13.0,57.0,54.0,83.0,69.0,37.0,62.0,2004-09-07
1183,Mona,Mostafa,98.0,58.0,9.0,2.0,74.0,45.0,55.0,2003-07-27
279,Mona,Said,62.0,57.0,0.0,62.0,27.0,6.0,0.0,2002-04-19
938,Ahmed,Ali,0.0,70.0,82.0,1.0,51.0,76.0,74.0,2005-10-03
695,Ahmed,Tarek,96.0,28.0,0.0,78.0,12.0,11.0,71.0,2004-03-17
369,Khaled,Mostafa,92.0,98.0,43.0,22.0,90.0,5.0,93.0,2002-03-25
736,Youssef,Hegazy,100.0,35.0,92.0,78.0,71.0,80.0,66.0,2004-03-28
912,Fatma,Said,16.0,88.0,38.0,99.0,10.0,80.0,56.0,2005-02-06
959,Laila,Hassan,60.0,82.0,32.0,49.0,96.0,0.0,65.0,2004-04-13
1141,Ahmed,Mostafa,55.0,81.0,15.0,96.0,58.0,97.0,87.0,2004-02-08
856,Ahmed,Salem,50.0,31.0,58.0,87.0,85.0,75.0,97.0,2001-01-18
548,Sara,Ibrahim,34.0,59.0,0.0,15.0,51.0,25.0,70.0,2001-03-20
1085,Fatma,Ibrahim,78.0,11.0,93.0,15.0,17.0,95.0,74.0,2004-03-24
689,Omar,Said,81.0,15.0,73.0,68.0,17.0,45.0,0.0,2004-08-11
739,Laila,Ibrahim,48.0,37.0,93.0,3.0,28.0,26.0,80.0,2004-07-03
1003,Laila,Mostafa,72.0,80.0,4.0,0.0,64.0,92.0,57.0,2003-03-25
457,Sara,Fathy,90.0,12.0,9.0,1.0,0.0,6.0,67.0,2001-11-02
394,Unknown,Fathy,84.0,59.0,27.0,32.0,97.0,12.0,83.0,2001-01-11
676,Omar,Ali,29.0,84.0,1.0,30.0,31.0,60.0,54.0,2004-05-21
1016,Hassan,Mahmoud,94.0,90.0,56.0,78.0,25.0,49.0,73.0,2003-08-24
729,Sara,Said,11.0,42.0,84.0,0.0,25.0,45.0,84.0,2002-06-27
420,Youssef,Said,98.0,0.0,73.0,48.0,0.0,90.0,88.0,2002-06-09
376,Fatma,Ali,10.0,88.0,17.0,50.0,100.0,0.0,66.0,2002-08-31
413,Khaled,Ali,90.0,84.0,11.0,63.0,37.0,82.0,73.0,2002-03-24
75,Fatma,Mostafa,54.0,47.0,17.0,7.0,6.0,17.0,58.0,2002-08-31
1179,Sara,Said,100.0,28.0,49.0,50.0,19.0,18.0,88.0,2004-12-11
963,Khaled,Mahmoud,21.0,31.0,8.0,77.0,0.0,27.0,90.0,2001-10-14
501,Hassan,Mahmoud,39.0,16.0,65.0,62.0,43.0,31.0,59.0,2005-05-02
991,Fatma,Mahmoud,66.0,28.0,88.0,2.0,0.0,68.0,64.0,2001-08-04
617,Nour,Mostafa,55.0,57.0,46.0,42.0,52.0,33.0,81.0,2002-08-25
115,Ahmed,Ibrahim,68.0,37.0,70.0,25.0,58.0,0.0,83.0,2002-03-24
418,Nour,Ali,33.0,88.0,17.0,98.0,81.0,27.0,93.0,2002-09-02
602,Mona,Salem,11.0,72.0,58.0,25.0,45.0,17.0,92.0,2004-06-14
605,Youssef,Unknown,26.0,82.0,52.0,50.0,0.0,97.0,63.0,2005-01-13
90,Omar,Fathy,0.0,76.0,75.0,97.0,15.0,98.0,56.0,2005-12-14
918,Khaled,Fathy,69.0,17.0,79.0,57.0,0.0,50.0,59.0,2001-11-04
754,Mona,Said,29.0,0.0,47.0,8.0,12.0,12.0,70.0,2004-04-01
499,Hassan,Said,60.0,23.0,76.0,43.0,71.0,89.0,53.0,2004-11-12
978,Fatma,Ali,34.0,90.0,48.0,5.0,0.0,6.0,79.0,2001-04-06
985,Laila,Salem,18.0,0.0,63.0,22.0,61.0,55.0,53.0,2003-05-13
983,Omar,Ali,46.0,43.0,2.0,94.0,67.0,11.0,79.0,2001-03-27
12,Fatma,Unknown,15.0,86.0,67.0,22.0,58.0,93.0,78.0,2003-08-11
397,Sara,Fathy,33.0,10.0,77.0,9.0,3.0,96.0,73.0,2005-09-04
1094,Sara,Fathy,81.0,0.0,4.0,0.0,0.0,2.0,57.0,2004-06-28
556,Laila,Ali,0.0,55.0,38.0,69.0,43.0,18.0,53.0,2005-09-10
43,Nour,Hegazy,2.0,88.0,70.0,36.0,76.0,64.0,99.0,2002-08-25
168,Laila,Tarek,44.0,38.0,0.0,74.0,80.0,38.0,81.0,2004-03-13
417,Nour,Tarek,15.0,51.0,11.0,88.0,22.0,26.0,62.0,2001-05-03
268,Laila,Mostafa,14.0,42.0,0.0,95.0,93.0,52.0,0.0,2003-08-20
899,Mona,Salem,46.0,57.0,51.0,29.0,19.0,30.0,0.0,2005-04-24
427,Mona,Said,19.0,62.0,40.0,68.0,65.0,54.0,86.0,2003-08-28
691,Ahmed,Mahmoud,18.0,73.0,89.0,16.0,76.0,78.0,82.0,2001-10-19
545,Hassan,Ali,60.0,68.0,40.0,89.0,60.0,24.0,69.0,2003-08-28
1180,Hassan,Said,47.0,15.0,88.0,15.0,96.0,52.0,83.0,2002-01-07
675,Ahmed,Tarek,86.0,35.0,8.0,82.0,74.0,38.0,71.0,2002-09-29
690,Sara,Hegazy,0.0,13.0,4.0,56.0,63.0,40.0,56.0,2005-03-28
160,Fatma,Ali,15.0,22.0,27.0,13.0,92.0,80.0,88.0,2002-06-15
986,Laila,Ibrahim,0.0,74.0,44.0,53.0,6.0,45.0,72.0,2004-11-08
258,Omar,Mahmoud,62.0,0.0,64.0,16.0,42.0,85.0,87.0,2001-11-07
944,Fatma,Fathy,71.0,40.0,28.0,80.0,60.0,94.0,85.0,2002-03-29
336,Omar,Ibrahim,93.0,86.0,78.0,2.0,61.0,100.0,64.0,2002-07-08
964,Youssef,Said,92.0,0.0,61.0,79.0,0.0,35.0,53.0,2001-09-14
16,Unknown,Said,82.0,10.0,24.0,13.0,46.0,7.0,80.0,2004-03-30
1005,Khaled,Fathy,35.0,28.0,30.0,82.0,29.0,71.0,71.0,2003-06-20
325,Sara,Said,26.0,43.0,82.0,4.0,55.0,0.0,69.0,2001-10-24
769,Fatma,Salem,56.0,34.0,91.0,46.0,63.0,58.0,76.0,2004-08-25
608,Fatma,Said,64.0,46.0,23.0,52.0,25.0,40.0,67.0,2002-10-12
1108,Youssef,Ibrahim,25.0,27.0,41.0,40.0,23.0,90.0,100.0,2002-09-21
890,Fatma,Mahmoud,100.0,23.0,50.0,88.0,86.0,20.0,80.0,2001-10-02
817,Fatma,Ali,3.0,74.0,87.0,18.0,58.0,90.0,81.0,2001-06-18
223,Hassan,Tarek,0.0,11.0,32.0,51.0,68.0,24.0,73.0,2005-05-03
180,Mona,Salem,0.0,92.0,6.0,41.0,20.0,38.0,58.0,2005-08-30
100,Fatma,Ali,68.0,76.0,34.0,77.0,93.0,54.0,72.0,2004-12-11
758,Khaled,Said,66.0,43.0,96.0,0.0,96.0,50.0,69.0,2005-09-25
522,Khaled,Salem,85.0,44.0,12.0,27.0,12.0,57.0,59.0,2005-04-10
762,Ahmed,Said,0.0,8.0,0.0,55.0,43.0,2.0,79.0,2001-03-02
23,Nour,Ali,23.0,9.0,8.0,0.0,7.0,86.0,80.0,2005-10-27
357,Nour,Tarek,24.0,24.0,61.0,100.0,59.0,82.0,72.0,2005-03-06
734,Hassan,Unknown,78.0,51.0,45.0,38.0,84.0,53.0,60.0,2004-09-01
1167,Mona,Fathy,46.0,34.0,21.0,89.0,73.0,20.0,53.0,2002-12-25
612,Fatma,Mostafa,39.0,27.0,57.0,77.0,46.0,0.0,60.0,2003-03-22
1071,Hassan,Hegazy,61.0,91.0,99.0,10.0,86.0,61.0,71.0,2004-07-13
341,Youssef,Ali,11.0,65.0,23.0,81.0,26.0,28.0,63.0,2004-05-14
432,Nour,Ali,66.0,80.0,57.0,8.0,30.0,76.0,70.0,2002-11-06
868,Mona,Mostafa,0.0,97.0,70.0,85.0,97.0,94.0,100.0,2004-03-19
218,Youssef,Hegazy,80.0,56.0,42.0,93.0,33.0,77.0,98.0,2004-06-10
204,Mona,Mostafa,87.0,8.0,29.0,95.0,34.0,55.0,83.0,2004-10-14
1009,Nour,Said,22.0,28.0,32.0,42.0,17.0,85.0,70.0,2001-03-03
94,Nour,Tarek,46.0,94.0,38.0,30.0,44.0,0.0,64.0,2002-04-04
887,Youssef,Ali,27.0,100.0,0.0,3.0,8.0,97.0,53.0,2004-10-26
69,Youssef,Mahmoud,63.0,43.0,35.0,47.0,7.0,53.0,65.0,2001-01-12
998,Fatma,Mostafa,36.0,66.0,51.0,89.0,80.0,35.0,59.0,2001-02-02
285,Unknown,Salem,96.0,81.0,41.0,0.0,99.0,35.0,70.0,2002-10-04
697,Khaled,Mahmoud,14.0,14.0,4.0,10.0,99.0,50.0,88.0,2005-08-31
86,Fatma,Ali,16.0,80.0,78.0,81.0,57.0,83.0,70.0,2005-12-01
435,Nour,Fathy,0.0,98.0,0.0,15.0,27.0,71.0,97.0,2002-09-17
925,Nour,Mahmoud,22.0,68.0,100.0,36.0,50.0,12.0,87.0,2002-03-29
154,Fatma,Tarek,34.0,76.0,57.0,54.0,50.0,22.0,89.0,2005-07-11
76,Nour,Ali,54.0,17.0,42.0,73.0,78.0,54.0,72.0,2005-09-26
1095,Mona,Hegazy,11.0,53.0,74.0,68.0,21.0,0.0,53.0,2003-05-22
790,Sara,Salem,17.0,38.0,0.0,25.0,83.0,78.0,51.0,2001-08-05
581,Unknown,Salem,3.0,0.0,93.0,84.0,0.0,28.0,89.0,2004-06-01
447,Omar,Ibrahim,75.0,77.0,50.0,43.0,14.0,76.0,53.0,2002-07-14
704,Mona,Salem,65.0,20.0,0.0,3.0,18.0,76.0,99.0,2003-10-18
189,Mona,Ibrahim,70.0,80.0,41.0,7.0,61.0,63.0,88.0,2002-01-03
272,Fatma,Salem,91.0,51.0,55.0,11.0,20.0,74.0,51.0,2005-09-04
237,Youssef,Hegazy,84.0,22.0,70.0,91.0,14.0,84.0,56.0,2004-02-29
488,Omar,Hegazy,83.0,62.0,67.0,14.0,78.0,22.0,89.0,2005-10-22
560,Laila,Ali,53.0,5.0,69.0,85.0,77.0,77.0,64.0,2002-01-31
118,Youssef,Mahmoud,36.0,61.0,48.0,0.0,89.0,77.0,53.0,2004-12-26
638,Khaled,Mostafa,48.0,75.0,3.0,0.0,49.0,27.0,81.0,2002-05-01
1132,Laila,Tarek,67.0,52.0,0.0,60.0,93.0,26.0,60.0,2005-12-26
802,Unknown,Fathy,33.0,80.0,75.0,48.0,0.0,39.0,54.0,2005-10-22
751,Khaled,Tarek,44.0,86.0,92.0,89.0,46.0,41.0,85.0,2001-10-14
513,Unknown,Hassan,58.0,78.0,87.0,53.0,75.0,49.0,53.0,2005-01-15
634,Sara,Ibrahim,0.0,80.0,92.0,60.0,92.0,99.0,93.0,2003-04-02
1142,Youssef,Hassan,75.0,40.0,76.0,68.0,89.0,22.0,81.0,2003-01-21
1068,Youssef,Salem,54.0,5.0,48.0,98.0,78.0,80.0,71.0,2001-02-17
127,Laila,Hegazy,89.0,75.0,54.0,12.0,23.0,39.0,80.0,2002-06-24
791,Nour,Said,91.0,30.0,53.0,76.0,49.0,38.0,57.0,2005-06-14
830,Khaled,Mostafa,100.0,1.0,79.0,75.0,12.0,16.0,64.0,2003-12-28
117,Nour,Hassan,63.0,71.0,0.0,21.0,93.0,53.0,86.0,2001-10-21
474,Khaled,Fathy,39.0,5.0,58.0,89.0,83.0,0.0,95.0,2002-01-13
741,Laila,Salem,24.0,78.0,9.0,0.0,17.0,18.0,70.0,2005-01-22
1063,Mona,Salem,56.0,37.0,52.0,42.0,70.0,69.0,90.0,2002-02-20
58,Mona,Unknown,18.0,39.0,9.0,93.0,78.0,79.0,70.0,2003-02-26
604,Omar,Ibrahim,89.0,73.0,91.0,91.0,43.0,71.0,51.0,2002-02-18
787,Unknown,Fathy,28.0,15.0,73.0,32.0,1.0,62.0,71.0,2001-06-22
831,Hassan,Hegazy,36.0,59.0,15.0,59.0,99.0,17.0,51.0,2005-09-05
120,Hassan,Salem,48.0,5.0,94.0,30.0,96.0,77.0,75.0,2003-10-24
657,Youssef,Hassan,0.0,3.0,64.0,36.0,0.0,4.0,59.0,2003-03-29
1006,Fatma,Mostafa,34.0,83.0,44.0,20.0,7.0,56.0,75.0,2002-04-24
670,Nour,Ali,68.0,12.0,1.0,82.0,86.0,58.0,75.0,2002-01-04
106,Khaled,Unknown,0.0,52.0,61.0,69.0,54.0,46.0,66.0,2005-04-20
636,Fatma,Ali,87.0,63.0,50.0,67.0,43.0,44.0,52.0,2004-08-12
370,Youssef,Hegazy,8.0,0.0,71.0,84.0,14.0,24.0,74.0,2004-08-29
269,Ahmed,Said,84.0,35.0,43.0,42.0,3.0,14.0,93.0,2005-09-15
656,Khaled,Fathy,44.0,76.0,81.0,40.0,0.0,3.0,52.0,2004-01-27
820,Omar,Tarek,45.0,42.0,44.0,49.0,15.0,0.0,89.0,2002-06-17
823,Khaled,Fathy,50.0,11.0,64.0,55.0,0.0,37.0,56.0,2002-02-12
942,Khaled,Hassan,47.0,43.0,3.0,76.0,78.0,97.0,74.0,2001-03-14
47,Sara,Unknown,57.0,39.0,50.0,53.0,7.0,94.0,52.0,2003-01-23
350,Sara,Hassan,33.0,61.0,84.0,4.0,17.0,26.0,62.0,2005-03-14
1172,Youssef,Fathy,83.0,49.0,98.0,41.0,61.0,28.0,75.0,2002-04-03
877,Mona,Fathy,50.0,23.0,59.0,31.0,63.0,62.0,90.0,2001-03-07
774,Fatma,Ibrahim,33.0,82.0,41.0,97.0,94.0,22.0,55.0,2003-01-09
196,Fatma,Said,57.0,0.0,59.0,16.0,72.0,0.0,64.0,2004-11-15
103,Youssef,Mostafa,49.0,62.0,38.0,16.0,46.0,26.0,83.0,2001-06-01
5,Youssef,Mostafa,80.0,0.0,0.0,76.0,5.0,33.0,59.0,2005-11-19
620,Hassan,Ali,60.0,24.0,37.0,18.0,57.0,81.0,71.0,2001-09-25
572,Nour,Fathy,37.0,66.0,36.0,63.0,46.0,5.0,77.0,2005-09-09
53,Laila,Tarek,81.0,38.0,4.0,75.0,77.0,34.0,75.0,2005-04-29
264,Omar,Hegazy,19.0,67.0,0.0,46.0,74.0,69.0,0.0,2005-06-03
1148,Sara,Mahmoud,89.0,90.0,37.0,33.0,4.0,23.0,60.0,2004-03-07
444,Laila,Mahmoud,45.0,16.0,85.0,78.0,42.0,30.0,87.0,2001-05-22
1049,Sara,Mahmoud,54.0,55.0,42.0,89.0,65.0,92.0,61.0,2005-01-07
783,Sara,Ali,64.0,0.0,72.0,59.0,20.0,54.0,86.0,2005-10-05
838,Youssef,Hassan,17.0,95.0,97.0,67.0,39.0,83.0,99.0,2003-07-07
945,Omar,Tarek,44.0,53.0,6.0,87.0,0.0,77.0,74.0,2005-10-23
692,Mona,Fathy,27.0,70.0,60.0,70.0,29.0,24.0,55.0,2004-06-24
305,Omar,Mahmoud,35.0,33.0,35.0,28.0,44.0,42.0,75.0,2002-07-31
342,Hassan,Hegazy,10.0,29.0,59.0,66.0,28.0,1.0,77.0,2005-11-25
968,Sara,Hegazy,53.0,4.0,24.0,30.0,98.0,34.0,88.0,2001-03-22
314,Nour,Said,81.0,66.0,87.0,65.0,52.0,84.0,89.0,2003-10-23
150,Hassan,Ali,29.0,35.0,67.0,27.0,32.0,53.0,50.0,2002-05-04
125,Ahmed,Hassan,99.0,2.0,42.0,22.0,0.0,80.0,67.0,2004-08-30
1117,Fatma,Ibrahim,7.0,13.0,96.0,82.0,46.0,99.0,73.0,2002-10-31
575,Hassan,Mahmoud,50.0,16.0,0.0,0.0,29.0,2.0,52.0,2001-12-30
698,Khaled,Mostafa,40.0,99.0,14.0,0.0,93.0,38.0,100.0,2001-01-06
665,Youssef,Hegazy,60.0,6.0,42.0,89.0,92.0,28.0,95.0,2004-08-06
51,Omar,Ali,33.0,78.0,37.0,85.0,87.0,45.0,51.0,2001-05-24
1011,Nour,Salem,33.0,32.0,29.0,66.0,47.0,21.0,92.0,2001-12-15
727,Fatma,Tarek,0.0,33.0,71.0,70.0,93.0,49.0,100.0,2001-04-23
800,Hassan,Hassan,68.0,11.0,86.0,47.0,49.0,25.0,52.0,2004-06-18
834,Mona,Mahmoud,34.0,83.0,53.0,2.0,62.0,59.0,67.0,2003-10-03
354,Hassan,Mahmoud,58.0,0.0,46.0,92.0,95.0,59.0,76.0,2005-07-15
143,Hassan,Said,83.0,44.0,85.0,71.0,92.0,22.0,67.0,2005-06-20
471,Youssef,Fathy,77.0,4.0,23.0,62.0,66.0,43.0,94.0,2005-05-10
883,Sara,Fathy,18.0,65.0,54.0,84.0,52.0,65.0,71.0,2001-01-09
654,Omar,Fathy,76.0,75.0,35.0,2.0,77.0,58.0,66.0,2003-06-06
400,Fatma,Fathy,46.0,38.0,22.0,74.0,15.0,10.0,74.0,2002-10-31
1001,Ahmed,Salem,4.0,52.0,43.0,44.0,11.0,64.0,51.0,2005-08-08
1020,Khaled,Mostafa,2.0,72.0,1.0,52.0,99.0,38.0,97.0,2005-07-06
321,Mona,Salem,6.0,14.0,68.0,72.0,88.0,6.0,64.0,2002-06-22
20,Sara,Said,3.0,61.0,100.0,95.0,59.0,33.0,90.0,2004-10-23
685,Nour,Mahmoud,67.0,75.0,48.0,40.0,55.0,26.0,92.0,2003-03-19
36,Khaled,Fathy,44.0,54.0,77.0,94.0,39.0,96.0,0.0,2001-03-10
825,Laila,Salem,5.0,26.0,73.0,59.0,5.0,17.0,88.0,2004-04-13
903,Khaled,Salem,91.0,35.0,79.0,26.0,76.0,7.0,66.0,2004-03-25
506,Mona,Fathy,32.0,31.0,21.0,37.0,80.0,59.0,0.0,2002-06-03
828,Fatma,Mahmoud,29.0,48.0,27.0,16.0,59.0,59.0,58.0,2001-11-28
1126,Fatma,Mahmoud,64.0,92.0,91.0,60.0,58.0,73.0,77.0,2005-03-26
408,Nour,Ibrahim,16.0,91.0,0.0,24.0,52.0,61.0,92.0,2003-05-27
921,Unknown,Ibrahim,74.0,22.0,72.0,64.0,16.0,57.0,96.0,2005-11-29
818,Fatma,Ibrahim,25.0,39.0,85.0,59.0,36.0,29.0,55.0,2003-04-25
867,Nour,Fathy,67.0,95.0,1.0,26.0,23.0,98.0,71.0,2003-07-13
538,Nour,Ali,47.0,70.0,66.0,60.0,84.0,67.0,69.0,2001-01-04
759,Hassan,Hegazy,66.0,33.0,72.0,69.0,61.0,83.0,96.0,2002-12-22
1123,Omar,Said,28.0,66.0,11.0,96.0,61.0,64.0,99.0,2002-02-17
1194,Nour,Salem,30.0,3.0,33.0,46.0,77.0,69.0,57.0,2003-03-26
39,Unknown,Hegazy,70.0,97.0,37.0,19.0,76.0,7.0,76.0,2005-11-04
176,Ahmed,Said,49.0,16.0,83.0,48.0,38.0,26.0,67.0,2005-05-27
246,Fatma,Unknown,50.0,48.0,53.0,65.0,62.0,81.0,75.0,2002-10-21
811,Omar,Fathy,29.0,70.0,0.0,64.0,11.0,29.0,54.0,2003-11-16
1140,Youssef,Hegazy,69.0,80.0,0.0,6.0,9.0,4.0,68.0,2002-10-26
1156,Youssef,Unknown,46.0,16.0,26.0,3.0,96.0,83.0,73.0,2005-07-13
1046,Mona,Tarek,7.0,27.0,43.0,99.0,79.0,0.0,67.0,2003-09-11
785,Fatma,Mostafa,19.0,0.0,0.0,0.0,75.0,0.0,73.0,2004-01-10
490,Sara,Mostafa,70.0,80.0,77.0,40.0,93.0,53.0,67.0,2002-01-14
155,Hassan,Said,54.0,16.0,86.0,3.0,78.0,34.0,66.0,2004-10-27
639,Unknown,Mostafa,40.0,41.0,2.0,94.0,71.0,25.0,0.0,2002-09-03
663,Omar,Hassan,60.0,78.0,0.0,55.0,66.0,0.0,59.0,2005-05-28
854,Mona,Mostafa,52.0,79.0,86.0,64.0,54.0,38.0,87.0,2002-09-19
943,Fatma,Tarek,72.0,16.0,11.0,56.0,75.0,42.0,100.0,2004-06-29
288,Khaled,Tarek,5.0,96.0,19.0,81.0,16.0,88.0,96.0,2005-05-16
626,Unknown,Mahmoud,19.0,98.0,14.0,44.0,51.0,46.0,50.0,2005-09-08
1184,Mona,Hassan,46.0,30.0,0.0,97.0,41.0,84.0,51.0,2004-03-28
686,Sara,Unknown,93.0,100.0,0.0,99.0,26.0,70.0,61.0,2004-09-27
1069,Ahmed,Mostafa,22.0,45.0,41.0,37.0,96.0,85.0,91.0,2003-08-06
974,Mona,Mostafa,75.0,21.0,92.0,79.0,91.0,87.0,50.0,2002-02-26
570,Omar,Hegazy,20.0,5.0,92.0,96.0,47.0,91.0,71.0,2003-06-02
735,Youssef,Said,89.0,51.0,30.0,62.0,62.0,89.0,59.0,2005-08-28
793,Omar,Tarek,42.0,0.0,5.0,91.0,77.0,64.0,87.0,2003-03-31
18,Fatma,Said,57.0,45.0,11.0,27.0,86.0,59.0,59.0,2003-12-05
128,Khaled,Said,3.0,48.0,87.0,88.0,14.0,38.0,76.0,2002-10-28
323,Sara,Fathy,0.0,75.0,41.0,56.0,0.0,93.0,89.0,2001-06-23
256,Omar,Hegazy,98.0,16.0,18.0,95.0,56.0,63.0,78.0,2002-04-26
1036,Nour,Tarek,59.0,42.0,43.0,94.0,45.0,76.0,92.0,2005-08-11
928,Fatma,Mahmoud,74.0,77.0,13.0,39.0,86.0,91.0,55.0,2003-07-22
191,Laila,Mostafa,41.0,82.0,76.0,2.0,36.0,81.0,65.0,2003-12-05
116,Khaled,Salem,92.0,71.0,86.0,55.0,92.0,13.0,78.0,2004-10-25
992,Mona,Mostafa,64.0,53.0,56.0,57.0,18.0,0.0,0.0,2005-10-12
607,Nour,Mahmoud,82.0,68.0,19.0,95.0,51.0,0.0,89.0,2005-03-24
181,Youssef,Hegazy,14.0,93.0,43.0,57.0,81.0,85.0,53.0,2005-08-08
302,Fatma,Ibrahim,23.0,87.0,70.0,55.0,30.0,22.0,59.0,2001-06-04
497,Youssef,Unknown,37.0,0.0,80.0,16.0,98.0,0.0,83.0,2005-03-04
349,Sara,Mostafa,12.0,84.0,64.0,74.0,0.0,71.0,81.0,2002-07-27
1088,Ahmed,Salem,62.0,36.0,97.0,11.0,9.0,27.0,70.0,2004-09-25
37,Unknown,Mahmoud,19.0,52.0,74.0,16.0,50.0,83.0,62.0,2003-09-26
745,Omar,Said,27.0,31.0,83.0,73.0,46.0,0.0,63.0,2002-12-21
1137,Sara,Mostafa,12.0,88.0,96.0,95.0,37.0,70.0,56.0,2004-08-18
1043,Laila,Tarek,33.0,22.0,76.0,28.0,63.0,85.0,0.0,2005-06-24
518,Khaled,Hassan,67.0,91.0,40.0,57.0,23.0,86.0,93.0,2003-07-17
373,Unknown,Ibrahim,82.0,66.0,33.0,12.0,23.0,83.0,0.0,2003-05-07
46,Khaled,Ibrahim,79.0,75.0,100.0,0.0,52.0,89.0,66.0,2001-03-30
477,Laila,Tarek,25.0,63.0,67.0,63.0,80.0,8.0,61.0,2002-07-21
158,Omar,Ibrahim,9.0,71.0,78.0,46.0,79.0,32.0,64.0,2005-09-19
1100,Youssef,Hegazy,97.0,48.0,26.0,88.0,94.0,61.0,78.0,2003-08-07
172,Ahmed,Ali,81.0,60.0,77.0,17.0,10.0,31.0,56.0,2002-12-11
17,Sara,Ali,100.0,91.0,43.0,10.0,34.0,7.0,66.0,2001-10-29
512,Hassan,Fathy,98.0,36.0,11.0,73.0,29.0,24.0,82.0,2002-07-06
49,Youssef,Hassan,3.0,14.0,42.0,2.0,39.0,42.0,89.0,2004-01-05
192,Youssef,Hassan,25.0,14.0,68.0,66.0,0.0,63.0,84.0,2005-05-16
547,Nour,Hegazy,67.0,38.0,31.0,32.0,63.0,68.0,57.0,2005-12-07
516,Nour,Mostafa,40.0,58.0,38.0,30.0,50.0,75.0,93.0,2003-09-07
659,Ahmed,Mahmoud,18.0,89.0,98.0,14.0,19.0,99.0,89.0,2002-09-29
1033,Hassan,Mahmoud,16.0,51.0,1.0,34.0,95.0,16.0,95.0,2005-05-30
829,Mona,Mostafa,0.0,15.0,99.0,48.0,11.0,20.0,77.0,2001-07-07
1056,Youssef,Salem,29.0,54.0,54.0,2.0,90.0,82.0,64.0,2004-01-30
481,Laila,Hassan,82.0,13.0,53.0,65.0,56.0,52.0,69.0,2005-08-14
960,Mona,Unknown,30.0,53.0,99.0,74.0,0.0,51.0,63.0,2002-06-17
1186,Nour,Ibrahim,77.0,36.0,78.0,23.0,4.0,63.0,98.0,2001-02-22
284,Omar,Mahmoud,43.0,41.0,62.0,29.0,72.0,46.0,72.0,2001-07-08
1082,Fatma,Mostafa,27.0,24.0,21.0,56.0,95.0,47.0,72.0,2001-06-22
798,Nour,Mostafa,37.0,25.0,57.0,56.0,40.0,27.0,50.0,2001-04-28
226,Nour,Mostafa,40.0,61.0,96.0,10.0,0.0,20.0,69.0,2005-01-04
27,Unknown,Hassan,84.0,43.0,0.0,9.0,95.0,0.0,94.0,2003-06-09
283,Mona,Ibrahim,71.0,0.0,6.0,32.0,2.0,50.0,97.0,2002-03-08
438,Khaled,Tarek,14.0,61.0,69.0,13.0,18.0,22.0,76.0,2001-09-18
365,Unknown,Mahmoud,4.0,90.0,38.0,38.0,34.0,94.0,52.0,2002-01-24
230,Hassan,Hassan,16.0,16.0,48.0,75.0,51.0,52.0,58.0,2005-08-17
38,Youssef,Unknown,16.0,55.0,41.0,74.0,4.0,29.0,90.0,2001-08-06
750,Khaled,Fathy,98.0,19.0,40.0,55.0,58.0,7.0,83.0,2001-03-25
470,Hassan,Mahmoud,29.0,46.0,20.0,67.0,89.0,50.0,91.0,2003-10-11
1097,Laila,Fathy,77.0,3.0,71.0,30.0,33.0,70.0,68.0,2001-05-22
688,Mona,Mostafa,35.0,22.0,2.0,74.0,61.0,88.0,67.0,2004-04-13
640,Fatma,Tarek,16.0,81.0,63.0,66.0,87.0,22.0,51.0,2005-04-27
1091,Sara,Said,58.0,87.0,19.0,38.0,88.0,89.0,57.0,2003-03-01
1053,Mona,Said,38.0,11.0,0.0,32.0,62.0,42.0,76.0,2003-12-31
1143,Khaled,Said,50.0,73.0,38.0,91.0,54.0,42.0,59.0,2003-03-03
801,Ahmed,Said,7.0,94.0,1.0,71.0,1.0,27.0,58.0,2004-10-01
161,Mona,Ali,53.0,45.0,15.0,37.0,58.0,44.0,97.0,2001-03-15
957,Laila,Mahmoud,12.0,16.0,8.0,86.0,56.0,100.0,56.0,2003-11-01
822,Hassan,Ali,90.0,0.0,76.0,72.0,42.0,59.0,56.0,2001-08-22
1070,Unknown,Hegazy,31.0,41.0,75.0,87.0,12.0,97.0,56.0,2001-07-06
878,Khaled,Mahmoud,0.0,26.0,55.0,31.0,49.0,78.0,72.0,2001-03-16
914,Fatma,Mahmoud,25.0,32.0,53.0,80.0,11.0,98.0,52.0,2004-07-27
153,Mona,Hegazy,6.0,14.0,30.0,0.0,2.0,51.0,50.0,2004-10-16
1152,Nour,Hegazy,90.0,52.0,49.0,37.0,51.0,36.0,58.0,2004-11-12
510,Unknown,Hassan,74.0,57.0,59.0,77.0,30.0,1.0,76.0,2005-08-05
1157,Laila,Tarek,22.0,3.0,40.0,38.0,0.0,96.0,82.0,2005-04-11
104,Youssef,Fathy,2.0,37.0,89.0,18.0,79.0,6.0,85.0,2003-07-15
587,Nour,Ali,65.0,34.0,47.0,27.0,16.0,34.0,80.0,2005-09-07
1115,Youssef,Said,87.0,96.0,100.0,48.0,92.0,77.0,80.0,2005-05-28
54,Sara,Said,18.0,12.0,92.0,73.0,2.0,38.0,80.0,2005-04-14
152,Unknown,Tarek,91.0,0.0,43.0,64.0,64.0,85.0,68.0,2002-05-11
404,Khaled,Ali,56.0,62.0,54.0,93.0,82.0,62.0,62.0,2003-07-03
208,Omar,Tarek,84.0,98.0,16.0,52.0,0.0,0.0,96.0,2004-01-21
1192,Sara,Said,12.0,47.0,50.0,18.0,69.0,64.0,69.0,2001-03-16
9,Fatma,Tarek,0.0,63.0,15.0,14.0,17.0,55.0,64.0,2001-06-07
1015,Fatma,Said,29.0,68.0,89.0,63.0,53.0,88.0,56.0,2002-02-13
453,Ahmed,Hassan,78.0,60.0,6.0,14.0,3.0,16.0,63.0,2003-08-03
254,Fatma,Said,58.0,82.0,56.0,83.0,72.0,0.0,95.0,2005-11-22
897,Hassan,Hassan,53.0,13.0,67.0,16.0,29.0,69.0,82.0,2003-07-19
1102,Omar,Tarek,75.0,10.0,95.0,96.0,38.0,18.0,82.0,2002-08-19
881,Ahmed,Ali,85.0,56.0,53.0,0.0,94.0,15.0,55.0,2001-07-20
1190,Khaled,Mahmoud,81.0,45.0,12.0,70.0,33.0,70.0,77.0,2005-03-25
624,Hassan,Said,0.0,97.0,97.0,23.0,31.0,81.0,82.0,2005-03-15
346,Fatma,Fathy,62.0,83.0,82.0,90.0,59.0,51.0,50.0,2005-11-10
263,Mona,Hassan,0.0,36.0,39.0,61.0,4.0,76.0,85.0,2002-11-20
151,Omar,Mostafa,85.0,96.0,94.0,36.0,0.0,19.0,87.0,2004-07-16
473,Nour,Hassan,24.0,19.0,23.0,96.0,71.0,12.0,0.0,2002-11-20
641,Ahmed,Said,87.0,53.0,28.0,1.0,19.0,78.0,56.0,2003-07-04
1187,Nour,Hegazy,98.0,16.0,51.0,72.0,88.0,44.0,77.0,2003-03-17
551,Mona,Hassan,87.0,44.0,49.0,61.0,68.0,37.0,0.0,2001-11-15
929,Fatma,Ibrahim,63.0,0.0,58.0,37.0,27.0,29.0,67.0,2002-08-22
489,Laila,Ibrahim,44.0,34.0,45.0,9.0,85.0,76.0,71.0,2004-07-20
147,Unknown,Hassan,84.0,0.0,54.0,95.0,67.0,22.0,76.0,2001-02-03
403,Youssef,Tarek,74.0,71.0,37.0,17.0,0.0,98.0,70.0,2004-01-06
955,Laila,Mahmoud,58.0,30.0,68.0,81.0,77.0,90.0,85.0,2004-08-27
1182,Hassan,Ali,40.0,46.0,84.0,77.0,44.0,16.0,64.0,2003-03-16
660,Khaled,Unknown,75.0,58.0,34.0,7.0,35.0,44.0,67.0,2005-05-13
464,Fatma,Ibrahim,13.0,57.0,0.0,22.0,11.0,69.0,62.0,2005-11-19
187,Khaled,Ibrahim,14.0,20.0,9.0,71.0,50.0,0.0,100.0,2003-04-03
609,Mona,Salem,56.0,86.0,60.0,55.0,52.0,23.0,65.0,2001-01-07
144,Youssef,Mahmoud,23.0,41.0,85.0,58.0,26.0,97.0,78.0,2002-04-13
752,Sara,Said,72.0,74.0,79.0,20.0,94.0,75.0,50.0,2005-06-13
982,Sara,Hegazy,93.0,0.0,13.0,80.0,97.0,63.0,71.0,2001-11-26
198,Laila,Ali,81.0,86.0,20.0,8.0,3.0,3.0,92.0,2002-03-07
884,Fatma,Ibrahim,36.0,28.0,88.0,73.0,24.0,89.0,98.0,2004-05-31
280,Youssef,Mostafa,65.0,98.0,65.0,61.0,25.0,38.0,87.0,2001-08-03
294,Omar,Fathy,0.0,3.0,62.0,44.0,14.0,7.0,71.0,2001-04-14
1144,Omar,Salem,36.0,9.0,32.0,71.0,19.0,88.0,90.0,2004-01-23
401,Khaled,Hassan,81.0,89.0,47.0,11.0,9.0,0.0,58.0,2004-01-13
123,Omar,Hassan,63.0,98.0,47.0,40.0,0.0,0.0,69.0,2005-12-08
203,Hassan,Mostafa,36.0,51.0,84.0,0.0,0.0,45.0,0.0,2001-06-28
836,Mona,Fathy,5.0,27.0,15.0,56.0,49.0,11.0,99.0,2005-06-05
247,Ahmed,Fathy,38.0,98.0,24.0,0.0,67.0,11.0,53.0,2002-06-07
1197,Mona,Tarek,8.0,0.0,58.0,32.0,39.0,58.0,100.0,2001-05-26
385,Youssef,Mostafa,75.0,0.0,4.0,50.0,0.0,59.0,0.0,2003-03-25
855,Mona,Tarek,86.0,0.0,70.0,87.0,50.0,99.0,88.0,2004-03-29
220,Fatma,Hassan,60.0,71.0,18.0,47.0,96.0,59.0,77.0,2001-05-27
642,Mona,Mahmoud,20.0,74.0,10.0,88.0,13.0,35.0,83.0,2003-04-19
2,Laila,Fathy,57.0,35.0,22.0,0.0,89.0,71.0,85.0,2004-06-11
113,Khaled,Salem,45.0,21.0,72.0,74.0,44.0,23.0,82.0,2002-03-31
699,Sara,Ibrahim,38.0,46.0,15.0,85.0,24.0,88.0,58.0,2003-04-08
952,Omar,Tarek,62.0,78.0,73.0,82.0,68.0,46.0,66.0,2002-07-15
1134,Mona,Fathy,0.0,37.0,27.0,29.0,0.0,64.0,68.0,2003-12-17
442,Sara,Hegazy,0.0,89.0,66.0,0.0,12.0,86.0,72.0,2005-03-04
664,Khaled,Ali,11.0,71.0,24.0,46.0,38.0,10.0,58.0,2004-10-11
1151,Laila,Hegazy,59.0,0.0,45.0,68.0,0.0,16.0,69.0,2003-09-13
318,Fatma,Ibrahim,69.0,57.0,50.0,71.0,29.0,37.0,66.0,2001-05-21
649,Mona,Tarek,12.0,5.0,38.0,88.0,70.0,73.0,52.0,2002-08-19
710,Laila,Ibrahim,81.0,0.0,20.0,92.0,0.0,76.0,66.0,2003-03-29
973,Mona,Hassan,79.0,94.0,78.0,52.0,50.0,7.0,50.0,2003-11-01
628,Omar,Said,89.0,10.0,25.0,81.0,65.0,46.0,64.0,2003-03-05
633,Hassan,Tarek,61.0,6.0,63.0,43.0,92.0,0.0,0.0,2003-12-14
1162,Unknown,Ibrahim,32.0,70.0,61.0,71.0,26.0,82.0,76.0,2003-09-04
796,Youssef,Hassan,10.0,0.0,52.0,40.0,7.0,8.0,0.0,2005-08-18
646,Khaled,Ali,54.0,58.0,26.0,71.0,33.0,37.0,92.0,2001-03-17
1013,Mona,Ali,77.0,59.0,28.0,31.0,8.0,0.0,63.0,2005-04-20
557,Ahmed,Mostafa,0.0,3.0,16.0,0.0,100.0,34.0,88.0,2002-10-26
682,Fatma,Hassan,81.0,27.0,75.0,39.0,52.0,55.0,100.0,2003-10-06
578,Omar,Ibrahim,70.0,62.0,17.0,14.0,25.0,98.0,64.0,2002-07-28
1110,Sara,Tarek,95.0,25.0,38.0,76.0,64.0,88.0,50.0,2002-01-24
525,Youssef,Salem,15.0,95.0,56.0,66.0,73.0,93.0,99.0,2002-04-10
1060,Fatma,Hegazy,18.0,41.0,25.0,67.0,85.0,38.0,83.0,2002-04-02
541,Mona,Mahmoud,66.0,98.0,74.0,85.0,22.0,83.0,58.0,2005-08-31
749,Omar,Mostafa,35.0,4.0,22.0,35.0,74.0,57.0,64.0,2005-01-05
1165,Laila,Salem,16.0,72.0,69.0,20.0,73.0,59.0,84.0,2005-12-23
485,Fatma,Ali,18.0,43.0,88.0,10.0,0.0,97.0,62.0,2003-11-13
96,Nour,Tarek,74.0,3.0,89.0,67.0,39.0,5.0,83.0,2002-04-17
1021,Khaled,Ibrahim,13.0,38.0,61.0,50.0,25.0,73.0,100.0,2004-07-15
564,Mona,Tarek,14.0,39.0,37.0,70.0,73.0,27.0,56.0,2004-10-25
743,Hassan,Ali,23.0,19.0,79.0,85.0,76.0,50.0,67.0,2002-04-26
864,Omar,Salem,20.0,89.0,100.0,14.0,61.0,49.0,57.0,2002-06-02
892,Laila,Mostafa,18.0,9.0,87.0,74.0,67.0,45.0,94.0,2001-09-09
1039,Khaled,Said,89.0,71.0,46.0,2.0,38.0,70.0,91.0,2005-03-03
207,Laila,Ali,88.0,43.0,8.0,34.0,40.0,6.0,57.0,2005-10-19
393,Ahmed,Mahmoud,32.0,64.0,24.0,67.0,77.0,99.0,0.0,2001-05-11
795,Hassan,Mahmoud,90.0,84.0,69.0,100.0,0.0,55.0,77.0,2002-12-12
871,Laila,Hegazy,23.0,38.0,19.0,57.0,36.0,37.0,52.0,2004-06-18
398,Mona,Tarek,40.0,91.0,21.0,99.0,63.0,44.0,64.0,2002-07-08
767,Hassan,Hassan,47.0,93.0,42.0,90.0,3.0,21.0,59.0,2001-02-13
1029,Youssef,Said,82.0,59.0,34.0,55.0,39.0,25.0,0.0,2003-08-07
643,Ahmed,Mahmoud,50.0,15.0,96.0,48.0,4.0,90.0,81.0,2005-06-26
613,Nour,Ali,13.0,97.0,26.0,91.0,7.0,37.0,55.0,2004-03-27
961,Hassan,Mostafa,79.0,61.0,99.0,30.0,12.0,56.0,65.0,2005-09-09
726,Laila,Said,1.0,86.0,20.0,63.0,45.0,77.0,55.0,2005-12-27
684,Nour,Said,65.0,46.0,0.0,37.0,75.0,93.0,67.0,2003-01-16
99,Hassan,Salem,15.0,24.0,87.0,69.0,58.0,85.0,67.0,2003-11-15
805,Hassan,Ali,75.0,91.0,19.0,64.0,5.0,26.0,61.0,2002-07-03
407,Omar,Fathy,21.0,53.0,87.0,83.0,0.0,11.0,53.0,2003-03-25
503,Ahmed,Mahmoud,29.0,49.0,91.0,92.0,36.0,20.0,81.0,2004-09-28
1072,Ahmed,Tarek,73.0,64.0,65.0,28.0,95.0,7.0,95.0,2002-03-20
1057,Laila,Mahmoud,52.0,77.0,66.0,86.0,28.0,62.0,96.0,2005-02-13
930,Youssef,Mahmoud,80.0,77.0,96.0,84.0,15.0,99.0,50.0,2004-08-10
780,Nour,Ali,36.0,9.0,45.0,80.0,77.0,79.0,67.0,2002-08-15
201,Mona,Hegazy,86.0,32.0,91.0,20.0,20.0,87.0,64.0,2002-05-11
135,Sara,Fathy,69.0,88.0,26.0,34.0,71.0,62.0,69.0,2005-07-22
1052,Omar,Mahmoud,52.0,50.0,100.0,90.0,8.0,70.0,73.0,2001-05-15
41,Hassan,Fathy,92.0,21.0,52.0,72.0,79.0,60.0,66.0,2002-08-07
1018,Youssef,Mostafa,98.0,83.0,8.0,67.0,93.0,68.0,60.0,2002-11-06
231,Laila,Tarek,97.0,96.0,35.0,72.0,0.0,37.0,94.0,2004-06-24
379,Unknown,Tarek,72.0,74.0,8.0,80.0,72.0,65.0,90.0,2005-08-15
289,Ahmed,Ali,38.0,62.0,72.0,91.0,62.0,12.0,75.0,2005-10-20
419,Khaled,Ibrahim,65.0,75.0,65.0,95.0,45.0,25.0,91.0,2005-07-23
392,Khaled,Mahmoud,61.0,1.0,63.0,0.0,43.0,80.0,50.0,2003-11-13
593,Omar,Mahmoud,71.0,76.0,53.0,77.0,85.0,34.0,64.0,2001-05-30
1163,Khaled,Mahmoud,23.0,93.0,28.0,19.0,17.0,69.0,70.0,2003-12-18
1087,Sara,Hassan,29.0,50.0,7.0,76.0,53.0,54.0,80.0,2003-09-15
648,Hassan,Tarek,38.0,15.0,20.0,26.0,44.0,99.0,63.0,2001-04-23
1153,Sara,Salem,88.0,59.0,37.0,97.0,9.0,12.0,57.0,2001-08-03
521,Laila,Ibrahim,1.0,3.0,11.0,38.0,10.0,37.0,98.0,2004-02-18
65,Sara,Tarek,29.0,79.0,24.0,0.0,43.0,19.0,88.0,2002-01-04
15,Mona,Salem,55.0,30.0,52.0,0.0,43.0,90.0,78.0,2002-08-17
1065,Sara,Hassan,85.0,42.0,42.0,0.0,47.0,58.0,53.0,2001-03-11
493,Fatma,Hegazy,72.0,19.0,5.0,72.0,97.0,77.0,92.0,2003-04-24
380,Omar,Fathy,0.0,60.0,72.0,37.0,56.0,0.0,93.0,2005-07-16
188,Nour,Hegazy,47.0,54.0,95.0,91.0,75.0,0.0,57.0,2003-09-23
764,Hassan,Ibrahim,0.0,6.0,28.0,0.0,5.0,78.0,71.0,2005-11-08
217,Fatma,Ali,32.0,77.0,37.0,46.0,83.0,19.0,58.0,2004-06-19
792,Mona,Tarek,0.0,87.0,66.0,58.0,47.0,96.0,82.0,2004-08-01
1077,Ahmed,Hassan,51.0,46.0,84.0,18.0,57.0,59.0,54.0,2004-02-29
879,Laila,Hegazy,0.0,1.0,0.0,98.0,86.0,76.0,54.0,2003-04-30
338,Hassan,Ibrahim,18.0,54.0,8.0,13.0,71.0,44.0,0.0,2002-12-22
720,Laila,Said,92.0,68.0,10.0,57.0,45.0,54.0,0.0,2002-03-31
296,Ahmed,Salem,68.0,26.0,99.0,78.0,2.0,84.0,0.0,2004-04-14
1017,Mona,Mostafa,74.0,75.0,0.0,68.0,84.0,58.0,0.0,2001-06-08
456,Nour,Mahmoud,5.0,26.0,3.0,33.0,0.0,21.0,73.0,2003-04-06
816,Sara,Mostafa,44.0,25.0,74.0,48.0,94.0,11.0,58.0,2001-10-13
270,Khaled,Ibrahim,78.0,57.0,97.0,7.0,1.0,49.0,97.0,2002-03-30
996,Nour,Fathy,0.0,0.0,96.0,16.0,0.0,30.0,50.0,2005-04-24
202,Ahmed,Fathy,89.0,0.0,77.0,75.0,24.0,83.0,91.0,2003-06-18
162,Fatma,Hassan,94.0,71.0,36.0,11.0,0.0,18.0,88.0,2002-04-23
730,Mona,Salem,34.0,61.0,63.0,26.0,45.0,55.0,67.0,2005-06-07
402,Ahmed,Hegazy,57.0,76.0,19.0,61.0,65.0,19.0,66.0,2003-06-03
703,Sara,Mostafa,73.0,76.0,2.0,72.0,4.0,97.0,73.0,2002-04-30
1130,Fatma,Hegazy,33.0,50.0,4.0,62.0,0.0,60.0,58.0,2003-11-06
566,Nour,Mostafa,25.0,72.0,85.0,12.0,35.0,99.0,55.0,2003-08-04
1022,Nour,Ali,59.0,3.0,2.0,0.0,33.0,6.0,51.0,2002-07-03
1026,Hassan,Ibrahim,33.0,0.0,50.0,66.0,54.0,51.0,77.0,2004-07-27
1105,Omar,Hassan,56.0,86.0,0.0,9.0,69.0,48.0,93.0,2002-02-09
206,Laila,Salem,18.0,0.0,48.0,0.0,42.0,87.0,68.0,2004-10-31
35,Unknown,Hassan,56.0,56.0,57.0,29.0,99.0,68.0,63.0,2005-03-04
776,Omar,Ali,27.0,52.0,41.0,70.0,31.0,72.0,82.0,2003-11-30
509,Laila,Hassan,13.0,69.0,98.0,52.0,1.0,29.0,86.0,2002-07-21
92,Ahmed,Tarek,14.0,89.0,97.0,29.0,92.0,18.0,59.0,2003-12-16
898,Fatma,Ibrahim,44.0,33.0,35.0,74.0,92.0,83.0,94.0,2003-03-05
565,Youssef,Mostafa,18.0,95.0,1.0,8.0,66.0,77.0,89.0,2003-09-06
777,Laila,Salem,36.0,31.0,35.0,41.0,0.0,87.0,68.0,2004-03-04
242,Omar,Fathy,65.0,0.0,79.0,0.0,13.0,72.0,96.0,2005-06-07
14,Omar,Unknown,69.0,1.0,30.0,97.0,67.0,25.0,99.0,2004-08-08
316,Nour,Mahmoud,59.0,4.0,72.0,19.0,25.0,0.0,0.0,2004-07-10
601,Khaled,Mahmoud,60.0,17.0,79.0,37.0,72.0,72.0,72.0,2003-01-28
388,Nour,Hegazy,89.0,92.0,29.0,39.0,20.0,55.0,82.0,2003-03-14
167,Nour,Mostafa,72.0,12.0,76.0,65.0,23.0,65.0,94.0,2003-12-23
841,Youssef,Mahmoud,76.0,41.0,78.0,36.0,7.0,57.0,0.0,2001-12-08
21,Khaled,Mahmoud,19.0,68.0,96.0,98.0,89.0,15.0,64.0,2003-11-19
647,Nour,Tarek,40.0,89.0,96.0,98.0,79.0,34.0,92.0,2001-12-12
1155,Youssef,Fathy,9.0,3.0,0.0,0.0,27.0,90.0,83.0,2005-02-24
832,Ahmed,Fathy,41.0,53.0,58.0,19.0,97.0,56.0,56.0,2005-10-01
563,Omar,Ibrahim,46.0,14.0,69.0,30.0,53.0,56.0,97.0,2003-10-06
687,Mona,Hassan,32.0,29.0,48.0,26.0,37.0,26.0,52.0,2003-10-22
958,Youssef,Salem,46.0,91.0,48.0,1.0,82.0,36.0,85.0,2004-01-10
190,Youssef,Fathy,20.0,39.0,40.0,94.0,84.0,70.0,74.0,2003-09-23
976,Fatma,Hassan,40.0,44.0,81.0,80.0,67.0,83.0,70.0,2001-03-23
700,Omar,Salem,1.0,45.0,0.0,91.0,65.0,9.0,84.0,2001-09-04
511,Omar,Said,52.0,13.0,57.0,43.0,96.0,82.0,72.0,2003-08-27
1083,Omar,Hegazy,52.0,11.0,52.0,13.0,20.0,55.0,0.0,2001-02-04
475,Sara,Unknown,87.0,69.0,98.0,80.0,75.0,11.0,75.0,2003-11-12
857,Fatma,Unknown,2.0,89.0,38.0,72.0,4.0,26.0,90.0,2002-07-29
748,Omar,Fathy,0.0,81.0,70.0,80.0,58.0,93.0,100.0,2003-08-08
253,Mona,Unknown,59.0,62.0,69.0,13.0,62.0,78.0,72.0,2005-02-10
22,Ahmed,Fathy,9.0,63.0,91.0,60.0,51.0,12.0,93.0,2003-02-03
460,Omar,Hassan,90.0,0.0,51.0,98.0,43.0,10.0,66.0,2003-11-13
1185,Laila,Ali,17.0,3.0,8.0,96.0,46.0,52.0,73.0,2003-09-03
277,Ahmed,Salem,27.0,59.0,86.0,58.0,8.0,73.0,97.0,2004-04-02
956,Ahmed,Fathy,68.0,98.0,44.0,60.0,16.0,8.0,59.0,2001-09-26
386,Nour,Mahmoud,91.0,55.0,13.0,8.0,59.0,8.0,58.0,2004-03-26
806,Ahmed,Salem,64.0,95.0,23.0,11.0,94.0,37.0,67.0,2005-01-22
344,Laila,Mostafa,15.0,20.0,85.0,48.0,45.0,64.0,55.0,2001-04-16
770,Ahmed,Said,99.0,56.0,71.0,68.0,67.0,61.0,59.0,2005-06-26
131,Laila,Salem,0.0,92.0,79.0,15.0,90.0,72.0,55.0,2001-09-03
872,Ahmed,Ali,98.0,59.0,35.0,30.0,67.0,85.0,68.0,2003-12-23
1124,Omar,Ali,27.0,0.0,71.0,68.0,43.0,60.0,82.0,2005-11-13
88,Ahmed,Mostafa,3.0,5.0,41.0,49.0,87.0,0.0,84.0,2002-03-13
331,Mona,Ali,100.0,49.0,74.0,47.0,52.0,32.0,80.0,2002-08-29
467,Nour,Mostafa,61.0,88.0,90.0,62.0,73.0,77.0,54.0,2005-12-03
122,Nour,Hegazy,73.0,31.0,39.0,41.0,28.0,17.0,52.0,2003-09-23
1045,Nour,Hegazy,66.0,0.0,57.0,32.0,91.0,70.0,76.0,2004-05-01
1096,Unknown,Said,30.0,56.0,78.0,69.0,67.0,16.0,79.0,2004-08-14
1131,Laila,Said,43.0,46.0,21.0,85.0,93.0,91.0,99.0,2001-11-28
861,Sara,Hegazy,50.0,39.0,48.0,88.0,83.0,0.0,100.0,2001-09-19
1127,Sara,Salem,18.0,44.0,68.0,59.0,7.0,9.0,86.0,2001-04-27
