Student_ID,First_Name,Last_Name,Math,Physics,Chemistry,Biology,English,History,Attendance,Birth_Date,Average_score,Performance
77,Hassan,Ali,96.0,0.0,34.0,45.0,87.0,52.0,88.0,26-11-2004,52.333333333333336,Low
1027,Ahmed,Salem,44.0,12.0,12.0,73.0,53.0,0.0,88.0,06-11-2001,32.333333333333336,Low
44,Hassan,Ali,87.0,47.0,55.0,0.0,53.0,66.0,83.0,09-03-2005,51.333333333333336,Low
667,Khaled,Salem,44.0,0.0,0.0,77.0,85.0,85.0,60.0,19-09-2002,48.5,Low
530,Nour,Fathy,11.0,23.0,2.0,100.0,72.0,15.0,100.0,11-11-2002,37.166666666666664,Low
102,Ahmed,Said,9.0,0.0,41.0,0.0,26.0,33.0,83.0,12-03-2004,18.166666666666668,Low
909,Omar,Ibrahim,45.0,60.0,99.0,79.0,88.0,36.0,100.0,13-05-2001,67.83333333333333,Medium
278,Omar,Said,25.0,82.0,72.0,48.0,83.0,16.0,85.0,17-04-2003,54.333333333333336,Low
778,Fatma,Mahmoud,6.0,65.0,26.0,47.0,62.0,84.0,88.0,08-05-2005,48.333333333333336,Low
454,Ahmed,Tarek,81.0,14.0,12.0,82.0,21.0,27.0,96.0,18-03-2004,39.5,Low
64,Nour,Said,75.0,76.0,35.0,31.0,60.0,100.0,58.0,28-06-2004,62.833333333333336,Medium
948,Mona,Hegazy,96.0,4.0,98.0,12.0,16.0,13.0,53.0,29-08-2001,39.833333333333336,Low
351,Youssef,Unknown,3.0,96.0,48.0,70.0,51.0,46.0,82.0,10-05-2005,52.333333333333336,Low
523,Laila,Said,40.0,89.0,73.0,0.0,90.0,93.0,98.0,17-12-2003,64.16666666666667,Medium
908,Sara,Mostafa,40.0,79.0,20.0,79.0,72.0,44.0,81.0,29-03-2003,55.666666666666664,Low
673,Khaled,Mostafa,90.0,62.0,73.0,94.0,73.0,42.0,71.0,04-03-2002,72.33333333333333,Medium
399,Hassan,Hegazy,50.0,75.0,30.0,19.0,89.0,64.0,84.0,05-04-2001,54.5,Low
826,Nour,Ibrahim,58.0,53.0,34.0,35.0,88.0,0.0,76.0,23-04-2004,44.666666666666664,Low
362,Nour,Ali,19.0,46.0,26.0,2.0,92.0,6.0,75.0,11-11-2005,31.833333333333332,Low
794,Unknown,Tarek,94.0,10.0,57.0,32.0,29.0,68.0,92.0,01-12-2002,48.333333333333336,Low
934,Ahmed,Tarek,90.0,80.0,50.0,74.0,84.0,0.0,57.0,08-07-2004,63.0,Medium
514,Laila,Mahmoud,77.0,67.0,68.0,19.0,0.0,0.0,70.0,21-09-2003,38.5,Low
632,Khaled,Hegazy,63.0,44.0,8.0,67.0,57.0,67.0,97.0,28-12-2001,51.0,Low
844,Omar,Fathy,16.0,76.0,42.0,14.0,78.0,20.0,95.0,20-06-2004,41.0,Low
1146,Laila,Ali,57.0,6.0,47.0,51.0,16.0,50.0,75.0,11-07-2004,37.833333333333336,Low
594,Omar,Hegazy,86.0,2.0,34.0,0.0,11.0,84.0,75.0,30-08-2001,36.166666666666664,Low
255,Laila,Hassan,9.0,27.0,92.0,14.0,52.0,0.0,73.0,25-09-2001,32.333333333333336,Low
82,Hassan,Hegazy,74.0,88.0,92.0,42.0,55.0,44.0,72.0,24-07-2003,65.83333333333333,Medium
527,Youssef,Mostafa,61.0,0.0,79.0,78.0,63.0,35.0,80.0,26-12-2005,52.666666666666664,Low
309,Youssef,Ali,54.0,25.0,24.0,51.0,8.0,40.0,50.0,11-07-2005,33.666666666666664,Low
368,Khaled,Hassan,91.0,91.0,81.0,22.0,9.0,18.0,89.0,24-11-2003,52.0,Low
965,Unknown,Tarek,85.0,12.0,56.0,10.0,5.0,63.0,78.0,08-07-2004,38.5,Low
694,Hassan,Said,83.0,36.0,89.0,46.0,40.0,17.0,94.0,27-06-2005,51.833333333333336,Low
766,Hassan,Hegazy,74.0,18.0,48.0,46.0,14.0,44.0,94.0,07-05-2003,40.666666666666664,Low
1059,Khaled,Fathy,20.0,25.0,2.0,0.0,42.0,43.0,93.0,09-12-2003,22.0,Low
858,Mona,Tarek,41.0,88.0,2.0,85.0,94.0,45.0,75.0,20-02-2004,59.166666666666664,Low
680,Fatma,Fathy,46.0,79.0,30.0,22.0,87.0,5.0,58.0,20-04-2001,44.833333333333336,Low
1008,Fatma,Salem,62.0,7.0,31.0,81.0,21.0,27.0,58.0,13-03-2005,38.166666666666664,Low
813,Sara,Salem,58.0,23.0,2.0,0.0,18.0,98.0,98.0,15-08-2005,33.166666666666664,Low
622,Mona,Salem,45.0,98.0,86.0,90.0,15.0,85.0,99.0,24-08-2005,69.83333333333333,Medium
618,Sara,Fathy,48.0,93.0,52.0,75.0,98.0,74.0,80.0,29-06-2001,73.33333333333333,Medium
193,Fatma,Said,13.0,72.0,9.0,85.0,70.0,55.0,66.0,08-10-2004,50.666666666666664,Low
436,Ahmed,Tarek,46.0,79.0,14.0,32.0,80.0,68.0,67.0,17-08-2005,53.166666666666664,Low
266,Laila,Tarek,67.0,89.0,54.0,65.0,79.0,78.0,72.0,21-04-2005,72.0,Medium
1048,Youssef,Ali,77.0,19.0,55.0,92.0,69.0,87.0,68.0,20-10-2004,66.5,Medium
79,Ahmed,Tarek,62.0,38.0,97.0,0.0,54.0,71.0,80.0,15-12-2004,53.666666666666664,Low
429,Unknown,Mahmoud,0.0,41.0,0.0,98.0,6.0,25.0,95.0,20-11-2004,28.333333333333332,Low
440,Unknown,Tarek,0.0,16.0,100.0,89.0,86.0,77.0,97.0,02-09-2005,61.333333333333336,Medium
304,Khaled,Ibrahim,40.0,24.0,38.0,74.0,58.0,50.0,79.0,20-03-2004,47.333333333333336,Low
276,Ahmed,Hassan,57.0,99.0,76.0,79.0,68.0,38.0,80.0,21-11-2005,69.5,Medium
381,Ahmed,Tarek,87.0,63.0,71.0,99.0,97.0,96.0,53.0,05-11-2004,85.5,High
576,Youssef,Unknown,0.0,95.0,21.0,95.0,91.0,42.0,54.0,23-08-2004,57.333333333333336,Low
52,Ahmed,Mahmoud,29.0,62.0,14.0,86.0,27.0,71.0,83.0,01-07-2001,48.166666666666664,Low
997,Nour,Salem,14.0,45.0,91.0,38.0,79.0,40.0,50.0,23-11-2001,51.166666666666664,Low
529,Nour,Tarek,29.0,7.0,34.0,51.0,71.0,97.0,53.0,29-11-2004,48.166666666666664,Low
989,Laila,Fathy,29.0,87.0,19.0,58.0,51.0,100.0,61.0,17-05-2002,57.333333333333336,Low
1196,Hassan,Tarek,15.0,29.0,2.0,74.0,77.0,1.0,75.0,22-02-2004,33.0,Low
353,Omar,Fathy,94.0,14.0,9.0,56.0,33.0,5.0,73.0,14-05-2005,35.166666666666664,Low
1125,Ahmed,Hegazy,10.0,29.0,4.0,66.0,18.0,19.0,81.0,29-12-2002,24.333333333333332,Low
849,Fatma,Ibrahim,36.0,21.0,74.0,23.0,0.0,18.0,54.0,23-02-2004,28.666666666666668,Low
24,Mona,Hassan,0.0,39.0,11.0,30.0,79.0,75.0,70.0,12-06-2001,39.0,Low
211,Omar,Said,40.0,79.0,56.0,51.0,46.0,7.0,97.0,01-01-2003,46.5,Low
382,Fatma,Fathy,97.0,4.0,50.0,64.0,36.0,23.0,62.0,25-07-2003,45.666666666666664,Low
984,Omar,Mostafa,0.0,0.0,61.0,11.0,37.0,81.0,95.0,19-06-2004,31.666666666666668,Low
651,Ahmed,Tarek,10.0,46.0,45.0,0.0,70.0,52.0,81.0,20-04-2003,37.166666666666664,Low
406,Youssef,Fathy,47.0,0.0,78.0,62.0,18.0,89.0,53.0,23-03-2003,49.0,Low
359,Mona,Mahmoud,96.0,87.0,17.0,29.0,71.0,0.0,83.0,30-12-2002,50.0,Low
1128,Omar,Tarek,8.0,78.0,48.0,70.0,54.0,87.0,90.0,07-07-2005,57.5,Low
59,Mona,Hegazy,48.0,19.0,11.0,21.0,61.0,76.0,78.0,17-05-2005,39.333333333333336,Low
799,Youssef,Mahmoud,63.0,49.0,81.0,0.0,25.0,44.0,83.0,04-06-2005,43.666666666666664,Low
199,Sara,Said,68.0,51.0,7.0,61.0,20.0,56.0,54.0,15-12-2002,43.833333333333336,Low
580,Ahmed,Ali,27.0,80.0,36.0,5.0,20.0,65.0,52.0,02-07-2002,38.833333333333336,Low
559,Hassan,Hegazy,75.0,22.0,0.0,31.0,80.0,32.0,60.0,19-03-2003,40.0,Low
760,Nour,Hegazy,27.0,76.0,90.0,76.0,78.0,15.0,85.0,04-07-2004,60.333333333333336,Medium
50,Fatma,Ibrahim,23.0,14.0,14.0,8.0,31.0,58.0,74.0,25-12-2002,24.666666666666668,Low
175,Fatma,Ibrahim,67.0,81.0,99.0,33.0,41.0,91.0,65.0,01-04-2001,68.66666666666667,Medium
848,Laila,Salem,68.0,79.0,9.0,19.0,98.0,54.0,65.0,15-03-2003,54.5,Low
378,Sara,Ibrahim,46.0,71.0,58.0,51.0,12.0,40.0,66.0,16-09-2001,46.333333333333336,Low
197,Khaled,Tarek,20.0,52.0,50.0,13.0,90.0,0.0,66.0,26-01-2003,37.5,Low
232,Ahmed,Hassan,69.0,31.0,9.0,76.0,45.0,47.0,98.0,20-10-2005,46.166666666666664,Low
1121,Unknown,Mostafa,43.0,91.0,25.0,96.0,47.0,81.0,50.0,29-01-2001,63.833333333333336,Medium
412,Hassan,Mahmoud,14.0,57.0,94.0,0.0,66.0,41.0,60.0,20-11-2002,45.333333333333336,Low
768,Unknown,Ibrahim,31.0,30.0,91.0,77.0,55.0,22.0,57.0,23-08-2003,51.0,Low
623,Ahmed,Said,61.0,47.0,91.0,82.0,16.0,42.0,80.0,24-05-2001,56.5,Low
946,Youssef,Mostafa,80.0,43.0,13.0,66.0,33.0,53.0,78.0,31-10-2001,48.0,Low
241,Omar,Hegazy,56.0,49.0,0.0,82.0,14.0,16.0,81.0,15-10-2001,36.166666666666664,Low
865,Khaled,Hassan,43.0,72.0,47.0,93.0,92.0,19.0,53.0,30-06-2004,61.0,Medium
550,Khaled,Said,97.0,42.0,97.0,56.0,66.0,37.0,72.0,01-06-2004,65.83333333333333,Medium
416,Khaled,Ali,83.0,30.0,41.0,61.0,86.0,4.0,86.0,02-04-2005,50.833333333333336,Low
719,Khaled,Hegazy,1.0,17.0,0.0,13.0,77.0,2.0,82.0,30-11-2005,18.333333333333332,Low
821,Nour,Hegazy,63.0,74.0,25.0,1.0,37.0,84.0,70.0,29-10-2001,47.333333333333336,Low
988,Khaled,Ibrahim,70.0,53.0,57.0,99.0,49.0,78.0,74.0,13-12-2004,67.66666666666667,Medium
1181,Youssef,Hegazy,27.0,98.0,12.0,87.0,67.0,84.0,91.0,09-10-2001,62.5,Medium
972,Ahmed,Unknown,20.0,24.0,28.0,91.0,18.0,89.0,52.0,26-02-2001,45.0,Low
733,Omar,Ali,44.0,21.0,57.0,90.0,13.0,50.0,74.0,28-07-2002,45.833333333333336,Low
840,Fatma,Fathy,28.0,59.0,64.0,49.0,60.0,0.0,56.0,27-12-2004,43.333333333333336,Low
803,Mona,Salem,0.0,96.0,21.0,0.0,55.0,14.0,91.0,17-04-2003,31.0,Low
1075,Mona,Hassan,71.0,58.0,0.0,64.0,64.0,87.0,65.0,07-11-2004,57.333333333333336,Low
479,Khaled,Said,21.0,3.0,39.0,78.0,9.0,47.0,76.0,10-04-2002,32.833333333333336,Low
45,Nour,Unknown,100.0,17.0,71.0,3.0,10.0,45.0,63.0,27-07-2003,41.0,Low
980,Khaled,Ibrahim,29.0,71.0,79.0,72.0,90.0,85.0,82.0,15-11-2005,71.0,Medium
30,Laila,Hegazy,73.0,86.0,98.0,0.0,13.0,1.0,100.0,03-09-2003,45.166666666666664,Low
32,Omar,Ali,45.0,64.0,97.0,49.0,25.0,25.0,66.0,30-09-2003,50.833333333333336,Low
738,Fatma,Ibrahim,61.0,18.0,14.0,64.0,27.0,18.0,75.0,12-05-2002,33.666666666666664,Low
355,Nour,Hassan,26.0,78.0,58.0,0.0,92.0,44.0,53.0,02-03-2004,49.666666666666664,Low
426,Nour,Said,72.0,64.0,61.0,0.0,54.0,78.0,96.0,29-01-2001,54.833333333333336,Low
169,Youssef,Unknown,99.0,100.0,29.0,40.0,0.0,17.0,53.0,25-02-2005,47.5,Low
87,Omar,Salem,69.0,100.0,27.0,56.0,34.0,12.0,93.0,21-04-2002,49.666666666666664,Low
295,Ahmed,Hassan,18.0,37.0,61.0,61.0,46.0,47.0,88.0,06-05-2003,45.0,Low
428,Khaled,Mahmoud,0.0,53.0,94.0,4.0,66.0,80.0,79.0,08-05-2004,49.5,Low
747,Nour,Fathy,53.0,49.0,85.0,61.0,74.0,68.0,51.0,21-05-2005,65.0,Medium
156,Khaled,Tarek,91.0,23.0,52.0,98.0,94.0,66.0,70.0,28-12-2002,70.66666666666667,Medium
221,Ahmed,Unknown,60.0,26.0,99.0,90.0,23.0,49.0,93.0,12-09-2003,57.833333333333336,Low
124,Youssef,Mahmoud,4.0,9.0,50.0,99.0,44.0,61.0,59.0,20-04-2004,44.5,Low
219,Sara,Hassan,23.0,7.0,62.0,43.0,75.0,31.0,69.0,27-07-2002,40.166666666666664,Low
439,Laila,Salem,62.0,46.0,49.0,0.0,100.0,29.0,86.0,23-07-2004,47.666666666666664,Low
210,Unknown,Ibrahim,60.0,97.0,57.0,74.0,41.0,53.0,54.0,29-01-2001,63.666666666666664,Medium
234,Ahmed,Mahmoud,97.0,84.0,5.0,25.0,11.0,87.0,85.0,17-04-2002,51.5,Low
1051,Ahmed,Said,92.0,38.0,33.0,13.0,46.0,83.0,54.0,20-07-2005,50.833333333333336,Low
716,Nour,Mostafa,83.0,0.0,57.0,59.0,8.0,38.0,84.0,24-02-2004,40.833333333333336,Low
129,Youssef,Salem,38.0,58.0,48.0,65.0,35.0,51.0,91.0,11-07-2001,49.166666666666664,Low
571,Sara,Hegazy,50.0,62.0,71.0,20.0,38.0,96.0,74.0,07-08-2002,56.166666666666664,Low
915,Hassan,Hassan,47.0,44.0,89.0,44.0,94.0,93.0,100.0,13-05-2003,68.5,Medium
932,Omar,Tarek,52.0,11.0,57.0,8.0,75.0,57.0,66.0,25-07-2001,43.333333333333336,Low
71,Fatma,Hassan,47.0,82.0,66.0,12.0,13.0,82.0,61.0,06-02-2002,50.333333333333336,Low
1002,Fatma,Unknown,59.0,0.0,97.0,75.0,9.0,0.0,98.0,01-04-2002,40.0,Low
114,Omar,Mahmoud,25.0,95.0,67.0,70.0,63.0,14.0,51.0,27-05-2002,55.666666666666664,Low
297,Khaled,Said,50.0,8.0,18.0,70.0,0.0,42.0,79.0,09-11-2003,31.333333333333332,Low
706,Sara,Mostafa,74.0,36.0,94.0,17.0,17.0,28.0,58.0,22-10-2004,44.333333333333336,Low
108,Fatma,Salem,80.0,66.0,22.0,92.0,43.0,1.0,63.0,27-01-2004,50.666666666666664,Low
1114,Hassan,Mahmoud,0.0,82.0,82.0,33.0,49.0,13.0,68.0,01-05-2001,43.166666666666664,Low
1000,Hassan,Mostafa,7.0,57.0,7.0,54.0,12.0,42.0,96.0,16-08-2001,29.833333333333332,Low
655,Ahmed,Ibrahim,45.0,59.0,74.0,67.0,43.0,42.0,97.0,19-06-2001,55.0,Low
1161,Hassan,Mostafa,100.0,0.0,16.0,32.0,28.0,92.0,89.0,24-11-2001,44.666666666666664,Low
209,Nour,Hassan,11.0,74.0,68.0,46.0,56.0,76.0,59.0,08-04-2001,55.166666666666664,Low
1007,Khaled,Said,65.0,69.0,8.0,51.0,20.0,0.0,75.0,16-04-2002,35.5,Low
1138,Unknown,Hassan,82.0,0.0,17.0,55.0,76.0,8.0,0.0,23-07-2001,39.666666666666664,Low
244,Fatma,Mostafa,97.0,53.0,86.0,57.0,79.0,51.0,91.0,06-11-2002,70.5,Medium
1101,Youssef,Tarek,0.0,6.0,39.0,45.0,98.0,68.0,72.0,25-08-2002,42.666666666666664,Low
1118,Youssef,Hegazy,40.0,77.0,15.0,86.0,66.0,3.0,54.0,11-08-2001,47.833333333333336,Low
606,Hassan,Ibrahim,7.0,46.0,44.0,72.0,93.0,73.0,87.0,04-05-2001,55.833333333333336,Low
679,Ahmed,Hassan,48.0,89.0,60.0,97.0,69.0,95.0,84.0,18-11-2002,76.33333333333333,Medium
425,Nour,Salem,69.0,0.0,70.0,58.0,3.0,0.0,71.0,17-03-2005,33.333333333333336,Low
468,Sara,Salem,34.0,33.0,76.0,92.0,85.0,40.0,85.0,18-04-2005,60.0,Medium
507,Omar,Salem,51.0,35.0,54.0,69.0,87.0,12.0,76.0,24-08-2002,51.333333333333336,Low
478,Hassan,Hassan,86.0,17.0,100.0,31.0,91.0,84.0,81.0,20-07-2002,68.16666666666667,Medium
286,Fatma,Mahmoud,41.0,47.0,41.0,75.0,94.0,63.0,62.0,11-09-2003,60.166666666666664,Medium
55,Fatma,Mahmoud,30.0,80.0,82.0,33.0,99.0,91.0,58.0,21-11-2001,69.16666666666667,Medium
542,Youssef,Hassan,43.0,29.0,0.0,23.0,45.0,77.0,77.0,13-01-2001,36.166666666666664,Low
740,Fatma,Fathy,94.0,69.0,0.0,28.0,86.0,47.0,81.0,24-09-2001,54.0,Low
57,Sara,Tarek,59.0,8.0,50.0,73.0,83.0,3.0,69.0,11-06-2005,46.0,Low
110,Omar,Hassan,18.0,2.0,3.0,79.0,15.0,24.0,97.0,12-11-2004,23.5,Low
672,Ahmed,Salem,24.0,16.0,63.0,4.0,37.0,25.0,87.0,30-10-2003,28.166666666666668,Low
629,Mona,Hegazy,38.0,84.0,47.0,99.0,0.0,19.0,86.0,26-11-2005,47.833333333333336,Low
299,Omar,Mahmoud,11.0,55.0,68.0,45.0,2.0,84.0,91.0,12-02-2003,44.166666666666664,Low
1031,Fatma,Mahmoud,65.0,85.0,86.0,17.0,80.0,89.0,55.0,30-08-2003,70.33333333333333,Medium
962,Ahmed,Hassan,95.0,86.0,17.0,32.0,26.0,87.0,74.0,21-12-2003,57.166666666666664,Low
671,Omar,Said,7.0,42.0,81.0,29.0,53.0,38.0,76.0,01-04-2005,41.666666666666664,Low
260,Sara,Ali,63.0,27.0,41.0,29.0,41.0,65.0,68.0,03-12-2005,44.333333333333336,Low
597,Sara,Mahmoud,85.0,75.0,1.0,72.0,52.0,59.0,58.0,28-04-2001,57.333333333333336,Low
345,Ahmed,Ibrahim,0.0,88.0,26.0,64.0,0.0,19.0,74.0,29-01-2003,32.833333333333336,Low
755,Khaled,Hegazy,59.0,57.0,37.0,10.0,77.0,25.0,91.0,24-12-2001,44.166666666666664,Low
827,Sara,Ali,14.0,65.0,23.0,60.0,0.0,28.0,0.0,12-01-2004,31.666666666666668,Low
291,Khaled,Mahmoud,22.0,71.0,0.0,77.0,22.0,20.0,56.0,23-08-2003,35.333333333333336,Low
1119,Fatma,Mahmoud,5.0,34.0,22.0,95.0,64.0,78.0,72.0,10-12-2002,49.666666666666664,Low
1030,Omar,Ibrahim,15.0,56.0,54.0,22.0,14.0,89.0,59.0,26-12-2002,41.666666666666664,Low
1113,Ahmed,Salem,80.0,28.0,32.0,51.0,59.0,77.0,88.0,16-12-2003,54.5,Low
520,Hassan,Hegazy,7.0,61.0,52.0,9.0,59.0,29.0,73.0,07-04-2002,36.166666666666664,Low
789,Unknown,Hassan,59.0,45.0,51.0,24.0,3.0,72.0,59.0,24-04-2001,42.333333333333336,Low
742,Fatma,Fathy,22.0,56.0,28.0,49.0,34.0,96.0,67.0,09-05-2001,47.5,Low
875,Ahmed,Ibrahim,10.0,50.0,76.0,45.0,85.0,8.0,72.0,01-12-2002,45.666666666666664,Low
1080,Youssef,Mostafa,13.0,60.0,45.0,21.0,4.0,90.0,59.0,01-02-2003,38.833333333333336,Low
977,Laila,Salem,0.0,0.0,56.0,89.0,83.0,14.0,94.0,04-11-2005,40.333333333333336,Low
814,Laila,Ibrahim,66.0,3.0,45.0,31.0,43.0,2.0,57.0,14-08-2001,31.666666666666668,Low
171,Unknown,Tarek,83.0,88.0,17.0,28.0,49.0,58.0,82.0,04-05-2005,53.833333333333336,Low
287,Sara,Ali,0.0,39.0,58.0,14.0,48.0,94.0,86.0,20-09-2004,42.166666666666664,Low
981,Laila,Salem,0.0,0.0,74.0,49.0,56.0,85.0,97.0,29-04-2001,44.0,Low
584,Mona,Mostafa,0.0,31.0,9.0,51.0,84.0,11.0,91.0,05-09-2001,31.0,Low
1145,Omar,Salem,16.0,56.0,25.0,78.0,80.0,56.0,57.0,28-02-2004,51.833333333333336,Low
919,Khaled,Hassan,54.0,37.0,59.0,62.0,95.0,100.0,95.0,15-07-2005,67.83333333333333,Medium
940,Youssef,Ibrahim,6.0,31.0,81.0,42.0,0.0,0.0,61.0,01-07-2003,26.666666666666668,Low
808,Hassan,Hassan,3.0,46.0,64.0,87.0,88.0,74.0,70.0,13-01-2002,60.333333333333336,Medium
562,Mona,Fathy,45.0,17.0,90.0,8.0,90.0,9.0,62.0,15-09-2004,43.166666666666664,Low
1168,Fatma,Mostafa,24.0,7.0,5.0,86.0,20.0,85.0,98.0,26-09-2001,37.833333333333336,Low
1019,Ahmed,Mahmoud,71.0,19.0,25.0,0.0,91.0,33.0,72.0,06-04-2001,39.833333333333336,Low
882,Mona,Mostafa,23.0,77.0,0.0,45.0,72.0,31.0,98.0,07-12-2002,41.333333333333336,Low
310,Ahmed,Said,8.0,19.0,68.0,53.0,16.0,71.0,95.0,14-04-2001,39.166666666666664,Low
366,Ahmed,Ibrahim,98.0,17.0,48.0,25.0,66.0,43.0,98.0,22-12-2002,49.5,Low
614,Laila,Salem,34.0,24.0,25.0,57.0,22.0,43.0,52.0,02-10-2005,34.166666666666664,Low
410,Khaled,Said,10.0,72.0,6.0,20.0,77.0,91.0,56.0,09-11-2005,46.0,Low
11,Laila,Hegazy,74.0,87.0,60.0,0.0,37.0,20.0,0.0,10-03-2002,46.333333333333336,Low
615,Nour,Hegazy,47.0,73.0,6.0,87.0,34.0,0.0,63.0,22-05-2004,41.166666666666664,Low
1164,Omar,Hassan,10.0,49.0,57.0,0.0,59.0,43.0,54.0,25-12-2003,36.333333333333336,Low
889,Sara,Mahmoud,16.0,83.0,68.0,51.0,21.0,99.0,86.0,11-10-2005,56.333333333333336,Low
329,Ahmed,Unknown,0.0,86.0,29.0,0.0,86.0,100.0,79.0,14-03-2003,50.166666666666664,Low
343,Laila,Mostafa,45.0,2.0,34.0,9.0,14.0,49.0,60.0,30-04-2001,25.5,Low
248,Fatma,Mostafa,85.0,10.0,0.0,0.0,26.0,82.0,66.0,26-11-2005,33.833333333333336,Low
1090,Sara,Hassan,0.0,52.0,72.0,50.0,84.0,3.0,71.0,08-04-2001,43.5,Low
465,Nour,Hegazy,99.0,48.0,73.0,67.0,1.0,65.0,76.0,23-06-2005,58.833333333333336,Low
635,Nour,Ali,8.0,63.0,53.0,92.0,0.0,35.0,0.0,13-10-2004,41.833333333333336,Low
866,Mona,Hegazy,10.0,9.0,78.0,50.0,86.0,39.0,70.0,26-12-2002,45.333333333333336,Low
328,Fatma,Mahmoud,0.0,33.0,16.0,88.0,0.0,37.0,55.0,19-12-2001,29.0,Low
290,Ahmed,Hegazy,51.0,75.0,16.0,22.0,54.0,17.0,89.0,14-06-2004,39.166666666666664,Low
815,Mona,Hegazy,74.0,18.0,54.0,2.0,88.0,61.0,66.0,24-09-2002,49.5,Low
669,Nour,Mostafa,91.0,11.0,50.0,40.0,87.0,23.0,85.0,15-06-2003,50.333333333333336,Low
573,Laila,Ibrahim,19.0,10.0,48.0,94.0,93.0,40.0,69.0,22-08-2003,50.666666666666664,Low
949,Mona,Mostafa,0.0,26.0,4.0,18.0,19.0,47.0,63.0,29-12-2004,19.0,Low
136,Nour,Tarek,40.0,40.0,67.0,40.0,100.0,73.0,70.0,21-06-2001,60.0,Medium
347,Omar,Hassan,20.0,48.0,0.0,56.0,91.0,84.0,74.0,09-11-2005,49.833333333333336,Low
1079,Ahmed,Ali,31.0,0.0,51.0,48.0,76.0,65.0,72.0,18-07-2004,45.166666666666664,Low
1173,Ahmed,Hassan,82.0,42.0,13.0,11.0,100.0,79.0,84.0,27-04-2005,54.5,Low
375,Youssef,Salem,43.0,9.0,35.0,26.0,95.0,36.0,64.0,19-11-2002,40.666666666666664,Low
421,Laila,Fathy,39.0,54.0,78.0,13.0,0.0,48.0,68.0,10-04-2001,38.666666666666664,Low
383,Unknown,Fathy,85.0,52.0,34.0,17.0,47.0,43.0,53.0,06-10-2004,46.333333333333336,Low
164,Laila,Mahmoud,76.0,58.0,78.0,16.0,16.0,86.0,98.0,13-12-2004,55.0,Low
159,Nour,Mostafa,79.0,90.0,22.0,74.0,73.0,45.0,99.0,24-11-2003,63.833333333333336,Medium
141,Nour,Salem,56.0,3.0,35.0,53.0,80.0,80.0,53.0,17-01-2004,51.166666666666664,Low
585,Khaled,Mostafa,66.0,85.0,78.0,82.0,45.0,1.0,83.0,02-05-2002,59.5,Low
1174,Sara,Salem,82.0,26.0,21.0,64.0,1.0,64.0,55.0,28-06-2002,43.0,Low
1078,Youssef,Hegazy,19.0,6.0,99.0,45.0,4.0,1.0,52.0,18-06-2005,29.0,Low
874,Ahmed,Mostafa,97.0,64.0,27.0,11.0,41.0,40.0,78.0,22-06-2003,46.666666666666664,Low
1092,Mona,Mostafa,86.0,79.0,24.0,32.0,59.0,35.0,0.0,08-06-2001,52.5,Low
709,Sara,Hassan,13.0,28.0,54.0,0.0,9.0,62.0,91.0,29-07-2002,27.666666666666668,Low
307,Laila,Ali,84.0,23.0,44.0,61.0,36.0,50.0,56.0,07-01-2005,49.666666666666664,Low
66,Nour,Salem,57.0,72.0,86.0,75.0,96.0,23.0,93.0,11-01-2005,68.16666666666667,Medium
891,Sara,Tarek,35.0,20.0,21.0,30.0,48.0,55.0,86.0,23-08-2002,34.833333333333336,Low
765,Nour,Mahmoud,22.0,67.0,50.0,36.0,0.0,97.0,99.0,25-01-2002,45.333333333333336,Low
553,Fatma,Said,64.0,68.0,24.0,70.0,46.0,6.0,54.0,30-07-2001,46.333333333333336,Low
495,Khaled,Ali,46.0,34.0,35.0,27.0,97.0,79.0,95.0,04-07-2004,53.0,Low
245,Mona,Said,15.0,71.0,19.0,27.0,14.0,92.0,51.0,04-07-2003,39.666666666666664,Low
781,Youssef,Hassan,55.0,1.0,0.0,29.0,32.0,62.0,84.0,10-07-2004,29.833333333333332,Low
97,Hassan,Said,8.0,38.0,16.0,60.0,53.0,13.0,62.0,10-04-2003,31.333333333333332,Low
185,Omar,Salem,19.0,84.0,68.0,62.0,68.0,65.0,94.0,04-06-2003,61.0,Medium
1189,Youssef,Said,0.0,47.0,24.0,1.0,36.0,18.0,50.0,04-01-2005,21.0,Low
546,Sara,Hegazy,8.0,92.0,62.0,93.0,75.0,2.0,76.0,10-02-2002,55.333333333333336,Low
480,Hassan,Hassan,47.0,16.0,47.0,12.0,85.0,48.0,82.0,22-05-2002,42.5,Low
395,Nour,Tarek,34.0,0.0,75.0,23.0,33.0,70.0,76.0,27-08-2005,39.166666666666664,Low
222,Hassan,Hegazy,97.0,61.0,49.0,84.0,19.0,26.0,86.0,12-10-2002,56.0,Low
431,Laila,Salem,62.0,78.0,44.0,22.0,79.0,24.0,78.0,27-03-2002,51.5,Low
33,Khaled,Salem,3.0,94.0,97.0,68.0,69.0,0.0,100.0,29-11-2003,55.166666666666664,Low
157,Unknown,Salem,13.0,57.0,83.0,0.0,53.0,33.0,71.0,16-10-2005,39.833333333333336,Low
377,Laila,Ibrahim,65.0,51.0,37.0,63.0,3.0,12.0,83.0,29-07-2003,38.5,Low
621,Laila,Salem,48.0,77.0,68.0,20.0,4.0,22.0,52.0,02-10-2002,39.833333333333336,Low
515,Unknown,Hegazy,93.0,39.0,0.0,78.0,11.0,5.0,73.0,28-09-2004,37.666666666666664,Low
967,Mona,Mahmoud,66.0,34.0,77.0,6.0,93.0,88.0,50.0,17-05-2004,60.666666666666664,Medium
200,Mona,Hassan,2.0,29.0,64.0,93.0,30.0,29.0,65.0,14-05-2004,41.166666666666664,Low
271,Unknown,Fathy,85.0,12.0,84.0,2.0,66.0,70.0,57.0,06-08-2005,53.166666666666664,Low
568,Omar,Ali,92.0,73.0,0.0,2.0,24.0,15.0,99.0,13-10-2002,34.333333333333336,Low
494,Youssef,Mahmoud,18.0,99.0,16.0,51.0,59.0,77.0,65.0,27-02-2005,53.333333333333336,Low
487,Ahmed,Said,27.0,18.0,76.0,85.0,63.0,32.0,93.0,05-04-2001,50.166666666666664,Low
731,Khaled,Salem,64.0,92.0,19.0,36.0,45.0,56.0,68.0,08-07-2005,52.0,Low
1178,Fatma,Hegazy,16.0,27.0,70.0,8.0,41.0,52.0,96.0,21-03-2001,35.666666666666664,Low
298,Mona,Tarek,10.0,15.0,16.0,14.0,27.0,52.0,67.0,04-05-2005,22.333333333333332,Low
1158,Khaled,Fathy,84.0,42.0,71.0,53.0,25.0,95.0,90.0,25-05-2002,61.666666666666664,Medium
589,Mona,Hassan,33.0,64.0,81.0,84.0,84.0,0.0,62.0,20-10-2001,57.666666666666664,Low
1042,Omar,Ali,30.0,25.0,81.0,82.0,87.0,8.0,75.0,28-07-2005,52.166666666666664,Low
616,Fatma,Fathy,83.0,77.0,41.0,12.0,94.0,58.0,51.0,15-01-2004,60.833333333333336,Medium
574,Fatma,Mahmoud,28.0,42.0,51.0,51.0,20.0,14.0,88.0,28-11-2001,34.333333333333336,Low
911,Ahmed,Ali,69.0,55.0,46.0,0.0,73.0,43.0,80.0,27-08-2005,47.666666666666664,Low
179,Sara,Fathy,6.0,95.0,43.0,57.0,56.0,79.0,51.0,13-11-2004,56.0,Low
954,Nour,Ibrahim,66.0,96.0,80.0,85.0,32.0,18.0,57.0,07-05-2005,62.833333333333336,Medium
953,Fatma,Ibrahim,37.0,42.0,42.0,53.0,86.0,62.0,51.0,11-09-2002,53.666666666666664,Low
644,Sara,Fathy,58.0,17.0,57.0,69.0,40.0,5.0,88.0,29-01-2005,41.0,Low
372,Mona,Hassan,5.0,63.0,94.0,8.0,89.0,8.0,93.0,13-03-2002,44.5,Low
850,Mona,Hegazy,48.0,56.0,81.0,63.0,21.0,61.0,74.0,21-06-2004,55.0,Low
89,Fatma,Fathy,19.0,82.0,79.0,73.0,96.0,65.0,98.0,10-06-2004,69.0,Medium
662,Mona,Salem,71.0,26.0,27.0,82.0,31.0,24.0,88.0,19-08-2004,43.5,Low
332,Youssef,Hassan,31.0,0.0,98.0,60.0,0.0,28.0,97.0,26-11-2002,36.166666666666664,Low
926,Unknown,Mahmoud,14.0,67.0,1.0,65.0,63.0,0.0,64.0,10-05-2002,35.0,Low
610,Fatma,Hegazy,92.0,29.0,90.0,58.0,28.0,23.0,78.0,21-10-2002,53.333333333333336,Low
971,Nour,Hassan,63.0,69.0,0.0,77.0,50.0,38.0,89.0,13-06-2002,49.5,Low
627,Laila,Ali,96.0,74.0,95.0,27.0,19.0,40.0,93.0,13-04-2005,58.5,Low
1193,Khaled,Mostafa,99.0,38.0,57.0,88.0,17.0,36.0,97.0,17-12-2001,55.833333333333336,Low
267,Ahmed,Tarek,85.0,48.0,83.0,80.0,40.0,50.0,88.0,11-11-2003,64.33333333333333,Medium
60,Nour,Ali,62.0,0.0,3.0,69.0,26.0,83.0,74.0,05-09-2004,40.5,Low
600,Ahmed,Hegazy,16.0,96.0,40.0,97.0,0.0,4.0,0.0,30-11-2004,42.166666666666664,Low
773,Ahmed,Hassan,38.0,30.0,4.0,31.0,90.0,56.0,60.0,14-11-2005,41.5,Low
723,Ahmed,Mahmoud,0.0,29.0,96.0,1.0,18.0,70.0,94.0,29-01-2002,35.666666666666664,Low
987,Nour,Ibrahim,25.0,38.0,81.0,68.0,70.0,46.0,93.0,01-06-2002,54.666666666666664,Low
491,Ahmed,Ibrahim,77.0,34.0,0.0,26.0,39.0,52.0,97.0,13-06-2002,38.0,Low
1044,Hassan,Ali,38.0,42.0,68.0,88.0,62.0,22.0,66.0,18-01-2003,53.333333333333336,Low
482,Nour,Fathy,0.0,77.0,34.0,18.0,96.0,55.0,0.0,28-10-2004,46.666666666666664,Low
333,Nour,Tarek,47.0,0.0,22.0,14.0,1.0,78.0,96.0,04-11-2003,27.0,Low
313,Hassan,Fathy,47.0,82.0,67.0,82.0,25.0,87.0,74.0,08-12-2004,65.0,Medium
722,Fatma,Mahmoud,2.0,99.0,7.0,14.0,36.0,95.0,95.0,13-02-2004,42.166666666666664,Low
712,Unknown,Fathy,72.0,69.0,53.0,72.0,85.0,13.0,66.0,27-06-2005,60.666666666666664,Medium
1067,Ahmed,Ali,80.0,63.0,57.0,40.0,22.0,0.0,57.0,23-05-2005,43.666666666666664,Low
84,Ahmed,Hegazy,44.0,61.0,44.0,19.0,14.0,15.0,76.0,26-01-2002,32.833333333333336,Low
130,Youssef,Unknown,34.0,30.0,89.0,65.0,12.0,31.0,50.0,21-06-2003,43.5,Low
904,Sara,Fathy,4.0,44.0,40.0,36.0,6.0,72.0,72.0,02-05-2005,33.666666666666664,Low
539,Nour,Tarek,19.0,56.0,71.0,39.0,91.0,64.0,78.0,29-06-2004,56.666666666666664,Low
999,Sara,Fathy,12.0,64.0,36.0,67.0,21.0,46.0,67.0,12-01-2005,41.0,Low
677,Laila,Ali,46.0,7.0,33.0,51.0,0.0,15.0,84.0,17-06-2002,25.333333333333332,Low
261,Sara,Fathy,31.0,65.0,20.0,0.0,3.0,72.0,76.0,25-02-2002,31.833333333333332,Low
586,Mona,Mostafa,85.0,69.0,41.0,0.0,8.0,16.0,54.0,17-07-2001,36.5,Low
599,Ahmed,Salem,81.0,13.0,12.0,83.0,89.0,95.0,92.0,25-06-2003,62.166666666666664,Medium
611,Khaled,Mahmoud,98.0,24.0,93.0,69.0,18.0,95.0,93.0,21-12-2005,66.16666666666667,Medium
139,Mona,Said,59.0,83.0,93.0,84.0,35.0,0.0,70.0,02-03-2001,59.0,Low
293,Laila,Hassan,49.0,79.0,1.0,96.0,68.0,99.0,88.0,14-04-2003,65.33333333333333,Medium
1025,Unknown,Mostafa,95.0,44.0,24.0,16.0,47.0,59.0,85.0,30-03-2005,47.5,Low
142,Youssef,Hassan,30.0,12.0,66.0,97.0,39.0,81.0,62.0,29-06-2005,54.166666666666664,Low
852,Laila,Said,33.0,26.0,40.0,93.0,0.0,90.0,87.0,01-08-2002,47.0,Low
463,Nour,Salem,37.0,85.0,68.0,91.0,96.0,29.0,56.0,16-10-2001,67.66666666666667,Medium
448,Ahmed,Ibrahim,16.0,44.0,66.0,0.0,16.0,11.0,79.0,01-07-2001,25.5,Low
140,Laila,Mahmoud,59.0,21.0,29.0,31.0,60.0,99.0,68.0,20-09-2001,49.833333333333336,Low
645,Ahmed,Tarek,38.0,98.0,74.0,25.0,39.0,34.0,81.0,17-03-2003,51.333333333333336,Low
931,Fatma,Said,50.0,69.0,98.0,60.0,62.0,1.0,52.0,12-03-2005,56.666666666666664,Low
225,Youssef,Ibrahim,42.0,41.0,77.0,67.0,0.0,67.0,82.0,11-05-2001,49.0,Low
486,Omar,Mostafa,72.0,14.0,39.0,58.0,90.0,71.0,63.0,10-01-2003,57.333333333333336,Low
275,Omar,Tarek,39.0,80.0,69.0,77.0,81.0,65.0,70.0,29-01-2004,68.5,Medium
324,Nour,Hassan,2.0,52.0,56.0,86.0,14.0,76.0,100.0,04-12-2003,47.666666666666664,Low
334,Youssef,Salem,0.0,86.0,80.0,64.0,57.0,22.0,81.0,01-07-2001,51.5,Low
462,Ahmed,Hassan,45.0,68.0,82.0,71.0,39.0,66.0,73.0,05-01-2003,61.833333333333336,Medium
1169,Ahmed,Ali,93.0,23.0,25.0,81.0,23.0,41.0,97.0,29-09-2005,47.666666666666664,Low
630,Unknown,Hegazy,84.0,20.0,94.0,28.0,81.0,76.0,76.0,22-10-2001,63.833333333333336,Medium
1188,Sara,Hassan,70.0,38.0,1.0,12.0,48.0,48.0,50.0,05-01-2004,36.166666666666664,Low
763,Nour,Mostafa,40.0,94.0,0.0,30.0,57.0,90.0,56.0,08-07-2001,51.833333333333336,Low
678,Ahmed,Ali,86.0,0.0,59.0,87.0,60.0,58.0,51.0,23-07-2002,58.333333333333336,Low
970,Khaled,Salem,41.0,28.0,5.0,46.0,9.0,77.0,100.0,10-05-2004,34.333333333333336,Low
544,Nour,Mostafa,72.0,17.0,69.0,57.0,1.0,24.0,0.0,03-06-2001,40.0,Low
1116,Omar,Mostafa,49.0,35.0,82.0,27.0,11.0,24.0,62.0,23-11-2005,38.0,Low
1175,Omar,Salem,11.0,31.0,50.0,72.0,65.0,16.0,82.0,18-04-2003,40.833333333333336,Low
819,Ahmed,Hassan,26.0,49.0,63.0,28.0,24.0,84.0,98.0,12-07-2001,45.666666666666664,Low
534,Omar,Ibrahim,49.0,72.0,70.0,8.0,1.0,71.0,51.0,24-02-2005,45.166666666666664,Low
1112,Fatma,Said,37.0,53.0,40.0,58.0,68.0,0.0,83.0,22-10-2002,42.666666666666664,Low
322,Youssef,Ali,79.0,34.0,17.0,97.0,63.0,65.0,97.0,27-07-2003,59.166666666666664,Low
1041,Hassan,Said,55.0,89.0,95.0,36.0,52.0,73.0,52.0,19-01-2003,66.66666666666667,Medium
933,Mona,Mahmoud,77.0,15.0,0.0,76.0,52.0,35.0,97.0,12-02-2003,42.5,Low
364,Mona,Hegazy,25.0,67.0,17.0,40.0,0.0,0.0,65.0,27-10-2001,24.833333333333332,Low
40,Laila,Fathy,3.0,8.0,67.0,47.0,31.0,37.0,50.0,20-03-2004,32.166666666666664,Low
31,Hassan,Ibrahim,37.0,16.0,68.0,58.0,95.0,96.0,85.0,06-10-2004,61.666666666666664,Medium
243,Laila,Hegazy,73.0,0.0,55.0,76.0,0.0,98.0,60.0,18-12-2002,50.333333333333336,Low
843,Youssef,Unknown,46.0,0.0,67.0,41.0,33.0,62.0,93.0,04-05-2003,41.5,Low
137,Hassan,Mahmoud,53.0,30.0,79.0,76.0,77.0,62.0,70.0,24-12-2005,62.833333333333336,Medium
311,Omar,Fathy,46.0,0.0,29.0,87.0,64.0,10.0,67.0,18-07-2005,39.333333333333336,Low
1050,Sara,Ali,26.0,82.0,88.0,3.0,12.0,80.0,73.0,17-06-2001,48.5,Low
810,Nour,Said,68.0,52.0,80.0,88.0,95.0,63.0,52.0,06-05-2005,74.33333333333333,Medium
356,Mona,Ali,68.0,45.0,95.0,98.0,88.0,43.0,73.0,05-04-2005,72.83333333333333,Medium
1111,Youssef,Tarek,85.0,24.0,59.0,0.0,69.0,25.0,88.0,13-10-2003,43.666666666666664,Low
1136,Youssef,Ibrahim,50.0,0.0,22.0,17.0,64.0,67.0,83.0,11-08-2004,36.666666666666664,Low
443,Ahmed,Hegazy,52.0,12.0,2.0,15.0,76.0,10.0,83.0,25-03-2004,27.833333333333332,Low
4,Khaled,Salem,11.0,25.0,84.0,64.0,28.0,58.0,99.0,21-11-2004,45.0,Low
112,Omar,Mahmoud,34.0,79.0,58.0,24.0,19.0,78.0,62.0,03-02-2002,48.666666666666664,Low
661,Khaled,Tarek,71.0,26.0,30.0,37.0,6.0,79.0,52.0,13-03-2005,41.5,Low
1086,Omar,Ibrahim,21.0,42.0,29.0,96.0,20.0,91.0,57.0,10-10-2004,49.833333333333336,Low
705,Sara,Salem,50.0,63.0,46.0,45.0,41.0,53.0,89.0,19-04-2004,49.666666666666664,Low
910,Omar,Said,11.0,99.0,43.0,84.0,79.0,41.0,98.0,29-12-2002,59.5,Low
1038,Hassan,Fathy,65.0,71.0,30.0,0.0,98.0,72.0,81.0,04-01-2004,56.0,Low
535,Youssef,Mahmoud,84.0,44.0,55.0,0.0,42.0,13.0,55.0,31-10-2003,39.666666666666664,Low
315,Mona,Hegazy,41.0,0.0,28.0,0.0,30.0,51.0,57.0,21-11-2003,25.0,Low
1061,Ahmed,Unknown,52.0,26.0,56.0,20.0,63.0,39.0,76.0,27-11-2004,42.666666666666664,Low
320,Unknown,Ibrahim,1.0,79.0,13.0,45.0,71.0,71.0,64.0,11-05-2003,46.666666666666664,Low
717,Omar,Ibrahim,69.0,95.0,61.0,2.0,87.0,39.0,77.0,23-11-2003,58.833333333333336,Low
430,Sara,Said,86.0,20.0,69.0,18.0,54.0,83.0,61.0,29-08-2001,55.0,Low
6,Nour,Said,77.0,3.0,39.0,0.0,6.0,10.0,68.0,05-08-2003,22.5,Low
101,Sara,Salem,60.0,31.0,45.0,67.0,52.0,99.0,82.0,15-06-2003,59.0,Low
701,Youssef,Fathy,62.0,0.0,15.0,23.0,99.0,93.0,72.0,16-01-2005,48.666666666666664,Low
561,Laila,Tarek,75.0,31.0,22.0,56.0,27.0,37.0,83.0,19-08-2002,41.333333333333336,Low
598,Hassan,Tarek,24.0,86.0,93.0,100.0,15.0,43.0,50.0,20-08-2003,60.166666666666664,Medium
880,Omar,Salem,81.0,30.0,29.0,52.0,14.0,0.0,56.0,18-02-2005,34.333333333333336,Low
1166,Nour,Hegazy,67.0,60.0,77.0,44.0,68.0,40.0,70.0,21-07-2002,59.333333333333336,Low
1122,Khaled,Mahmoud,63.0,16.0,0.0,0.0,87.0,77.0,82.0,08-11-2001,40.5,Low
228,Youssef,Tarek,0.0,42.0,92.0,72.0,37.0,38.0,79.0,04-06-2004,46.833333333333336,Low
452,Omar,Said,76.0,71.0,16.0,54.0,82.0,35.0,98.0,18-11-2002,55.666666666666664,Low
579,Hassan,Said,91.0,67.0,0.0,95.0,21.0,13.0,75.0,25-03-2004,47.833333333333336,Low
1199,Ahmed,Ibrahim,37.0,65.0,47.0,63.0,59.0,0.0,98.0,28-11-2001,45.166666666666664,Low
896,Ahmed,Ali,10.0,87.0,35.0,53.0,53.0,47.0,89.0,11-06-2004,47.5,Low
67,Laila,Hassan,0.0,62.0,75.0,0.0,45.0,35.0,75.0,22-11-2001,36.166666666666664,Low
68,Fatma,Hassan,99.0,75.0,97.0,71.0,13.0,33.0,86.0,18-04-2005,64.66666666666667,Medium
391,Hassan,Mostafa,89.0,58.0,83.0,42.0,57.0,74.0,53.0,05-03-2001,67.16666666666667,Medium
212,Laila,Ali,32.0,8.0,61.0,7.0,91.0,54.0,75.0,18-03-2002,42.166666666666664,Low
13,Fatma,Tarek,94.0,21.0,79.0,16.0,0.0,9.0,53.0,26-11-2004,36.5,Low
853,Laila,Ibrahim,85.0,40.0,49.0,97.0,44.0,90.0,99.0,04-11-2001,67.5,Medium
711,Hassan,Mostafa,0.0,24.0,65.0,9.0,48.0,36.0,56.0,28-05-2001,30.333333333333332,Low
300,Hassan,Mostafa,73.0,0.0,0.0,63.0,3.0,26.0,67.0,14-04-2002,27.5,Low
504,Laila,Mahmoud,8.0,64.0,42.0,81.0,88.0,17.0,80.0,24-10-2001,50.0,Low
935,Youssef,Fathy,81.0,86.0,83.0,0.0,16.0,44.0,98.0,26-04-2002,51.666666666666664,Low
1200,Khaled,Fathy,74.0,11.0,63.0,84.0,98.0,36.0,74.0,17-08-2004,61.0,Medium
1135,Khaled,Ibrahim,14.0,63.0,32.0,59.0,31.0,32.0,91.0,22-07-2002,38.5,Low
683,Youssef,Hegazy,17.0,92.0,35.0,5.0,50.0,7.0,98.0,09-04-2005,34.333333333333336,Low
1195,Laila,Mahmoud,1.0,0.0,34.0,21.0,18.0,25.0,50.0,31-08-2004,16.5,Low
423,Khaled,Mahmoud,46.0,39.0,16.0,80.0,9.0,0.0,68.0,08-01-2001,31.666666666666668,Low
582,Unknown,Hassan,21.0,82.0,94.0,96.0,36.0,3.0,90.0,07-01-2002,55.333333333333336,Low
1084,Ahmed,Said,23.0,25.0,58.0,43.0,0.0,0.0,67.0,21-09-2004,24.833333333333332,Low
1177,Hassan,Mostafa,41.0,17.0,47.0,89.0,33.0,0.0,65.0,25-08-2004,37.833333333333336,Low
414,Ahmed,Mahmoud,34.0,55.0,4.0,72.0,28.0,68.0,92.0,26-12-2005,43.5,Low
1062,Ahmed,Ali,18.0,10.0,0.0,100.0,23.0,6.0,69.0,05-02-2004,26.166666666666668,Low
1089,Omar,Hassan,3.0,45.0,56.0,54.0,23.0,88.0,51.0,03-09-2005,44.833333333333336,Low
274,Youssef,Said,26.0,31.0,86.0,15.0,42.0,39.0,89.0,06-10-2004,39.833333333333336,Low
905,Khaled,Hassan,80.0,35.0,17.0,45.0,7.0,1.0,94.0,27-08-2003,30.833333333333332,Low
363,Mona,Mostafa,33.0,86.0,91.0,72.0,32.0,43.0,69.0,09-01-2002,59.5,Low
238,Hassan,Tarek,4.0,55.0,57.0,0.0,92.0,15.0,52.0,11-05-2001,37.166666666666664,Low
1154,Omar,Salem,54.0,33.0,87.0,25.0,0.0,61.0,64.0,08-07-2001,43.333333333333336,Low
498,Youssef,Ibrahim,52.0,43.0,1.0,94.0,18.0,89.0,52.0,20-03-2004,49.5,Low
3,Fatma,Said,53.0,100.0,92.0,83.0,13.0,45.0,74.0,27-05-2003,64.33333333333333,Medium
7,Unknown,Fathy,13.0,94.0,76.0,4.0,0.0,30.0,95.0,04-10-2003,36.166666666666664,Low
775,Ahmed,Said,55.0,94.0,6.0,63.0,55.0,59.0,70.0,24-11-2002,55.333333333333336,Low
312,Unknown,Ali,14.0,9.0,75.0,56.0,2.0,79.0,62.0,07-05-2005,39.166666666666664,Low
1081,Omar,Ibrahim,49.0,67.0,43.0,77.0,59.0,13.0,54.0,21-06-2004,51.333333333333336,Low
424,Youssef,Fathy,38.0,0.0,67.0,24.0,46.0,91.0,61.0,13-06-2005,44.333333333333336,Low
591,Khaled,Ibrahim,54.0,21.0,0.0,63.0,58.0,20.0,50.0,27-11-2003,36.0,Low
1040,Nour,Mostafa,12.0,41.0,0.0,66.0,14.0,0.0,91.0,18-07-2003,22.166666666666668,Low
1028,Mona,Mostafa,60.0,12.0,43.0,46.0,77.0,23.0,93.0,20-06-2003,43.5,Low
216,Ahmed,Mahmoud,85.0,96.0,39.0,39.0,52.0,92.0,62.0,11-12-2004,67.16666666666667,Medium
721,Nour,Ibrahim,37.0,53.0,71.0,88.0,7.0,32.0,59.0,20-04-2004,48.0,Low
28,Omar,Said,53.0,59.0,0.0,7.0,68.0,26.0,75.0,08-05-2003,35.5,Low
554,Ahmed,Said,7.0,93.0,11.0,89.0,82.0,93.0,58.0,14-07-2003,62.5,Medium
900,Youssef,Said,11.0,75.0,52.0,98.0,32.0,32.0,54.0,10-07-2002,50.0,Low
1074,Mona,Ali,99.0,71.0,97.0,66.0,98.0,17.0,86.0,03-04-2003,74.66666666666667,Medium
537,Hassan,Fathy,68.0,7.0,33.0,62.0,12.0,65.0,54.0,03-07-2005,41.166666666666664,Low
536,Sara,Salem,20.0,65.0,9.0,22.0,7.0,30.0,58.0,07-10-2002,25.5,Low
812,Hassan,Said,87.0,1.0,93.0,24.0,12.0,81.0,74.0,29-09-2005,49.666666666666664,Low
590,Khaled,Said,90.0,83.0,86.0,97.0,94.0,42.0,0.0,23-02-2001,82.0,Medium
1103,Nour,Mahmoud,48.0,91.0,25.0,76.0,41.0,33.0,96.0,05-07-2001,52.333333333333336,Low
1073,Laila,Salem,9.0,98.0,10.0,59.0,44.0,44.0,79.0,02-04-2001,44.0,Low
257,Hassan,Hegazy,63.0,5.0,96.0,32.0,51.0,0.0,53.0,07-07-2001,41.166666666666664,Low
292,Omar,Hegazy,88.0,87.0,46.0,93.0,33.0,0.0,95.0,07-05-2002,57.833333333333336,Low
26,Ahmed,Unknown,36.0,98.0,53.0,72.0,2.0,21.0,95.0,16-10-2004,47.0,Low
337,Unknown,Mahmoud,69.0,47.0,31.0,53.0,77.0,92.0,67.0,21-11-2003,61.5,Medium
708,Omar,Ibrahim,9.0,54.0,79.0,79.0,20.0,8.0,89.0,09-01-2002,41.5,Low
48,Laila,Hassan,54.0,16.0,73.0,24.0,24.0,0.0,83.0,12-05-2002,31.833333333333332,Low
319,Unknown,Hassan,11.0,26.0,0.0,24.0,9.0,46.0,87.0,25-09-2003,19.333333333333332,Low
107,Omar,Mostafa,69.0,93.0,0.0,62.0,96.0,96.0,77.0,13-04-2002,69.33333333333333,Medium
888,Nour,Salem,4.0,0.0,64.0,90.0,37.0,7.0,57.0,25-10-2003,33.666666666666664,Low
56,Laila,Mostafa,59.0,31.0,53.0,42.0,90.0,50.0,79.0,25-10-2004,54.166666666666664,Low
786,Omar,Ali,18.0,95.0,86.0,64.0,56.0,48.0,83.0,03-04-2002,61.166666666666664,Medium
214,Laila,Hassan,67.0,14.0,51.0,26.0,13.0,43.0,0.0,08-02-2004,35.666666666666664,Low
121,Nour,Ali,20.0,77.0,30.0,25.0,46.0,80.0,77.0,17-09-2001,46.333333333333336,Low
895,Hassan,Tarek,97.0,17.0,99.0,53.0,64.0,45.0,57.0,02-05-2002,62.5,Medium
1055,Hassan,Mostafa,16.0,94.0,69.0,47.0,0.0,91.0,79.0,15-01-2003,52.833333333333336,Low
913,Mona,Fathy,0.0,0.0,28.0,0.0,30.0,37.0,79.0,19-05-2002,15.833333333333334,Low
73,Sara,Mahmoud,99.0,70.0,60.0,52.0,79.0,4.0,75.0,30-10-2001,60.666666666666664,Medium
411,Mona,Hegazy,93.0,94.0,56.0,24.0,9.0,90.0,75.0,03-10-2005,61.0,Medium
990,Nour,Salem,6.0,74.0,57.0,35.0,25.0,15.0,66.0,12-06-2001,35.333333333333336,Low
937,Hassan,Ibrahim,50.0,60.0,40.0,15.0,12.0,64.0,66.0,15-11-2004,40.166666666666664,Low
592,Laila,Mostafa,0.0,10.0,15.0,78.0,53.0,14.0,71.0,23-05-2005,28.333333333333332,Low
433,Nour,Hegazy,3.0,21.0,50.0,93.0,73.0,32.0,60.0,14-01-2001,45.333333333333336,Low
975,Laila,Tarek,65.0,65.0,3.0,18.0,86.0,79.0,88.0,22-09-2003,52.666666666666664,Low
995,Youssef,Salem,36.0,98.0,77.0,56.0,19.0,26.0,61.0,11-12-2002,52.0,Low
870,Omar,Hegazy,62.0,19.0,3.0,60.0,37.0,30.0,98.0,26-11-2004,35.166666666666664,Low
1014,Omar,Mostafa,3.0,0.0,2.0,9.0,66.0,18.0,82.0,16-10-2001,16.333333333333332,Low
619,Khaled,Mahmoud,12.0,40.0,58.0,50.0,95.0,94.0,60.0,07-03-2003,58.166666666666664,Low
772,Laila,Mahmoud,23.0,60.0,92.0,35.0,33.0,53.0,95.0,23-03-2003,49.333333333333336,Low
631,Omar,Ali,48.0,85.0,18.0,16.0,0.0,64.0,87.0,03-04-2005,38.5,Low
326,Nour,Salem,39.0,25.0,11.0,54.0,73.0,86.0,64.0,19-03-2005,48.0,Low
567,Nour,Mostafa,51.0,100.0,83.0,57.0,62.0,37.0,88.0,14-04-2002,65.0,Medium
317,Omar,Mahmoud,83.0,66.0,67.0,32.0,22.0,48.0,81.0,06-01-2003,53.0,Low
681,Sara,Said,83.0,35.0,9.0,47.0,0.0,97.0,100.0,17-09-2002,45.166666666666664,Low
922,Nour,Tarek,32.0,95.0,94.0,43.0,34.0,56.0,75.0,22-03-2005,59.0,Low
466,Nour,Salem,71.0,22.0,8.0,13.0,27.0,60.0,97.0,17-10-2005,33.5,Low
583,Ahmed,Fathy,75.0,4.0,63.0,31.0,76.0,25.0,96.0,17-04-2005,45.666666666666664,Low
756,Mona,Said,97.0,67.0,30.0,74.0,0.0,17.0,50.0,19-06-2004,47.5,Low
1076,Fatma,Hegazy,53.0,0.0,17.0,60.0,46.0,59.0,64.0,26-05-2001,39.166666666666664,Low
555,Mona,Tarek,44.0,5.0,70.0,71.0,1.0,29.0,0.0,01-03-2002,36.666666666666664,Low
603,Mona,Fathy,5.0,22.0,68.0,81.0,13.0,20.0,94.0,14-07-2003,34.833333333333336,Low
61,Laila,Ali,82.0,90.0,94.0,1.0,44.0,0.0,87.0,17-04-2004,51.833333333333336,Low
434,Omar,Hassan,57.0,37.0,33.0,49.0,18.0,0.0,86.0,10-06-2003,32.333333333333336,Low
797,Khaled,Unknown,48.0,70.0,65.0,29.0,11.0,69.0,94.0,07-07-2003,48.666666666666664,Low
93,Khaled,Mahmoud,69.0,13.0,0.0,72.0,86.0,44.0,72.0,14-12-2001,47.333333333333336,Low
1037,Laila,Ibrahim,65.0,82.0,63.0,58.0,86.0,26.0,59.0,07-12-2003,63.333333333333336,Medium
483,Khaled,Ali,2.0,12.0,94.0,23.0,85.0,39.0,90.0,08-05-2002,42.5,Low
352,Mona,Said,27.0,37.0,0.0,82.0,59.0,98.0,81.0,09-03-2005,50.5,Low
195,Mona,Tarek,36.0,73.0,90.0,99.0,7.0,99.0,76.0,26-12-2003,67.33333333333333,Medium
281,Unknown,Salem,24.0,55.0,18.0,48.0,81.0,67.0,76.0,07-01-2001,48.833333333333336,Low
804,Nour,Tarek,55.0,74.0,36.0,55.0,13.0,5.0,59.0,24-05-2004,39.666666666666664,Low
552,Omar,Fathy,95.0,22.0,79.0,81.0,66.0,67.0,52.0,13-06-2005,68.33333333333333,Medium
360,Ahmed,Hegazy,67.0,0.0,45.0,0.0,18.0,24.0,70.0,25-01-2005,25.666666666666668,Low
966,Laila,Mahmoud,42.0,83.0,28.0,32.0,96.0,17.0,55.0,03-12-2002,49.666666666666664,Low
927,Sara,Hassan,26.0,20.0,47.0,16.0,3.0,85.0,74.0,18-12-2001,32.833333333333336,Low
845,Omar,Ali,95.0,41.0,68.0,32.0,99.0,22.0,85.0,15-12-2004,59.5,Low
668,Khaled,Tarek,89.0,62.0,62.0,48.0,69.0,13.0,82.0,04-03-2003,57.166666666666664,Low
549,Khaled,Salem,80.0,97.0,56.0,21.0,35.0,39.0,77.0,21-03-2004,54.666666666666664,Low
1035,Hassan,Hassan,15.0,85.0,40.0,57.0,61.0,1.0,98.0,16-05-2004,43.166666666666664,Low
183,Ahmed,Unknown,31.0,12.0,33.0,29.0,19.0,12.0,0.0,04-06-2003,22.666666666666668,Low
707,Sara,Tarek,76.0,26.0,0.0,42.0,31.0,40.0,62.0,12-09-2002,35.833333333333336,Low
524,Khaled,Mahmoud,54.0,27.0,96.0,36.0,0.0,40.0,98.0,07-04-2001,42.166666666666664,Low
111,Ahmed,Hegazy,41.0,97.0,0.0,0.0,11.0,59.0,60.0,03-06-2005,34.666666666666664,Low
371,Laila,Said,0.0,22.0,53.0,15.0,10.0,30.0,72.0,11-06-2004,21.666666666666668,Low
459,Sara,Tarek,58.0,34.0,16.0,73.0,96.0,95.0,74.0,19-06-2005,62.0,Medium
240,Omar,Mahmoud,21.0,85.0,20.0,87.0,20.0,0.0,93.0,20-04-2001,38.833333333333336,Low
902,Ahmed,Mahmoud,10.0,69.0,49.0,42.0,85.0,70.0,89.0,31-08-2003,54.166666666666664,Low
702,Mona,Mahmoud,28.0,18.0,36.0,92.0,17.0,73.0,61.0,17-03-2004,44.0,Low
652,Sara,Ibrahim,18.0,47.0,65.0,0.0,26.0,37.0,92.0,06-09-2001,32.166666666666664,Low
205,Omar,Fathy,48.0,53.0,84.0,10.0,48.0,30.0,97.0,18-01-2002,45.5,Low
1047,Sara,Tarek,86.0,8.0,73.0,60.0,15.0,0.0,0.0,18-06-2002,40.333333333333336,Low
1058,Mona,Hegazy,12.0,10.0,12.0,84.0,36.0,83.0,87.0,25-09-2001,39.5,Low
262,Sara,Hegazy,6.0,37.0,98.0,12.0,68.0,72.0,78.0,22-08-2004,48.833333333333336,Low
824,Mona,Tarek,49.0,66.0,23.0,16.0,13.0,14.0,96.0,16-07-2001,30.166666666666668,Low
714,Fatma,Mahmoud,27.0,35.0,37.0,30.0,54.0,72.0,73.0,30-12-2003,42.5,Low
472,Laila,Mahmoud,83.0,89.0,0.0,95.0,70.0,94.0,80.0,19-07-2003,71.83333333333333,Medium
340,Nour,Hassan,8.0,88.0,27.0,81.0,0.0,85.0,89.0,06-08-2005,48.166666666666664,Low
637,Sara,Hassan,36.0,1.0,0.0,73.0,0.0,1.0,79.0,02-10-2002,18.5,Low
807,Laila,Hegazy,30.0,64.0,83.0,68.0,80.0,67.0,70.0,30-10-2005,65.33333333333333,Medium
1149,Ahmed,Mostafa,28.0,51.0,1.0,68.0,59.0,10.0,90.0,07-09-2003,36.166666666666664,Low
184,Ahmed,Tarek,0.0,42.0,65.0,24.0,14.0,55.0,92.0,11-02-2004,33.333333333333336,Low
138,Khaled,Ali,45.0,84.0,63.0,30.0,75.0,16.0,67.0,06-12-2003,52.166666666666664,Low
696,Youssef,Mostafa,75.0,66.0,71.0,12.0,33.0,86.0,100.0,17-05-2001,57.166666666666664,Low
81,Youssef,Ali,46.0,58.0,3.0,10.0,72.0,78.0,69.0,10-12-2005,44.5,Low
1012,Hassan,Mostafa,45.0,2.0,75.0,43.0,43.0,40.0,55.0,04-09-2004,41.333333333333336,Low
528,Khaled,Fathy,47.0,2.0,44.0,84.0,19.0,63.0,74.0,24-02-2002,43.166666666666664,Low
1010,Ahmed,Hegazy,8.0,0.0,66.0,0.0,65.0,81.0,80.0,18-03-2005,36.666666666666664,Low
166,Ahmed,Mahmoud,43.0,58.0,36.0,34.0,21.0,77.0,93.0,29-10-2003,44.833333333333336,Low
249,Laila,Mostafa,75.0,87.0,4.0,76.0,86.0,0.0,66.0,03-09-2004,54.666666666666664,Low
308,Khaled,Fathy,71.0,72.0,3.0,88.0,64.0,68.0,54.0,13-05-2002,61.0,Medium
846,Fatma,Hassan,21.0,46.0,98.0,79.0,59.0,8.0,62.0,01-10-2004,51.833333333333336,Low
533,Khaled,Tarek,0.0,30.0,10.0,67.0,0.0,89.0,93.0,01-02-2005,32.666666666666664,Low
335,Nour,Salem,3.0,3.0,0.0,21.0,0.0,2.0,94.0,27-11-2001,4.833333333333333,Low
98,Youssef,Said,89.0,71.0,0.0,0.0,13.0,3.0,53.0,11-03-2001,29.333333333333332,Low
543,Fatma,Mostafa,32.0,73.0,65.0,50.0,14.0,39.0,57.0,21-01-2002,45.5,Low
674,Hassan,Hassan,45.0,80.0,68.0,70.0,79.0,35.0,75.0,29-06-2001,62.833333333333336,Medium
893,Ahmed,Mahmoud,63.0,77.0,100.0,83.0,92.0,42.0,75.0,18-07-2002,76.16666666666667,Medium
839,Laila,Fathy,0.0,9.0,10.0,80.0,7.0,72.0,82.0,08-06-2004,29.666666666666668,Low
761,Sara,Ali,43.0,41.0,87.0,0.0,15.0,100.0,88.0,10-08-2004,47.666666666666664,Low
625,Ahmed,Mahmoud,42.0,9.0,52.0,25.0,95.0,39.0,73.0,17-12-2002,43.666666666666664,Low
1139,Nour,Ali,0.0,21.0,29.0,52.0,10.0,15.0,51.0,27-05-2002,21.166666666666668,Low
303,Ahmed,Ibrahim,91.0,13.0,80.0,43.0,44.0,49.0,88.0,27-01-2002,53.333333333333336,Low
1032,Khaled,Ibrahim,39.0,91.0,8.0,0.0,17.0,9.0,79.0,04-10-2001,27.333333333333332,Low
389,Khaled,Ali,20.0,68.0,3.0,54.0,10.0,29.0,82.0,04-08-2002,30.666666666666668,Low
236,Khaled,Tarek,73.0,39.0,0.0,38.0,43.0,27.0,68.0,03-08-2004,36.666666666666664,Low
901,Omar,Ibrahim,20.0,21.0,81.0,21.0,99.0,43.0,77.0,24-09-2002,47.5,Low
873,Laila,Tarek,12.0,65.0,31.0,90.0,97.0,44.0,50.0,29-06-2005,56.5,Low
306,Ahmed,Ibrahim,100.0,66.0,39.0,94.0,74.0,98.0,56.0,01-03-2001,78.5,Medium
917,Omar,Said,0.0,19.0,0.0,21.0,50.0,67.0,58.0,18-09-2003,26.166666666666668,Low
1133,Khaled,Mahmoud,99.0,63.0,12.0,22.0,38.0,39.0,82.0,08-10-2005,45.5,Low
250,Ahmed,Ali,87.0,48.0,20.0,57.0,0.0,21.0,77.0,09-04-2004,38.833333333333336,Low
72,Unknown,Fathy,44.0,59.0,8.0,14.0,64.0,16.0,73.0,06-01-2004,34.166666666666664,Low
95,Youssef,Said,77.0,53.0,95.0,41.0,94.0,53.0,79.0,01-10-2003,68.83333333333333,Medium
951,Youssef,Ibrahim,18.0,77.0,31.0,8.0,58.0,28.0,87.0,10-05-2004,36.666666666666664,Low
34,Omar,Hegazy,0.0,94.0,76.0,69.0,57.0,82.0,52.0,23-06-2001,63.0,Medium
851,Sara,Fathy,12.0,83.0,97.0,79.0,86.0,0.0,87.0,17-01-2003,59.5,Low
449,Ahmed,Fathy,38.0,5.0,75.0,13.0,53.0,65.0,79.0,30-12-2005,41.5,Low
446,Sara,Salem,99.0,80.0,73.0,46.0,47.0,10.0,74.0,30-05-2005,59.166666666666664,Low
916,Khaled,Hegazy,51.0,35.0,84.0,25.0,77.0,5.0,100.0,11-10-2002,46.166666666666664,Low
1147,Sara,Tarek,86.0,49.0,64.0,3.0,67.0,12.0,79.0,24-03-2003,46.833333333333336,Low
753,Nour,Tarek,52.0,36.0,27.0,12.0,94.0,41.0,100.0,18-03-2002,43.666666666666664,Low
78,Hassan,Said,17.0,54.0,62.0,68.0,48.0,49.0,78.0,01-04-2003,49.666666666666664,Low
85,Fatma,Mostafa,32.0,12.0,49.0,20.0,0.0,85.0,79.0,12-02-2005,33.0,Low
595,Laila,Mahmoud,37.0,8.0,97.0,14.0,63.0,84.0,67.0,28-04-2003,50.5,Low
83,Fatma,Hassan,56.0,95.0,40.0,19.0,55.0,12.0,92.0,04-12-2002,46.166666666666664,Low
458,Omar,Salem,22.0,0.0,87.0,26.0,33.0,14.0,84.0,25-05-2001,30.333333333333332,Low
941,Sara,Hassan,34.0,14.0,15.0,41.0,36.0,31.0,78.0,21-06-2005,28.5,Low
437,Fatma,Fathy,37.0,7.0,77.0,1.0,27.0,5.0,93.0,18-02-2003,25.666666666666668,Low
1120,Mona,Fathy,68.0,29.0,6.0,12.0,0.0,31.0,68.0,31-05-2001,24.333333333333332,Low
993,Mona,Ibrahim,35.0,89.0,76.0,87.0,8.0,91.0,84.0,03-02-2005,64.33333333333333,Medium
405,Mona,Tarek,22.0,63.0,67.0,100.0,5.0,100.0,52.0,06-12-2001,59.5,Low
1098,Ahmed,Ali,33.0,74.0,82.0,79.0,69.0,61.0,72.0,27-11-2002,66.33333333333333,Medium
666,Khaled,Fathy,0.0,62.0,83.0,9.0,23.0,33.0,95.0,04-12-2003,35.0,Low
713,Ahmed,Hassan,38.0,0.0,26.0,58.0,12.0,100.0,99.0,05-11-2002,39.0,Low
105,Fatma,Said,76.0,91.0,48.0,50.0,5.0,2.0,84.0,02-06-2005,45.333333333333336,Low
1170,Nour,Hegazy,72.0,82.0,38.0,61.0,2.0,73.0,65.0,20-07-2005,54.666666666666664,Low
746,Sara,Salem,20.0,3.0,36.0,58.0,4.0,42.0,57.0,16-01-2004,27.166666666666668,Low
63,Sara,Hegazy,23.0,81.0,79.0,65.0,24.0,54.0,74.0,26-02-2001,54.333333333333336,Low
282,Unknown,Mahmoud,2.0,27.0,82.0,50.0,82.0,0.0,85.0,11-05-2005,40.5,Low
728,Khaled,Salem,40.0,12.0,62.0,99.0,70.0,46.0,91.0,17-02-2003,54.833333333333336,Low
239,Hassan,Mostafa,1.0,5.0,90.0,18.0,48.0,15.0,82.0,18-05-2005,29.5,Low
224,Sara,Tarek,57.0,64.0,12.0,83.0,29.0,51.0,93.0,06-02-2004,49.333333333333336,Low
146,Ahmed,Mahmoud,35.0,19.0,75.0,65.0,33.0,12.0,62.0,15-02-2005,39.833333333333336,Low
1176,Ahmed,Tarek,0.0,77.0,22.0,2.0,41.0,29.0,70.0,29-06-2002,28.5,Low
374,Omar,Tarek,59.0,39.0,70.0,27.0,76.0,0.0,82.0,30-12-2003,45.166666666666664,Low
119,Youssef,Said,83.0,56.0,87.0,18.0,21.0,5.0,61.0,21-07-2005,45.0,Low
894,Khaled,Tarek,90.0,100.0,52.0,35.0,14.0,91.0,92.0,13-03-2001,63.666666666666664,Medium
251,Fatma,Mahmoud,39.0,20.0,0.0,72.0,52.0,48.0,79.0,26-01-2005,38.5,Low
10,Khaled,Fathy,19.0,37.0,93.0,27.0,86.0,37.0,65.0,23-05-2005,49.833333333333336,Low
450,Omar,Said,8.0,34.0,92.0,92.0,49.0,52.0,62.0,26-10-2002,54.5,Low
390,Youssef,Hegazy,27.0,72.0,38.0,78.0,43.0,21.0,69.0,19-10-2001,46.5,Low
1004,Unknown,Fathy,0.0,65.0,68.0,20.0,95.0,0.0,71.0,06-11-2003,41.333333333333336,Low
558,Youssef,Ibrahim,39.0,92.0,44.0,22.0,63.0,32.0,54.0,06-07-2003,48.666666666666664,Low
461,Youssef,Said,97.0,5.0,5.0,86.0,41.0,23.0,0.0,18-08-2003,42.833333333333336,Low
1160,Mona,Mahmoud,12.0,3.0,73.0,32.0,47.0,55.0,94.0,12-09-2004,37.0,Low
145,Ahmed,Salem,88.0,48.0,48.0,40.0,0.0,71.0,74.0,21-05-2003,49.166666666666664,Low
502,Ahmed,Ibrahim,0.0,70.0,51.0,100.0,91.0,78.0,78.0,11-04-2002,65.0,Medium
1171,Fatma,Hassan,20.0,35.0,11.0,30.0,94.0,73.0,80.0,08-04-2004,43.833333333333336,Low
540,Ahmed,Tarek,100.0,79.0,30.0,43.0,34.0,54.0,70.0,27-09-2004,56.666666666666664,Low
178,Sara,Unknown,90.0,12.0,18.0,0.0,47.0,96.0,55.0,01-12-2001,43.833333333333336,Low
1109,Youssef,Tarek,17.0,56.0,28.0,94.0,16.0,49.0,77.0,30-06-2005,43.333333333333336,Low
771,Nour,Tarek,32.0,84.0,0.0,0.0,93.0,67.0,63.0,27-10-2001,46.0,Low
862,Fatma,Ibrahim,84.0,72.0,0.0,91.0,96.0,94.0,75.0,28-06-2005,72.83333333333333,Medium
8,Youssef,Mostafa,33.0,81.0,22.0,79.0,52.0,10.0,0.0,10-04-2005,46.166666666666664,Low
788,Omar,Mostafa,73.0,15.0,41.0,37.0,12.0,44.0,53.0,21-01-2003,37.0,Low
939,Ahmed,Fathy,3.0,45.0,100.0,71.0,57.0,49.0,90.0,21-10-2002,54.166666666666664,Low
358,Nour,Hegazy,2.0,20.0,85.0,75.0,25.0,17.0,78.0,22-07-2003,37.333333333333336,Low
330,Hassan,Unknown,7.0,94.0,87.0,15.0,52.0,83.0,57.0,04-01-2001,56.333333333333336,Low
779,Mona,Mostafa,67.0,58.0,57.0,73.0,71.0,54.0,73.0,09-03-2005,63.333333333333336,Medium
924,Hassan,Hassan,87.0,58.0,48.0,42.0,28.0,5.0,79.0,13-11-2003,44.666666666666664,Low
259,Hassan,Unknown,48.0,55.0,2.0,23.0,6.0,24.0,78.0,17-01-2002,26.333333333333332,Low
969,Nour,Unknown,9.0,72.0,14.0,47.0,22.0,67.0,50.0,08-01-2004,38.5,Low
994,Fatma,Hassan,0.0,15.0,67.0,54.0,60.0,53.0,78.0,28-06-2003,41.5,Low
859,Omar,Salem,97.0,65.0,75.0,75.0,12.0,33.0,0.0,04-05-2005,59.5,Low
809,Laila,Ibrahim,49.0,91.0,64.0,5.0,60.0,84.0,50.0,22-05-2003,58.833333333333336,Low
923,Laila,Mostafa,61.0,15.0,77.0,99.0,0.0,72.0,50.0,03-05-2001,54.0,Low
526,Hassan,Mostafa,92.0,0.0,39.0,42.0,71.0,56.0,51.0,14-08-2004,50.0,Low
906,Fatma,Fathy,0.0,21.0,21.0,34.0,27.0,16.0,58.0,17-02-2002,19.833333333333332,Low
724,Nour,Ali,93.0,44.0,70.0,23.0,62.0,18.0,58.0,09-09-2001,51.666666666666664,Low
833,Khaled,Hegazy,100.0,29.0,80.0,49.0,5.0,36.0,96.0,23-05-2002,49.833333333333336,Low
1198,Sara,Ibrahim,0.0,74.0,69.0,31.0,16.0,95.0,92.0,22-05-2003,47.5,Low
441,Youssef,Mahmoud,98.0,16.0,31.0,57.0,19.0,53.0,61.0,22-10-2005,45.666666666666664,Low
532,Nour,Salem,10.0,42.0,89.0,75.0,0.0,77.0,66.0,20-01-2004,48.833333333333336,Low
227,Omar,Mahmoud,38.0,0.0,61.0,76.0,35.0,17.0,97.0,07-01-2004,37.833333333333336,Low
229,Nour,Hegazy,48.0,94.0,42.0,3.0,79.0,14.0,0.0,17-01-2004,46.666666666666664,Low
1093,Ahmed,Mostafa,7.0,12.0,18.0,32.0,56.0,49.0,81.0,10-08-2002,29.0,Low
213,Youssef,Said,49.0,31.0,94.0,3.0,60.0,68.0,71.0,05-12-2004,50.833333333333336,Low
80,Hassan,Salem,0.0,0.0,77.0,37.0,12.0,90.0,0.0,16-12-2003,36.0,Low
149,Laila,Ibrahim,23.0,53.0,55.0,39.0,20.0,61.0,0.0,01-05-2004,41.833333333333336,Low
650,Ahmed,Mostafa,63.0,56.0,94.0,17.0,79.0,93.0,95.0,10-05-2001,67.0,Medium
782,Fatma,Mahmoud,64.0,65.0,24.0,20.0,86.0,55.0,92.0,12-03-2002,52.333333333333336,Low
134,Mona,Ibrahim,99.0,51.0,14.0,76.0,70.0,96.0,88.0,06-08-2002,67.66666666666667,Medium
886,Khaled,Ibrahim,7.0,11.0,57.0,6.0,84.0,37.0,61.0,05-01-2004,33.666666666666664,Low
409,Unknown,Ali,68.0,93.0,0.0,11.0,7.0,93.0,77.0,07-03-2005,45.333333333333336,Low
869,Laila,Ibrahim,91.0,47.0,31.0,73.0,6.0,57.0,86.0,17-12-2004,50.833333333333336,Low
508,Ahmed,Said,88.0,12.0,66.0,75.0,20.0,23.0,54.0,08-03-2001,47.333333333333336,Low
979,Fatma,Ibrahim,55.0,88.0,43.0,0.0,41.0,16.0,0.0,18-03-2001,40.5,Low
505,Hassan,Ibrahim,63.0,98.0,89.0,46.0,35.0,93.0,51.0,05-05-2002,70.66666666666667,Medium
744,Omar,Hegazy,37.0,8.0,35.0,10.0,75.0,6.0,50.0,17-03-2003,28.5,Low
348,Youssef,Tarek,29.0,85.0,19.0,26.0,56.0,36.0,51.0,22-12-2002,41.833333333333336,Low
387,Khaled,Hegazy,29.0,58.0,91.0,12.0,11.0,1.0,72.0,25-03-2003,33.666666666666664,Low
1,Youssef,Tarek,89.0,95.0,36.0,9.0,44.0,80.0,59.0,07-12-2002,58.833333333333336,Low
361,Laila,Tarek,24.0,69.0,31.0,36.0,21.0,26.0,79.0,17-12-2002,34.5,Low
1191,Mona,Tarek,100.0,89.0,97.0,20.0,72.0,80.0,85.0,16-07-2002,76.33333333333333,Medium
476,Fatma,Hegazy,13.0,58.0,2.0,86.0,98.0,81.0,71.0,08-04-2002,56.333333333333336,Low
1099,Fatma,Hegazy,81.0,95.0,86.0,30.0,27.0,47.0,67.0,16-08-2005,61.0,Medium
835,Khaled,Hassan,86.0,37.0,78.0,42.0,37.0,37.0,71.0,02-01-2002,52.833333333333336,Low
173,Khaled,Tarek,56.0,15.0,61.0,19.0,55.0,20.0,58.0,01-06-2005,37.666666666666664,Low
451,Khaled,Fathy,98.0,13.0,47.0,23.0,27.0,98.0,91.0,17-12-2005,51.0,Low
126,Laila,Mostafa,69.0,58.0,97.0,46.0,8.0,0.0,76.0,02-06-2004,46.333333333333336,Low
847,Khaled,Mahmoud,67.0,36.0,12.0,10.0,56.0,82.0,65.0,29-03-2001,43.833333333333336,Low
531,Youssef,Hegazy,34.0,14.0,4.0,55.0,70.0,87.0,60.0,29-05-2003,44.0,Low
91,Omar,Hegazy,90.0,0.0,68.0,25.0,7.0,46.0,71.0,28-09-2001,39.333333333333336,Low
182,Khaled,Hegazy,81.0,81.0,67.0,81.0,98.0,55.0,94.0,05-10-2002,77.16666666666667,Medium
725,Ahmed,Ibrahim,0.0,18.0,63.0,0.0,91.0,0.0,87.0,01-07-2001,28.666666666666668,Low
415,Laila,Ali,32.0,33.0,49.0,49.0,14.0,57.0,59.0,30-10-2001,39.0,Low
252,Laila,Hegazy,37.0,0.0,46.0,96.0,51.0,51.0,89.0,31-08-2004,46.833333333333336,Low
70,Hassan,Mostafa,18.0,37.0,0.0,49.0,47.0,33.0,86.0,07-04-2002,30.666666666666668,Low
132,Youssef,Hegazy,23.0,68.0,0.0,72.0,43.0,26.0,60.0,11-07-2002,38.666666666666664,Low
301,Khaled,Fathy,7.0,30.0,0.0,0.0,87.0,18.0,95.0,08-12-2002,23.666666666666668,Low
737,Mona,Ibrahim,84.0,72.0,8.0,25.0,2.0,27.0,85.0,06-11-2004,36.333333333333336,Low
327,Ahmed,Said,32.0,46.0,81.0,0.0,19.0,0.0,84.0,21-05-2004,29.666666666666668,Low
876,Nour,Fathy,99.0,35.0,0.0,30.0,4.0,0.0,82.0,10-05-2003,28.0,Low
500,Omar,Mostafa,35.0,60.0,51.0,9.0,32.0,64.0,0.0,16-06-2005,41.833333333333336,Low
732,Sara,Hegazy,54.0,99.0,7.0,93.0,74.0,82.0,54.0,07-08-2002,68.16666666666667,Medium
1023,Laila,Hassan,76.0,18.0,0.0,0.0,7.0,100.0,64.0,29-07-2002,33.5,Low
496,Ahmed,Hassan,13.0,31.0,98.0,64.0,0.0,48.0,84.0,09-10-2005,42.333333333333336,Low
339,Fatma,Fathy,31.0,0.0,14.0,35.0,11.0,7.0,73.0,19-02-2005,16.333333333333332,Low
422,Ahmed,Salem,27.0,21.0,93.0,0.0,25.0,20.0,100.0,04-12-2004,31.0,Low
165,Ahmed,Ibrahim,69.0,89.0,16.0,79.0,59.0,14.0,53.0,30-07-2004,54.333333333333336,Low
29,Youssef,Mostafa,20.0,61.0,55.0,20.0,83.0,63.0,87.0,28-02-2001,50.333333333333336,Low
517,Khaled,Ali,67.0,79.0,12.0,6.0,48.0,83.0,80.0,02-09-2005,49.166666666666664,Low
194,Ahmed,Mahmoud,56.0,0.0,9.0,80.0,25.0,40.0,67.0,11-09-2005,35.0,Low
837,Mona,Said,67.0,24.0,14.0,49.0,51.0,74.0,59.0,16-04-2004,46.5,Low
863,Nour,Hassan,45.0,0.0,32.0,60.0,79.0,95.0,50.0,01-10-2002,51.833333333333336,Low
170,Sara,Mostafa,55.0,27.0,44.0,66.0,50.0,69.0,50.0,05-09-2005,51.833333333333336,Low
784,Nour,Salem,46.0,87.0,0.0,12.0,54.0,24.0,68.0,19-11-2001,37.166666666666664,Low
653,Hassan,Mahmoud,10.0,41.0,90.0,60.0,77.0,0.0,85.0,31-01-2005,46.333333333333336,Low
174,Ahmed,Hegazy,20.0,1.0,0.0,13.0,70.0,39.0,50.0,05-02-2002,23.833333333333332,Low
519,Omar,Said,91.0,15.0,56.0,9.0,23.0,29.0,97.0,07-09-2005,37.166666666666664,Low
1024,Mona,Ali,44.0,90.0,67.0,78.0,9.0,51.0,84.0,06-09-2005,56.5,Low
1106,Sara,Ali,94.0,44.0,82.0,87.0,79.0,79.0,82.0,20-07-2002,77.5,Medium
492,Youssef,Ibrahim,0.0,18.0,26.0,59.0,100.0,48.0,78.0,06-09-2003,41.833333333333336,Low
74,Unknown,Hassan,93.0,98.0,52.0,43.0,81.0,0.0,69.0,06-11-2004,61.166666666666664,Medium
1054,Fatma,Hegazy,64.0,78.0,70.0,21.0,33.0,6.0,97.0,02-10-2004,45.333333333333336,Low
588,Khaled,Ali,87.0,21.0,43.0,94.0,46.0,9.0,100.0,05-06-2002,50.0,Low
658,Mona,Fathy,0.0,1.0,62.0,50.0,43.0,67.0,96.0,13-04-2005,37.166666666666664,Low
235,Khaled,Said,64.0,84.0,56.0,76.0,92.0,71.0,63.0,16-03-2003,73.83333333333333,Medium
215,Hassan,Mahmoud,70.0,11.0,60.0,43.0,67.0,12.0,72.0,18-08-2001,43.833333333333336,Low
163,Hassan,Hegazy,88.0,7.0,20.0,44.0,28.0,93.0,81.0,25-02-2005,46.666666666666664,Low
133,Omar,Ali,56.0,0.0,76.0,27.0,100.0,51.0,83.0,12-05-2001,51.666666666666664,Low
860,Hassan,Ali,0.0,11.0,6.0,16.0,27.0,32.0,93.0,25-06-2005,15.333333333333334,Low
950,Omar,Mahmoud,71.0,86.0,80.0,6.0,72.0,54.0,95.0,12-10-2003,61.5,Medium
1034,Khaled,Hegazy,33.0,52.0,60.0,63.0,22.0,77.0,84.0,18-08-2001,51.166666666666664,Low
186,Sara,Ibrahim,0.0,93.0,54.0,18.0,76.0,77.0,92.0,26-10-2001,53.0,Low
42,Sara,Mostafa,0.0,12.0,32.0,1.0,0.0,80.0,97.0,06-04-2001,20.833333333333332,Low
693,Khaled,Mostafa,39.0,51.0,84.0,90.0,48.0,85.0,67.0,18-01-2002,66.16666666666667,Medium
109,Mona,Tarek,50.0,27.0,21.0,0.0,17.0,79.0,83.0,02-05-2001,32.333333333333336,Low
947,Omar,Mahmoud,80.0,97.0,11.0,29.0,69.0,46.0,60.0,06-06-2004,55.333333333333336,Low
569,Youssef,Ali,21.0,83.0,78.0,34.0,85.0,20.0,79.0,06-01-2001,53.5,Low
715,Youssef,Ibrahim,2.0,1.0,89.0,0.0,16.0,71.0,51.0,26-08-2002,29.833333333333332,Low
1066,Khaled,Mostafa,30.0,18.0,59.0,25.0,11.0,12.0,54.0,05-07-2002,25.833333333333332,Low
484,Hassan,Salem,41.0,6.0,0.0,87.0,36.0,23.0,89.0,28-11-2003,32.166666666666664,Low
469,Omar,Hassan,18.0,25.0,82.0,64.0,80.0,81.0,0.0,13-09-2001,58.333333333333336,Low
25,Hassan,Mostafa,25.0,23.0,68.0,80.0,40.0,90.0,90.0,25-08-2001,54.333333333333336,Low
1150,Khaled,Mostafa,32.0,32.0,5.0,32.0,22.0,51.0,69.0,18-06-2003,29.0,Low
1129,Fatma,Tarek,26.0,88.0,25.0,23.0,46.0,33.0,61.0,30-03-2005,40.166666666666664,Low
920,Khaled,Salem,99.0,66.0,30.0,27.0,49.0,0.0,99.0,23-12-2002,45.166666666666664,Low
1064,Nour,Hegazy,24.0,97.0,69.0,0.0,33.0,24.0,81.0,29-03-2001,41.166666666666664,Low
367,Fatma,Salem,60.0,20.0,92.0,1.0,82.0,35.0,86.0,15-12-2002,48.333333333333336,Low
936,Ahmed,Ali,91.0,13.0,0.0,79.0,39.0,8.0,89.0,28-05-2005,38.333333333333336,Low
1107,Ahmed,Ibrahim,92.0,0.0,49.0,73.0,1.0,46.0,56.0,21-05-2005,43.5,Low
384,Nour,Mostafa,2.0,54.0,81.0,62.0,70.0,97.0,56.0,11-09-2002,61.0,Medium
718,Ahmed,Hassan,26.0,0.0,45.0,54.0,43.0,53.0,68.0,06-01-2004,36.833333333333336,Low
455,Fatma,Said,96.0,53.0,65.0,71.0,85.0,91.0,57.0,03-02-2005,76.83333333333333,Medium
265,Hassan,Ali,25.0,85.0,24.0,15.0,91.0,93.0,55.0,13-12-2001,55.5,Low
842,Hassan,Salem,58.0,39.0,89.0,45.0,96.0,2.0,63.0,30-10-2001,54.833333333333336,Low
233,Sara,Unknown,69.0,92.0,94.0,47.0,22.0,51.0,66.0,30-08-2004,62.5,Medium
445,Fatma,Ibrahim,13.0,37.0,85.0,89.0,10.0,5.0,72.0,03-08-2002,39.833333333333336,Low
396,Ahmed,Ali,51.0,29.0,65.0,35.0,24.0,15.0,70.0,07-02-2002,36.5,Low
885,Nour,Mahmoud,84.0,14.0,79.0,79.0,88.0,13.0,62.0,26-08-2003,59.5,Low
177,Ahmed,Mostafa,32.0,29.0,51.0,0.0,0.0,1.0,96.0,13-02-2004,18.833333333333332,Low
19,Mona,Mostafa,3.0,95.0,89.0,41.0,0.0,0.0,76.0,14-01-2003,38.0,Low
1104,Nour,Mahmoud,78.0,53.0,26.0,0.0,22.0,98.0,67.0,14-01-2002,46.166666666666664,Low
1159,Khaled,Mahmoud,20.0,89.0,91.0,89.0,54.0,7.0,90.0,13-10-2001,58.333333333333336,Low
907,Hassan,Fathy,19.0,77.0,65.0,3.0,44.0,51.0,51.0,01-05-2001,43.166666666666664,Low
757,Ahmed,Tarek,31.0,92.0,13.0,69.0,32.0,41.0,81.0,21-09-2002,46.333333333333336,Low
596,Hassan,Tarek,5.0,59.0,27.0,5.0,5.0,84.0,97.0,06-11-2002,30.833333333333332,Low
62,Mona,Tarek,21.0,84.0,17.0,93.0,91.0,4.0,93.0,16-05-2001,51.666666666666664,Low
273,Fatma,Mostafa,13.0,57.0,54.0,83.0,69.0,37.0,62.0,07-09-2004,52.166666666666664,Low
1183,Mona,Mostafa,98.0,58.0,9.0,2.0,74.0,45.0,55.0,27-07-2003,47.666666666666664,Low
279,Mona,Said,62.0,57.0,0.0,62.0,27.0,6.0,0.0,19-04-2002,35.666666666666664,Low
938,Ahmed,Ali,0.0,70.0,82.0,1.0,51.0,76.0,74.0,03-10-2005,46.666666666666664,Low
695,Ahmed,Tarek,96.0,28.0,0.0,78.0,12.0,11.0,71.0,17-03-2004,37.5,Low
369,Khaled,Mostafa,92.0,98.0,43.0,22.0,90.0,5.0,93.0,25-03-2002,58.333333333333336,Low
736,Youssef,Hegazy,100.0,35.0,92.0,78.0,71.0,80.0,66.0,28-03-2004,76.0,Medium
912,Fatma,Said,16.0,88.0,38.0,99.0,10.0,80.0,56.0,06-02-2005,55.166666666666664,Low
959,Laila,Hassan,60.0,82.0,32.0,49.0,96.0,0.0,65.0,13-04-2004,53.166666666666664,Low
1141,Ahmed,Mostafa,55.0,81.0,15.0,96.0,58.0,97.0,87.0,08-02-2004,67.0,Medium
856,Ahmed,Salem,50.0,31.0,58.0,87.0,85.0,75.0,97.0,18-01-2001,64.33333333333333,Medium
548,Sara,Ibrahim,34.0,59.0,0.0,15.0,51.0,25.0,70.0,20-03-2001,30.666666666666668,Low
1085,Fatma,Ibrahim,78.0,11.0,93.0,15.0,17.0,95.0,74.0,24-03-2004,51.5,Low
689,Omar,Said,81.0,15.0,73.0,68.0,17.0,45.0,0.0,11-08-2004,49.833333333333336,Low
739,Laila,Ibrahim,48.0,37.0,93.0,3.0,28.0,26.0,80.0,03-07-2004,39.166666666666664,Low
1003,Laila,Mostafa,72.0,80.0,4.0,0.0,64.0,92.0,57.0,25-03-2003,52.0,Low
457,Sara,Fathy,90.0,12.0,9.0,1.0,0.0,6.0,67.0,02-11-2001,19.666666666666668,Low
394,Unknown,Fathy,84.0,59.0,27.0,32.0,97.0,12.0,83.0,11-01-2001,51.833333333333336,Low
676,Omar,Ali,29.0,84.0,1.0,30.0,31.0,60.0,54.0,21-05-2004,39.166666666666664,Low
1016,Hassan,Mahmoud,94.0,90.0,56.0,78.0,25.0,49.0,73.0,24-08-2003,65.33333333333333,Medium
729,Sara,Said,11.0,42.0,84.0,0.0,25.0,45.0,84.0,27-06-2002,34.5,Low
420,Youssef,Said,98.0,0.0,73.0,48.0,0.0,90.0,88.0,09-06-2002,51.5,Low
376,Fatma,Ali,10.0,88.0,17.0,50.0,100.0,0.0,66.0,31-08-2002,44.166666666666664,Low
413,Khaled,Ali,90.0,84.0,11.0,63.0,37.0,82.0,73.0,24-03-2002,61.166666666666664,Medium
75,Fatma,Mostafa,54.0,47.0,17.0,7.0,6.0,17.0,58.0,31-08-2002,24.666666666666668,Low
1179,Sara,Said,100.0,28.0,49.0,50.0,19.0,18.0,88.0,11-12-2004,44.0,Low
963,Khaled,Mahmoud,21.0,31.0,8.0,77.0,0.0,27.0,90.0,14-10-2001,27.333333333333332,Low
501,Hassan,Mahmoud,39.0,16.0,65.0,62.0,43.0,31.0,59.0,02-05-2005,42.666666666666664,Low
991,Fatma,Mahmoud,66.0,28.0,88.0,2.0,0.0,68.0,64.0,04-08-2001,42.0,Low
617,Nour,Mostafa,55.0,57.0,46.0,42.0,52.0,33.0,81.0,25-08-2002,47.5,Low
115,Ahmed,Ibrahim,68.0,37.0,70.0,25.0,58.0,0.0,83.0,24-03-2002,43.0,Low
418,Nour,Ali,33.0,88.0,17.0,98.0,81.0,27.0,93.0,02-09-2002,57.333333333333336,Low
602,Mona,Salem,11.0,72.0,58.0,25.0,45.0,17.0,92.0,14-06-2004,38.0,Low
605,Youssef,Unknown,26.0,82.0,52.0,50.0,0.0,97.0,63.0,13-01-2005,51.166666666666664,Low
90,Omar,Fathy,0.0,76.0,75.0,97.0,15.0,98.0,56.0,14-12-2005,60.166666666666664,Medium
918,Khaled,Fathy,69.0,17.0,79.0,57.0,0.0,50.0,59.0,04-11-2001,45.333333333333336,Low
754,Mona,Said,29.0,0.0,47.0,8.0,12.0,12.0,70.0,01-04-2004,18.0,Low
499,Hassan,Said,60.0,23.0,76.0,43.0,71.0,89.0,53.0,12-11-2004,60.333333333333336,Medium
978,Fatma,Ali,34.0,90.0,48.0,5.0,0.0,6.0,79.0,06-04-2001,30.5,Low
985,Laila,Salem,18.0,0.0,63.0,22.0,61.0,55.0,53.0,13-05-2003,36.5,Low
983,Omar,Ali,46.0,43.0,2.0,94.0,67.0,11.0,79.0,27-03-2001,43.833333333333336,Low
12,Fatma,Unknown,15.0,86.0,67.0,22.0,58.0,93.0,78.0,11-08-2003,56.833333333333336,Low
397,Sara,Fathy,33.0,10.0,77.0,9.0,3.0,96.0,73.0,04-09-2005,38.0,Low
1094,Sara,Fathy,81.0,0.0,4.0,0.0,0.0,2.0,57.0,28-06-2004,14.5,Low
556,Laila,Ali,0.0,55.0,38.0,69.0,43.0,18.0,53.0,10-09-2005,37.166666666666664,Low
43,Nour,Hegazy,2.0,88.0,70.0,36.0,76.0,64.0,99.0,25-08-2002,56.0,Low
168,Laila,Tarek,44.0,38.0,0.0,74.0,80.0,38.0,81.0,13-03-2004,45.666666666666664,Low
417,Nour,Tarek,15.0,51.0,11.0,88.0,22.0,26.0,62.0,03-05-2001,35.5,Low
268,Laila,Mostafa,14.0,42.0,0.0,95.0,93.0,52.0,0.0,20-08-2003,49.333333333333336,Low
899,Mona,Salem,46.0,57.0,51.0,29.0,19.0,30.0,0.0,24-04-2005,38.666666666666664,Low
427,Mona,Said,19.0,62.0,40.0,68.0,65.0,54.0,86.0,28-08-2003,51.333333333333336,Low
691,Ahmed,Mahmoud,18.0,73.0,89.0,16.0,76.0,78.0,82.0,19-10-2001,58.333333333333336,Low
545,Hassan,Ali,60.0,68.0,40.0,89.0,60.0,24.0,69.0,28-08-2003,56.833333333333336,Low
1180,Hassan,Said,47.0,15.0,88.0,15.0,96.0,52.0,83.0,07-01-2002,52.166666666666664,Low
675,Ahmed,Tarek,86.0,35.0,8.0,82.0,74.0,38.0,71.0,29-09-2002,53.833333333333336,Low
690,Sara,Hegazy,0.0,13.0,4.0,56.0,63.0,40.0,56.0,28-03-2005,29.333333333333332,Low
160,Fatma,Ali,15.0,22.0,27.0,13.0,92.0,80.0,88.0,15-06-2002,41.5,Low
986,Laila,Ibrahim,0.0,74.0,44.0,53.0,6.0,45.0,72.0,08-11-2004,37.0,Low
258,Omar,Mahmoud,62.0,0.0,64.0,16.0,42.0,85.0,87.0,07-11-2001,44.833333333333336,Low
944,Fatma,Fathy,71.0,40.0,28.0,80.0,60.0,94.0,85.0,29-03-2002,62.166666666666664,Medium
336,Omar,Ibrahim,93.0,86.0,78.0,2.0,61.0,100.0,64.0,08-07-2002,70.0,Medium
964,Youssef,Said,92.0,0.0,61.0,79.0,0.0,35.0,53.0,14-09-2001,44.5,Low
16,Unknown,Said,82.0,10.0,24.0,13.0,46.0,7.0,80.0,30-03-2004,30.333333333333332,Low
1005,Khaled,Fathy,35.0,28.0,30.0,82.0,29.0,71.0,71.0,20-06-2003,45.833333333333336,Low
325,Sara,Said,26.0,43.0,82.0,4.0,55.0,0.0,69.0,24-10-2001,35.0,Low
769,Fatma,Salem,56.0,34.0,91.0,46.0,63.0,58.0,76.0,25-08-2004,58.0,Low
608,Fatma,Said,64.0,46.0,23.0,52.0,25.0,40.0,67.0,12-10-2002,41.666666666666664,Low
1108,Youssef,Ibrahim,25.0,27.0,41.0,40.0,23.0,90.0,100.0,21-09-2002,41.0,Low
890,Fatma,Mahmoud,100.0,23.0,50.0,88.0,86.0,20.0,80.0,02-10-2001,61.166666666666664,Medium
817,Fatma,Ali,3.0,74.0,87.0,18.0,58.0,90.0,81.0,18-06-2001,55.0,Low
223,Hassan,Tarek,0.0,11.0,32.0,51.0,68.0,24.0,73.0,03-05-2005,31.0,Low
180,Mona,Salem,0.0,92.0,6.0,41.0,20.0,38.0,58.0,30-08-2005,32.833333333333336,Low
100,Fatma,Ali,68.0,76.0,34.0,77.0,93.0,54.0,72.0,11-12-2004,67.0,Medium
758,Khaled,Said,66.0,43.0,96.0,0.0,96.0,50.0,69.0,25-09-2005,58.5,Low
522,Khaled,Salem,85.0,44.0,12.0,27.0,12.0,57.0,59.0,10-04-2005,39.5,Low
762,Ahmed,Said,0.0,8.0,0.0,55.0,43.0,2.0,79.0,02-03-2001,18.0,Low
23,Nour,Ali,23.0,9.0,8.0,0.0,7.0,86.0,80.0,27-10-2005,22.166666666666668,Low
357,Nour,Tarek,24.0,24.0,61.0,100.0,59.0,82.0,72.0,06-03-2005,58.333333333333336,Low
734,Hassan,Unknown,78.0,51.0,45.0,38.0,84.0,53.0,60.0,01-09-2004,58.166666666666664,Low
1167,Mona,Fathy,46.0,34.0,21.0,89.0,73.0,20.0,53.0,25-12-2002,47.166666666666664,Low
612,Fatma,Mostafa,39.0,27.0,57.0,77.0,46.0,0.0,60.0,22-03-2003,41.0,Low
1071,Hassan,Hegazy,61.0,91.0,99.0,10.0,86.0,61.0,71.0,13-07-2004,68.0,Medium
341,Youssef,Ali,11.0,65.0,23.0,81.0,26.0,28.0,63.0,14-05-2004,39.0,Low
432,Nour,Ali,66.0,80.0,57.0,8.0,30.0,76.0,70.0,06-11-2002,52.833333333333336,Low
868,Mona,Mostafa,0.0,97.0,70.0,85.0,97.0,94.0,100.0,19-03-2004,73.83333333333333,Medium
218,Youssef,Hegazy,80.0,56.0,42.0,93.0,33.0,77.0,98.0,10-06-2004,63.5,Medium
204,Mona,Mostafa,87.0,8.0,29.0,95.0,34.0,55.0,83.0,14-10-2004,51.333333333333336,Low
1009,Nour,Said,22.0,28.0,32.0,42.0,17.0,85.0,70.0,03-03-2001,37.666666666666664,Low
94,Nour,Tarek,46.0,94.0,38.0,30.0,44.0,0.0,64.0,04-04-2002,42.0,Low
887,Youssef,Ali,27.0,100.0,0.0,3.0,8.0,97.0,53.0,26-10-2004,39.166666666666664,Low
69,Youssef,Mahmoud,63.0,43.0,35.0,47.0,7.0,53.0,65.0,12-01-2001,41.333333333333336,Low
998,Fatma,Mostafa,36.0,66.0,51.0,89.0,80.0,35.0,59.0,02-02-2001,59.5,Low
285,Unknown,Salem,96.0,81.0,41.0,0.0,99.0,35.0,70.0,04-10-2002,58.666666666666664,Low
697,Khaled,Mahmoud,14.0,14.0,4.0,10.0,99.0,50.0,88.0,31-08-2005,31.833333333333332,Low
86,Fatma,Ali,16.0,80.0,78.0,81.0,57.0,83.0,70.0,01-12-2005,65.83333333333333,Medium
435,Nour,Fathy,0.0,98.0,0.0,15.0,27.0,71.0,97.0,17-09-2002,35.166666666666664,Low
925,Nour,Mahmoud,22.0,68.0,100.0,36.0,50.0,12.0,87.0,29-03-2002,48.0,Low
154,Fatma,Tarek,34.0,76.0,57.0,54.0,50.0,22.0,89.0,11-07-2005,48.833333333333336,Low
76,Nour,Ali,54.0,17.0,42.0,73.0,78.0,54.0,72.0,26-09-2005,53.0,Low
1095,Mona,Hegazy,11.0,53.0,74.0,68.0,21.0,0.0,53.0,22-05-2003,37.833333333333336,Low
790,Sara,Salem,17.0,38.0,0.0,25.0,83.0,78.0,51.0,05-08-2001,40.166666666666664,Low
581,Unknown,Salem,3.0,0.0,93.0,84.0,0.0,28.0,89.0,01-06-2004,34.666666666666664,Low
447,Omar,Ibrahim,75.0,77.0,50.0,43.0,14.0,76.0,53.0,14-07-2002,55.833333333333336,Low
704,Mona,Salem,65.0,20.0,0.0,3.0,18.0,76.0,99.0,18-10-2003,30.333333333333332,Low
189,Mona,Ibrahim,70.0,80.0,41.0,7.0,61.0,63.0,88.0,03-01-2002,53.666666666666664,Low
272,Fatma,Salem,91.0,51.0,55.0,11.0,20.0,74.0,51.0,04-09-2005,50.333333333333336,Low
237,Youssef,Hegazy,84.0,22.0,70.0,91.0,14.0,84.0,56.0,29-02-2004,60.833333333333336,Medium
488,Omar,Hegazy,83.0,62.0,67.0,14.0,78.0,22.0,89.0,22-10-2005,54.333333333333336,Low
560,Laila,Ali,53.0,5.0,69.0,85.0,77.0,77.0,64.0,31-01-2002,61.0,Medium
118,Youssef,Mahmoud,36.0,61.0,48.0,0.0,89.0,77.0,53.0,26-12-2004,51.833333333333336,Low
638,Khaled,Mostafa,48.0,75.0,3.0,0.0,49.0,27.0,81.0,01-05-2002,33.666666666666664,Low
1132,Laila,Tarek,67.0,52.0,0.0,60.0,93.0,26.0,60.0,26-12-2005,49.666666666666664,Low
802,Unknown,Fathy,33.0,80.0,75.0,48.0,0.0,39.0,54.0,22-10-2005,45.833333333333336,Low
751,Khaled,Tarek,44.0,86.0,92.0,89.0,46.0,41.0,85.0,14-10-2001,66.33333333333333,Medium
513,Unknown,Hassan,58.0,78.0,87.0,53.0,75.0,49.0,53.0,15-01-2005,66.66666666666667,Medium
634,Sara,Ibrahim,0.0,80.0,92.0,60.0,92.0,99.0,93.0,02-04-2003,70.5,Medium
1142,Youssef,Hassan,75.0,40.0,76.0,68.0,89.0,22.0,81.0,21-01-2003,61.666666666666664,Medium
1068,Youssef,Salem,54.0,5.0,48.0,98.0,78.0,80.0,71.0,17-02-2001,60.5,Medium
127,Laila,Hegazy,89.0,75.0,54.0,12.0,23.0,39.0,80.0,24-06-2002,48.666666666666664,Low
791,Nour,Said,91.0,30.0,53.0,76.0,49.0,38.0,57.0,14-06-2005,56.166666666666664,Low
830,Khaled,Mostafa,100.0,1.0,79.0,75.0,12.0,16.0,64.0,28-12-2003,47.166666666666664,Low
117,Nour,Hassan,63.0,71.0,0.0,21.0,93.0,53.0,86.0,21-10-2001,50.166666666666664,Low
474,Khaled,Fathy,39.0,5.0,58.0,89.0,83.0,0.0,95.0,13-01-2002,45.666666666666664,Low
741,Laila,Salem,24.0,78.0,9.0,0.0,17.0,18.0,70.0,22-01-2005,24.333333333333332,Low
1063,Mona,Salem,56.0,37.0,52.0,42.0,70.0,69.0,90.0,20-02-2002,54.333333333333336,Low
58,Mona,Unknown,18.0,39.0,9.0,93.0,78.0,79.0,70.0,26-02-2003,52.666666666666664,Low
604,Omar,Ibrahim,89.0,73.0,91.0,91.0,43.0,71.0,51.0,18-02-2002,76.33333333333333,Medium
787,Unknown,Fathy,28.0,15.0,73.0,32.0,1.0,62.0,71.0,22-06-2001,35.166666666666664,Low
831,Hassan,Hegazy,36.0,59.0,15.0,59.0,99.0,17.0,51.0,05-09-2005,47.5,Low
120,Hassan,Salem,48.0,5.0,94.0,30.0,96.0,77.0,75.0,24-10-2003,58.333333333333336,Low
657,Youssef,Hassan,0.0,3.0,64.0,36.0,0.0,4.0,59.0,29-03-2003,17.833333333333332,Low
1006,Fatma,Mostafa,34.0,83.0,44.0,20.0,7.0,56.0,75.0,24-04-2002,40.666666666666664,Low
670,Nour,Ali,68.0,12.0,1.0,82.0,86.0,58.0,75.0,04-01-2002,51.166666666666664,Low
106,Khaled,Unknown,0.0,52.0,61.0,69.0,54.0,46.0,66.0,20-04-2005,47.0,Low
636,Fatma,Ali,87.0,63.0,50.0,67.0,43.0,44.0,52.0,12-08-2004,59.0,Low
370,Youssef,Hegazy,8.0,0.0,71.0,84.0,14.0,24.0,74.0,29-08-2004,33.5,Low
269,Ahmed,Said,84.0,35.0,43.0,42.0,3.0,14.0,93.0,15-09-2005,36.833333333333336,Low
656,Khaled,Fathy,44.0,76.0,81.0,40.0,0.0,3.0,52.0,27-01-2004,40.666666666666664,Low
820,Omar,Tarek,45.0,42.0,44.0,49.0,15.0,0.0,89.0,17-06-2002,32.5,Low
823,Khaled,Fathy,50.0,11.0,64.0,55.0,0.0,37.0,56.0,12-02-2002,36.166666666666664,Low
942,Khaled,Hassan,47.0,43.0,3.0,76.0,78.0,97.0,74.0,14-03-2001,57.333333333333336,Low
47,Sara,Unknown,57.0,39.0,50.0,53.0,7.0,94.0,52.0,23-01-2003,50.0,Low
350,Sara,Hassan,33.0,61.0,84.0,4.0,17.0,26.0,62.0,14-03-2005,37.5,Low
1172,Youssef,Fathy,83.0,49.0,98.0,41.0,61.0,28.0,75.0,03-04-2002,60.0,Medium
877,Mona,Fathy,50.0,23.0,59.0,31.0,63.0,62.0,90.0,07-03-2001,48.0,Low
774,Fatma,Ibrahim,33.0,82.0,41.0,97.0,94.0,22.0,55.0,09-01-2003,61.5,Medium
196,Fatma,Said,57.0,0.0,59.0,16.0,72.0,0.0,64.0,15-11-2004,34.0,Low
103,Youssef,Mostafa,49.0,62.0,38.0,16.0,46.0,26.0,83.0,01-06-2001,39.5,Low
5,Youssef,Mostafa,80.0,0.0,0.0,76.0,5.0,33.0,59.0,19-11-2005,32.333333333333336,Low
620,Hassan,Ali,60.0,24.0,37.0,18.0,57.0,81.0,71.0,25-09-2001,46.166666666666664,Low
572,Nour,Fathy,37.0,66.0,36.0,63.0,46.0,5.0,77.0,09-09-2005,42.166666666666664,Low
53,Laila,Tarek,81.0,38.0,4.0,75.0,77.0,34.0,75.0,29-04-2005,51.5,Low
264,Omar,Hegazy,19.0,67.0,0.0,46.0,74.0,69.0,0.0,03-06-2005,45.833333333333336,Low
1148,Sara,Mahmoud,89.0,90.0,37.0,33.0,4.0,23.0,60.0,07-03-2004,46.0,Low
444,Laila,Mahmoud,45.0,16.0,85.0,78.0,42.0,30.0,87.0,22-05-2001,49.333333333333336,Low
1049,Sara,Mahmoud,54.0,55.0,42.0,89.0,65.0,92.0,61.0,07-01-2005,66.16666666666667,Medium
783,Sara,Ali,64.0,0.0,72.0,59.0,20.0,54.0,86.0,05-10-2005,44.833333333333336,Low
838,Youssef,Hassan,17.0,95.0,97.0,67.0,39.0,83.0,99.0,07-07-2003,66.33333333333333,Medium
945,Omar,Tarek,44.0,53.0,6.0,87.0,0.0,77.0,74.0,23-10-2005,44.5,Low
692,Mona,Fathy,27.0,70.0,60.0,70.0,29.0,24.0,55.0,24-06-2004,46.666666666666664,Low
305,Omar,Mahmoud,35.0,33.0,35.0,28.0,44.0,42.0,75.0,31-07-2002,36.166666666666664,Low
342,Hassan,Hegazy,10.0,29.0,59.0,66.0,28.0,1.0,77.0,25-11-2005,32.166666666666664,Low
968,Sara,Hegazy,53.0,4.0,24.0,30.0,98.0,34.0,88.0,22-03-2001,40.5,Low
314,Nour,Said,81.0,66.0,87.0,65.0,52.0,84.0,89.0,23-10-2003,72.5,Medium
150,Hassan,Ali,29.0,35.0,67.0,27.0,32.0,53.0,50.0,04-05-2002,40.5,Low
125,Ahmed,Hassan,99.0,2.0,42.0,22.0,0.0,80.0,67.0,30-08-2004,40.833333333333336,Low
1117,Fatma,Ibrahim,7.0,13.0,96.0,82.0,46.0,99.0,73.0,31-10-2002,57.166666666666664,Low
575,Hassan,Mahmoud,50.0,16.0,0.0,0.0,29.0,2.0,52.0,30-12-2001,16.166666666666668,Low
698,Khaled,Mostafa,40.0,99.0,14.0,0.0,93.0,38.0,100.0,06-01-2001,47.333333333333336,Low
665,Youssef,Hegazy,60.0,6.0,42.0,89.0,92.0,28.0,95.0,06-08-2004,52.833333333333336,Low
51,Omar,Ali,33.0,78.0,37.0,85.0,87.0,45.0,51.0,24-05-2001,60.833333333333336,Medium
1011,Nour,Salem,33.0,32.0,29.0,66.0,47.0,21.0,92.0,15-12-2001,38.0,Low
727,Fatma,Tarek,0.0,33.0,71.0,70.0,93.0,49.0,100.0,23-04-2001,52.666666666666664,Low
800,Hassan,Hassan,68.0,11.0,86.0,47.0,49.0,25.0,52.0,18-06-2004,47.666666666666664,Low
834,Mona,Mahmoud,34.0,83.0,53.0,2.0,62.0,59.0,67.0,03-10-2003,48.833333333333336,Low
354,Hassan,Mahmoud,58.0,0.0,46.0,92.0,95.0,59.0,76.0,15-07-2005,58.333333333333336,Low
143,Hassan,Said,83.0,44.0,85.0,71.0,92.0,22.0,67.0,20-06-2005,66.16666666666667,Medium
471,Youssef,Fathy,77.0,4.0,23.0,62.0,66.0,43.0,94.0,10-05-2005,45.833333333333336,Low
883,Sara,Fathy,18.0,65.0,54.0,84.0,52.0,65.0,71.0,09-01-2001,56.333333333333336,Low
654,Omar,Fathy,76.0,75.0,35.0,2.0,77.0,58.0,66.0,06-06-2003,53.833333333333336,Low
400,Fatma,Fathy,46.0,38.0,22.0,74.0,15.0,10.0,74.0,31-10-2002,34.166666666666664,Low
1001,Ahmed,Salem,4.0,52.0,43.0,44.0,11.0,64.0,51.0,08-08-2005,36.333333333333336,Low
1020,Khaled,Mostafa,2.0,72.0,1.0,52.0,99.0,38.0,97.0,06-07-2005,44.0,Low
321,Mona,Salem,6.0,14.0,68.0,72.0,88.0,6.0,64.0,22-06-2002,42.333333333333336,Low
20,Sara,Said,3.0,61.0,100.0,95.0,59.0,33.0,90.0,23-10-2004,58.5,Low
685,Nour,Mahmoud,67.0,75.0,48.0,40.0,55.0,26.0,92.0,19-03-2003,51.833333333333336,Low
36,Khaled,Fathy,44.0,54.0,77.0,94.0,39.0,96.0,0.0,10-03-2001,67.33333333333333,Medium
825,Laila,Salem,5.0,26.0,73.0,59.0,5.0,17.0,88.0,13-04-2004,30.833333333333332,Low
903,Khaled,Salem,91.0,35.0,79.0,26.0,76.0,7.0,66.0,25-03-2004,52.333333333333336,Low
506,Mona,Fathy,32.0,31.0,21.0,37.0,80.0,59.0,0.0,03-06-2002,43.333333333333336,Low
828,Fatma,Mahmoud,29.0,48.0,27.0,16.0,59.0,59.0,58.0,28-11-2001,39.666666666666664,Low
1126,Fatma,Mahmoud,64.0,92.0,91.0,60.0,58.0,73.0,77.0,26-03-2005,73.0,Medium
408,Nour,Ibrahim,16.0,91.0,0.0,24.0,52.0,61.0,92.0,27-05-2003,40.666666666666664,Low
921,Unknown,Ibrahim,74.0,22.0,72.0,64.0,16.0,57.0,96.0,29-11-2005,50.833333333333336,Low
818,Fatma,Ibrahim,25.0,39.0,85.0,59.0,36.0,29.0,55.0,25-04-2003,45.5,Low
867,Nour,Fathy,67.0,95.0,1.0,26.0,23.0,98.0,71.0,13-07-2003,51.666666666666664,Low
538,Nour,Ali,47.0,70.0,66.0,60.0,84.0,67.0,69.0,04-01-2001,65.66666666666667,Medium
759,Hassan,Hegazy,66.0,33.0,72.0,69.0,61.0,83.0,96.0,22-12-2002,64.0,Medium
1123,Omar,Said,28.0,66.0,11.0,96.0,61.0,64.0,99.0,17-02-2002,54.333333333333336,Low
1194,Nour,Salem,30.0,3.0,33.0,46.0,77.0,69.0,57.0,26-03-2003,43.0,Low
39,Unknown,Hegazy,70.0,97.0,37.0,19.0,76.0,7.0,76.0,04-11-2005,51.0,Low
176,Ahmed,Said,49.0,16.0,83.0,48.0,38.0,26.0,67.0,27-05-2005,43.333333333333336,Low
246,Fatma,Unknown,50.0,48.0,53.0,65.0,62.0,81.0,75.0,21-10-2002,59.833333333333336,Low
811,Omar,Fathy,29.0,70.0,0.0,64.0,11.0,29.0,54.0,16-11-2003,33.833333333333336,Low
1140,Youssef,Hegazy,69.0,80.0,0.0,6.0,9.0,4.0,68.0,26-10-2002,28.0,Low
1156,Youssef,Unknown,46.0,16.0,26.0,3.0,96.0,83.0,73.0,13-07-2005,45.0,Low
1046,Mona,Tarek,7.0,27.0,43.0,99.0,79.0,0.0,67.0,11-09-2003,42.5,Low
785,Fatma,Mostafa,19.0,0.0,0.0,0.0,75.0,0.0,73.0,10-01-2004,15.666666666666666,Low
490,Sara,Mostafa,70.0,80.0,77.0,40.0,93.0,53.0,67.0,14-01-2002,68.83333333333333,Medium
155,Hassan,Said,54.0,16.0,86.0,3.0,78.0,34.0,66.0,27-10-2004,45.166666666666664,Low
639,Unknown,Mostafa,40.0,41.0,2.0,94.0,71.0,25.0,0.0,03-09-2002,45.5,Low
663,Omar,Hassan,60.0,78.0,0.0,55.0,66.0,0.0,59.0,28-05-2005,43.166666666666664,Low
854,Mona,Mostafa,52.0,79.0,86.0,64.0,54.0,38.0,87.0,19-09-2002,62.166666666666664,Medium
943,Fatma,Tarek,72.0,16.0,11.0,56.0,75.0,42.0,100.0,29-06-2004,45.333333333333336,Low
288,Khaled,Tarek,5.0,96.0,19.0,81.0,16.0,88.0,96.0,16-05-2005,50.833333333333336,Low
626,Unknown,Mahmoud,19.0,98.0,14.0,44.0,51.0,46.0,50.0,08-09-2005,45.333333333333336,Low
1184,Mona,Hassan,46.0,30.0,0.0,97.0,41.0,84.0,51.0,28-03-2004,49.666666666666664,Low
686,Sara,Unknown,93.0,100.0,0.0,99.0,26.0,70.0,61.0,27-09-2004,64.66666666666667,Medium
1069,Ahmed,Mostafa,22.0,45.0,41.0,37.0,96.0,85.0,91.0,06-08-2003,54.333333333333336,Low
974,Mona,Mostafa,75.0,21.0,92.0,79.0,91.0,87.0,50.0,26-02-2002,74.16666666666667,Medium
570,Omar,Hegazy,20.0,5.0,92.0,96.0,47.0,91.0,71.0,02-06-2003,58.5,Low
735,Youssef,Said,89.0,51.0,30.0,62.0,62.0,89.0,59.0,28-08-2005,63.833333333333336,Medium
793,Omar,Tarek,42.0,0.0,5.0,91.0,77.0,64.0,87.0,31-03-2003,46.5,Low
18,Fatma,Said,57.0,45.0,11.0,27.0,86.0,59.0,59.0,05-12-2003,47.5,Low
128,Khaled,Said,3.0,48.0,87.0,88.0,14.0,38.0,76.0,28-10-2002,46.333333333333336,Low
323,Sara,Fathy,0.0,75.0,41.0,56.0,0.0,93.0,89.0,23-06-2001,44.166666666666664,Low
256,Omar,Hegazy,98.0,16.0,18.0,95.0,56.0,63.0,78.0,26-04-2002,57.666666666666664,Low
1036,Nour,Tarek,59.0,42.0,43.0,94.0,45.0,76.0,92.0,11-08-2005,59.833333333333336,Low
928,Fatma,Mahmoud,74.0,77.0,13.0,39.0,86.0,91.0,55.0,22-07-2003,63.333333333333336,Medium
191,Laila,Mostafa,41.0,82.0,76.0,2.0,36.0,81.0,65.0,05-12-2003,53.0,Low
116,Khaled,Salem,92.0,71.0,86.0,55.0,92.0,13.0,78.0,25-10-2004,68.16666666666667,Medium
992,Mona,Mostafa,64.0,53.0,56.0,57.0,18.0,0.0,0.0,12-10-2005,41.333333333333336,Low
607,Nour,Mahmoud,82.0,68.0,19.0,95.0,51.0,0.0,89.0,24-03-2005,52.5,Low
181,Youssef,Hegazy,14.0,93.0,43.0,57.0,81.0,85.0,53.0,08-08-2005,62.166666666666664,Medium
302,Fatma,Ibrahim,23.0,87.0,70.0,55.0,30.0,22.0,59.0,04-06-2001,47.833333333333336,Low
497,Youssef,Unknown,37.0,0.0,80.0,16.0,98.0,0.0,83.0,04-03-2005,38.5,Low
349,Sara,Mostafa,12.0,84.0,64.0,74.0,0.0,71.0,81.0,27-07-2002,50.833333333333336,Low
1088,Ahmed,Salem,62.0,36.0,97.0,11.0,9.0,27.0,70.0,25-09-2004,40.333333333333336,Low
37,Unknown,Mahmoud,19.0,52.0,74.0,16.0,50.0,83.0,62.0,26-09-2003,49.0,Low
745,Omar,Said,27.0,31.0,83.0,73.0,46.0,0.0,63.0,21-12-2002,43.333333333333336,Low
1137,Sara,Mostafa,12.0,88.0,96.0,95.0,37.0,70.0,56.0,18-08-2004,66.33333333333333,Medium
1043,Laila,Tarek,33.0,22.0,76.0,28.0,63.0,85.0,0.0,24-06-2005,51.166666666666664,Low
518,Khaled,Hassan,67.0,91.0,40.0,57.0,23.0,86.0,93.0,17-07-2003,60.666666666666664,Medium
373,Unknown,Ibrahim,82.0,66.0,33.0,12.0,23.0,83.0,0.0,07-05-2003,49.833333333333336,Low
46,Khaled,Ibrahim,79.0,75.0,100.0,0.0,52.0,89.0,66.0,30-03-2001,65.83333333333333,Medium
477,Laila,Tarek,25.0,63.0,67.0,63.0,80.0,8.0,61.0,21-07-2002,51.0,Low
158,Omar,Ibrahim,9.0,71.0,78.0,46.0,79.0,32.0,64.0,19-09-2005,52.5,Low
1100,Youssef,Hegazy,97.0,48.0,26.0,88.0,94.0,61.0,78.0,07-08-2003,69.0,Medium
172,Ahmed,Ali,81.0,60.0,77.0,17.0,10.0,31.0,56.0,11-12-2002,46.0,Low
17,Sara,Ali,100.0,91.0,43.0,10.0,34.0,7.0,66.0,29-10-2001,47.5,Low
512,Hassan,Fathy,98.0,36.0,11.0,73.0,29.0,24.0,82.0,06-07-2002,45.166666666666664,Low
49,Youssef,Hassan,3.0,14.0,42.0,2.0,39.0,42.0,89.0,05-01-2004,23.666666666666668,Low
192,Youssef,Hassan,25.0,14.0,68.0,66.0,0.0,63.0,84.0,16-05-2005,39.333333333333336,Low
547,Nour,Hegazy,67.0,38.0,31.0,32.0,63.0,68.0,57.0,07-12-2005,49.833333333333336,Low
516,Nour,Mostafa,40.0,58.0,38.0,30.0,50.0,75.0,93.0,07-09-2003,48.5,Low
659,Ahmed,Mahmoud,18.0,89.0,98.0,14.0,19.0,99.0,89.0,29-09-2002,56.166666666666664,Low
1033,Hassan,Mahmoud,16.0,51.0,1.0,34.0,95.0,16.0,95.0,30-05-2005,35.5,Low
829,Mona,Mostafa,0.0,15.0,99.0,48.0,11.0,20.0,77.0,07-07-2001,32.166666666666664,Low
1056,Youssef,Salem,29.0,54.0,54.0,2.0,90.0,82.0,64.0,30-01-2004,51.833333333333336,Low
481,Laila,Hassan,82.0,13.0,53.0,65.0,56.0,52.0,69.0,14-08-2005,53.5,Low
960,Mona,Unknown,30.0,53.0,99.0,74.0,0.0,51.0,63.0,17-06-2002,51.166666666666664,Low
1186,Nour,Ibrahim,77.0,36.0,78.0,23.0,4.0,63.0,98.0,22-02-2001,46.833333333333336,Low
284,Omar,Mahmoud,43.0,41.0,62.0,29.0,72.0,46.0,72.0,08-07-2001,48.833333333333336,Low
1082,Fatma,Mostafa,27.0,24.0,21.0,56.0,95.0,47.0,72.0,22-06-2001,45.0,Low
798,Nour,Mostafa,37.0,25.0,57.0,56.0,40.0,27.0,50.0,28-04-2001,40.333333333333336,Low
226,Nour,Mostafa,40.0,61.0,96.0,10.0,0.0,20.0,69.0,04-01-2005,37.833333333333336,Low
27,Unknown,Hassan,84.0,43.0,0.0,9.0,95.0,0.0,94.0,09-06-2003,38.5,Low
283,Mona,Ibrahim,71.0,0.0,6.0,32.0,2.0,50.0,97.0,08-03-2002,26.833333333333332,Low
438,Khaled,Tarek,14.0,61.0,69.0,13.0,18.0,22.0,76.0,18-09-2001,32.833333333333336,Low
365,Unknown,Mahmoud,4.0,90.0,38.0,38.0,34.0,94.0,52.0,24-01-2002,49.666666666666664,Low
230,Hassan,Hassan,16.0,16.0,48.0,75.0,51.0,52.0,58.0,17-08-2005,43.0,Low
38,Youssef,Unknown,16.0,55.0,41.0,74.0,4.0,29.0,90.0,06-08-2001,36.5,Low
750,Khaled,Fathy,98.0,19.0,40.0,55.0,58.0,7.0,83.0,25-03-2001,46.166666666666664,Low
470,Hassan,Mahmoud,29.0,46.0,20.0,67.0,89.0,50.0,91.0,11-10-2003,50.166666666666664,Low
1097,Laila,Fathy,77.0,3.0,71.0,30.0,33.0,70.0,68.0,22-05-2001,47.333333333333336,Low
688,Mona,Mostafa,35.0,22.0,2.0,74.0,61.0,88.0,67.0,13-04-2004,47.0,Low
640,Fatma,Tarek,16.0,81.0,63.0,66.0,87.0,22.0,51.0,27-04-2005,55.833333333333336,Low
1091,Sara,Said,58.0,87.0,19.0,38.0,88.0,89.0,57.0,01-03-2003,63.166666666666664,Medium
1053,Mona,Said,38.0,11.0,0.0,32.0,62.0,42.0,76.0,31-12-2003,30.833333333333332,Low
1143,Khaled,Said,50.0,73.0,38.0,91.0,54.0,42.0,59.0,03-03-2003,58.0,Low
801,Ahmed,Said,7.0,94.0,1.0,71.0,1.0,27.0,58.0,01-10-2004,33.5,Low
161,Mona,Ali,53.0,45.0,15.0,37.0,58.0,44.0,97.0,15-03-2001,42.0,Low
957,Laila,Mahmoud,12.0,16.0,8.0,86.0,56.0,100.0,56.0,01-11-2003,46.333333333333336,Low
822,Hassan,Ali,90.0,0.0,76.0,72.0,42.0,59.0,56.0,22-08-2001,56.5,Low
1070,Unknown,Hegazy,31.0,41.0,75.0,87.0,12.0,97.0,56.0,06-07-2001,57.166666666666664,Low
878,Khaled,Mahmoud,0.0,26.0,55.0,31.0,49.0,78.0,72.0,16-03-2001,39.833333333333336,Low
914,Fatma,Mahmoud,25.0,32.0,53.0,80.0,11.0,98.0,52.0,27-07-2004,49.833333333333336,Low
153,Mona,Hegazy,6.0,14.0,30.0,0.0,2.0,51.0,50.0,16-10-2004,17.166666666666668,Low
1152,Nour,Hegazy,90.0,52.0,49.0,37.0,51.0,36.0,58.0,12-11-2004,52.5,Low
510,Unknown,Hassan,74.0,57.0,59.0,77.0,30.0,1.0,76.0,05-08-2005,49.666666666666664,Low
1157,Laila,Tarek,22.0,3.0,40.0,38.0,0.0,96.0,82.0,11-04-2005,33.166666666666664,Low
104,Youssef,Fathy,2.0,37.0,89.0,18.0,79.0,6.0,85.0,15-07-2003,38.5,Low
587,Nour,Ali,65.0,34.0,47.0,27.0,16.0,34.0,80.0,07-09-2005,37.166666666666664,Low
1115,Youssef,Said,87.0,96.0,100.0,48.0,92.0,77.0,80.0,28-05-2005,83.33333333333333,Medium
54,Sara,Said,18.0,12.0,92.0,73.0,2.0,38.0,80.0,14-04-2005,39.166666666666664,Low
152,Unknown,Tarek,91.0,0.0,43.0,64.0,64.0,85.0,68.0,11-05-2002,57.833333333333336,Low
404,Khaled,Ali,56.0,62.0,54.0,93.0,82.0,62.0,62.0,03-07-2003,68.16666666666667,Medium
208,Omar,Tarek,84.0,98.0,16.0,52.0,0.0,0.0,96.0,21-01-2004,41.666666666666664,Low
1192,Sara,Said,12.0,47.0,50.0,18.0,69.0,64.0,69.0,16-03-2001,43.333333333333336,Low
9,Fatma,Tarek,0.0,63.0,15.0,14.0,17.0,55.0,64.0,07-06-2001,27.333333333333332,Low
1015,Fatma,Said,29.0,68.0,89.0,63.0,53.0,88.0,56.0,13-02-2002,65.0,Medium
453,Ahmed,Hassan,78.0,60.0,6.0,14.0,3.0,16.0,63.0,03-08-2003,29.5,Low
254,Fatma,Said,58.0,82.0,56.0,83.0,72.0,0.0,95.0,22-11-2005,58.5,Low
897,Hassan,Hassan,53.0,13.0,67.0,16.0,29.0,69.0,82.0,19-07-2003,41.166666666666664,Low
1102,Omar,Tarek,75.0,10.0,95.0,96.0,38.0,18.0,82.0,19-08-2002,55.333333333333336,Low
881,Ahmed,Ali,85.0,56.0,53.0,0.0,94.0,15.0,55.0,20-07-2001,50.5,Low
1190,Khaled,Mahmoud,81.0,45.0,12.0,70.0,33.0,70.0,77.0,25-03-2005,51.833333333333336,Low
624,Hassan,Said,0.0,97.0,97.0,23.0,31.0,81.0,82.0,15-03-2005,54.833333333333336,Low
346,Fatma,Fathy,62.0,83.0,82.0,90.0,59.0,51.0,50.0,10-11-2005,71.16666666666667,Medium
263,Mona,Hassan,0.0,36.0,39.0,61.0,4.0,76.0,85.0,20-11-2002,36.0,Low
151,Omar,Mostafa,85.0,96.0,94.0,36.0,0.0,19.0,87.0,16-07-2004,55.0,Low
473,Nour,Hassan,24.0,19.0,23.0,96.0,71.0,12.0,0.0,20-11-2002,40.833333333333336,Low
641,Ahmed,Said,87.0,53.0,28.0,1.0,19.0,78.0,56.0,04-07-2003,44.333333333333336,Low
1187,Nour,Hegazy,98.0,16.0,51.0,72.0,88.0,44.0,77.0,17-03-2003,61.5,Medium
551,Mona,Hassan,87.0,44.0,49.0,61.0,68.0,37.0,0.0,15-11-2001,57.666666666666664,Low
929,Fatma,Ibrahim,63.0,0.0,58.0,37.0,27.0,29.0,67.0,22-08-2002,35.666666666666664,Low
489,Laila,Ibrahim,44.0,34.0,45.0,9.0,85.0,76.0,71.0,20-07-2004,48.833333333333336,Low
147,Unknown,Hassan,84.0,0.0,54.0,95.0,67.0,22.0,76.0,03-02-2001,53.666666666666664,Low
403,Youssef,Tarek,74.0,71.0,37.0,17.0,0.0,98.0,70.0,06-01-2004,49.5,Low
955,Laila,Mahmoud,58.0,30.0,68.0,81.0,77.0,90.0,85.0,27-08-2004,67.33333333333333,Medium
1182,Hassan,Ali,40.0,46.0,84.0,77.0,44.0,16.0,64.0,16-03-2003,51.166666666666664,Low
660,Khaled,Unknown,75.0,58.0,34.0,7.0,35.0,44.0,67.0,13-05-2005,42.166666666666664,Low
464,Fatma,Ibrahim,13.0,57.0,0.0,22.0,11.0,69.0,62.0,19-11-2005,28.666666666666668,Low
187,Khaled,Ibrahim,14.0,20.0,9.0,71.0,50.0,0.0,100.0,03-04-2003,27.333333333333332,Low
609,Mona,Salem,56.0,86.0,60.0,55.0,52.0,23.0,65.0,07-01-2001,55.333333333333336,Low
144,Youssef,Mahmoud,23.0,41.0,85.0,58.0,26.0,97.0,78.0,13-04-2002,55.0,Low
752,Sara,Said,72.0,74.0,79.0,20.0,94.0,75.0,50.0,13-06-2005,69.0,Medium
982,Sara,Hegazy,93.0,0.0,13.0,80.0,97.0,63.0,71.0,26-11-2001,57.666666666666664,Low
198,Laila,Ali,81.0,86.0,20.0,8.0,3.0,3.0,92.0,07-03-2002,33.5,Low
884,Fatma,Ibrahim,36.0,28.0,88.0,73.0,24.0,89.0,98.0,31-05-2004,56.333333333333336,Low
280,Youssef,Mostafa,65.0,98.0,65.0,61.0,25.0,38.0,87.0,03-08-2001,58.666666666666664,Low
294,Omar,Fathy,0.0,3.0,62.0,44.0,14.0,7.0,71.0,14-04-2001,21.666666666666668,Low
1144,Omar,Salem,36.0,9.0,32.0,71.0,19.0,88.0,90.0,23-01-2004,42.5,Low
401,Khaled,Hassan,81.0,89.0,47.0,11.0,9.0,0.0,58.0,13-01-2004,39.5,Low
123,Omar,Hassan,63.0,98.0,47.0,40.0,0.0,0.0,69.0,08-12-2005,41.333333333333336,Low
203,Hassan,Mostafa,36.0,51.0,84.0,0.0,0.0,45.0,0.0,28-06-2001,36.0,Low
836,Mona,Fathy,5.0,27.0,15.0,56.0,49.0,11.0,99.0,05-06-2005,27.166666666666668,Low
247,Ahmed,Fathy,38.0,98.0,24.0,0.0,67.0,11.0,53.0,07-06-2002,39.666666666666664,Low
1197,Mona,Tarek,8.0,0.0,58.0,32.0,39.0,58.0,100.0,26-05-2001,32.5,Low
385,Youssef,Mostafa,75.0,0.0,4.0,50.0,0.0,59.0,0.0,25-03-2003,31.333333333333332,Low
855,Mona,Tarek,86.0,0.0,70.0,87.0,50.0,99.0,88.0,29-03-2004,65.33333333333333,Medium
220,Fatma,Hassan,60.0,71.0,18.0,47.0,96.0,59.0,77.0,27-05-2001,58.5,Low
642,Mona,Mahmoud,20.0,74.0,10.0,88.0,13.0,35.0,83.0,19-04-2003,40.0,Low
2,Laila,Fathy,57.0,35.0,22.0,0.0,89.0,71.0,85.0,11-06-2004,45.666666666666664,Low
113,Khaled,Salem,45.0,21.0,72.0,74.0,44.0,23.0,82.0,31-03-2002,46.5,Low
699,Sara,Ibrahim,38.0,46.0,15.0,85.0,24.0,88.0,58.0,08-04-2003,49.333333333333336,Low
952,Omar,Tarek,62.0,78.0,73.0,82.0,68.0,46.0,66.0,15-07-2002,68.16666666666667,Medium
1134,Mona,Fathy,0.0,37.0,27.0,29.0,0.0,64.0,68.0,17-12-2003,26.166666666666668,Low
442,Sara,Hegazy,0.0,89.0,66.0,0.0,12.0,86.0,72.0,04-03-2005,42.166666666666664,Low
664,Khaled,Ali,11.0,71.0,24.0,46.0,38.0,10.0,58.0,11-10-2004,33.333333333333336,Low
1151,Laila,Hegazy,59.0,0.0,45.0,68.0,0.0,16.0,69.0,13-09-2003,31.333333333333332,Low
318,Fatma,Ibrahim,69.0,57.0,50.0,71.0,29.0,37.0,66.0,21-05-2001,52.166666666666664,Low
649,Mona,Tarek,12.0,5.0,38.0,88.0,70.0,73.0,52.0,19-08-2002,47.666666666666664,Low
710,Laila,Ibrahim,81.0,0.0,20.0,92.0,0.0,76.0,66.0,29-03-2003,44.833333333333336,Low
973,Mona,Hassan,79.0,94.0,78.0,52.0,50.0,7.0,50.0,01-11-2003,60.0,Medium
628,Omar,Said,89.0,10.0,25.0,81.0,65.0,46.0,64.0,05-03-2003,52.666666666666664,Low
633,Hassan,Tarek,61.0,6.0,63.0,43.0,92.0,0.0,0.0,14-12-2003,44.166666666666664,Low
1162,Unknown,Ibrahim,32.0,70.0,61.0,71.0,26.0,82.0,76.0,04-09-2003,57.0,Low
796,Youssef,Hassan,10.0,0.0,52.0,40.0,7.0,8.0,0.0,18-08-2005,19.5,Low
646,Khaled,Ali,54.0,58.0,26.0,71.0,33.0,37.0,92.0,17-03-2001,46.5,Low
1013,Mona,Ali,77.0,59.0,28.0,31.0,8.0,0.0,63.0,20-04-2005,33.833333333333336,Low
557,Ahmed,Mostafa,0.0,3.0,16.0,0.0,100.0,34.0,88.0,26-10-2002,25.5,Low
682,Fatma,Hassan,81.0,27.0,75.0,39.0,52.0,55.0,100.0,06-10-2003,54.833333333333336,Low
578,Omar,Ibrahim,70.0,62.0,17.0,14.0,25.0,98.0,64.0,28-07-2002,47.666666666666664,Low
1110,Sara,Tarek,95.0,25.0,38.0,76.0,64.0,88.0,50.0,24-01-2002,64.33333333333333,Medium
525,Youssef,Salem,15.0,95.0,56.0,66.0,73.0,93.0,99.0,10-04-2002,66.33333333333333,Medium
1060,Fatma,Hegazy,18.0,41.0,25.0,67.0,85.0,38.0,83.0,02-04-2002,45.666666666666664,Low
541,Mona,Mahmoud,66.0,98.0,74.0,85.0,22.0,83.0,58.0,31-08-2005,71.33333333333333,Medium
749,Omar,Mostafa,35.0,4.0,22.0,35.0,74.0,57.0,64.0,05-01-2005,37.833333333333336,Low
1165,Laila,Salem,16.0,72.0,69.0,20.0,73.0,59.0,84.0,23-12-2005,51.5,Low
485,Fatma,Ali,18.0,43.0,88.0,10.0,0.0,97.0,62.0,13-11-2003,42.666666666666664,Low
96,Nour,Tarek,74.0,3.0,89.0,67.0,39.0,5.0,83.0,17-04-2002,46.166666666666664,Low
1021,Khaled,Ibrahim,13.0,38.0,61.0,50.0,25.0,73.0,100.0,15-07-2004,43.333333333333336,Low
564,Mona,Tarek,14.0,39.0,37.0,70.0,73.0,27.0,56.0,25-10-2004,43.333333333333336,Low
743,Hassan,Ali,23.0,19.0,79.0,85.0,76.0,50.0,67.0,26-04-2002,55.333333333333336,Low
864,Omar,Salem,20.0,89.0,100.0,14.0,61.0,49.0,57.0,02-06-2002,55.5,Low
892,Laila,Mostafa,18.0,9.0,87.0,74.0,67.0,45.0,94.0,09-09-2001,50.0,Low
1039,Khaled,Said,89.0,71.0,46.0,2.0,38.0,70.0,91.0,03-03-2005,52.666666666666664,Low
207,Laila,Ali,88.0,43.0,8.0,34.0,40.0,6.0,57.0,19-10-2005,36.5,Low
393,Ahmed,Mahmoud,32.0,64.0,24.0,67.0,77.0,99.0,0.0,11-05-2001,60.5,Medium
795,Hassan,Mahmoud,90.0,84.0,69.0,100.0,0.0,55.0,77.0,12-12-2002,66.33333333333333,Medium
871,Laila,Hegazy,23.0,38.0,19.0,57.0,36.0,37.0,52.0,18-06-2004,35.0,Low
398,Mona,Tarek,40.0,91.0,21.0,99.0,63.0,44.0,64.0,08-07-2002,59.666666666666664,Low
767,Hassan,Hassan,47.0,93.0,42.0,90.0,3.0,21.0,59.0,13-02-2001,49.333333333333336,Low
1029,Youssef,Said,82.0,59.0,34.0,55.0,39.0,25.0,0.0,07-08-2003,49.0,Low
643,Ahmed,Mahmoud,50.0,15.0,96.0,48.0,4.0,90.0,81.0,26-06-2005,50.5,Low
613,Nour,Ali,13.0,97.0,26.0,91.0,7.0,37.0,55.0,27-03-2004,45.166666666666664,Low
961,Hassan,Mostafa,79.0,61.0,99.0,30.0,12.0,56.0,65.0,09-09-2005,56.166666666666664,Low
726,Laila,Said,1.0,86.0,20.0,63.0,45.0,77.0,55.0,27-12-2005,48.666666666666664,Low
684,Nour,Said,65.0,46.0,0.0,37.0,75.0,93.0,67.0,16-01-2003,52.666666666666664,Low
99,Hassan,Salem,15.0,24.0,87.0,69.0,58.0,85.0,67.0,15-11-2003,56.333333333333336,Low
805,Hassan,Ali,75.0,91.0,19.0,64.0,5.0,26.0,61.0,03-07-2002,46.666666666666664,Low
407,Omar,Fathy,21.0,53.0,87.0,83.0,0.0,11.0,53.0,25-03-2003,42.5,Low
503,Ahmed,Mahmoud,29.0,49.0,91.0,92.0,36.0,20.0,81.0,28-09-2004,52.833333333333336,Low
1072,Ahmed,Tarek,73.0,64.0,65.0,28.0,95.0,7.0,95.0,20-03-2002,55.333333333333336,Low
1057,Laila,Mahmoud,52.0,77.0,66.0,86.0,28.0,62.0,96.0,13-02-2005,61.833333333333336,Medium
930,Youssef,Mahmoud,80.0,77.0,96.0,84.0,15.0,99.0,50.0,10-08-2004,75.16666666666667,Medium
780,Nour,Ali,36.0,9.0,45.0,80.0,77.0,79.0,67.0,15-08-2002,54.333333333333336,Low
201,Mona,Hegazy,86.0,32.0,91.0,20.0,20.0,87.0,64.0,11-05-2002,56.0,Low
135,Sara,Fathy,69.0,88.0,26.0,34.0,71.0,62.0,69.0,22-07-2005,58.333333333333336,Low
1052,Omar,Mahmoud,52.0,50.0,100.0,90.0,8.0,70.0,73.0,15-05-2001,61.666666666666664,Medium
41,Hassan,Fathy,92.0,21.0,52.0,72.0,79.0,60.0,66.0,07-08-2002,62.666666666666664,Medium
1018,Youssef,Mostafa,98.0,83.0,8.0,67.0,93.0,68.0,60.0,06-11-2002,69.5,Medium
231,Laila,Tarek,97.0,96.0,35.0,72.0,0.0,37.0,94.0,24-06-2004,56.166666666666664,Low
379,Unknown,Tarek,72.0,74.0,8.0,80.0,72.0,65.0,90.0,15-08-2005,61.833333333333336,Medium
289,Ahmed,Ali,38.0,62.0,72.0,91.0,62.0,12.0,75.0,20-10-2005,56.166666666666664,Low
419,Khaled,Ibrahim,65.0,75.0,65.0,95.0,45.0,25.0,91.0,23-07-2005,61.666666666666664,Medium
392,Khaled,Mahmoud,61.0,1.0,63.0,0.0,43.0,80.0,50.0,13-11-2003,41.333333333333336,Low
593,Omar,Mahmoud,71.0,76.0,53.0,77.0,85.0,34.0,64.0,30-05-2001,66.0,Medium
1163,Khaled,Mahmoud,23.0,93.0,28.0,19.0,17.0,69.0,70.0,18-12-2003,41.5,Low
1087,Sara,Hassan,29.0,50.0,7.0,76.0,53.0,54.0,80.0,15-09-2003,44.833333333333336,Low
648,Hassan,Tarek,38.0,15.0,20.0,26.0,44.0,99.0,63.0,23-04-2001,40.333333333333336,Low
1153,Sara,Salem,88.0,59.0,37.0,97.0,9.0,12.0,57.0,03-08-2001,50.333333333333336,Low
521,Laila,Ibrahim,1.0,3.0,11.0,38.0,10.0,37.0,98.0,18-02-2004,16.666666666666668,Low
65,Sara,Tarek,29.0,79.0,24.0,0.0,43.0,19.0,88.0,04-01-2002,32.333333333333336,Low
15,Mona,Salem,55.0,30.0,52.0,0.0,43.0,90.0,78.0,17-08-2002,45.0,Low
1065,Sara,Hassan,85.0,42.0,42.0,0.0,47.0,58.0,53.0,11-03-2001,45.666666666666664,Low
493,Fatma,Hegazy,72.0,19.0,5.0,72.0,97.0,77.0,92.0,24-04-2003,57.0,Low
380,Omar,Fathy,0.0,60.0,72.0,37.0,56.0,0.0,93.0,16-07-2005,37.5,Low
188,Nour,Hegazy,47.0,54.0,95.0,91.0,75.0,0.0,57.0,23-09-2003,60.333333333333336,Medium
764,Hassan,Ibrahim,0.0,6.0,28.0,0.0,5.0,78.0,71.0,08-11-2005,19.5,Low
217,Fatma,Ali,32.0,77.0,37.0,46.0,83.0,19.0,58.0,19-06-2004,49.0,Low
792,Mona,Tarek,0.0,87.0,66.0,58.0,47.0,96.0,82.0,01-08-2004,59.0,Low
1077,Ahmed,Hassan,51.0,46.0,84.0,18.0,57.0,59.0,54.0,29-02-2004,52.5,Low
879,Laila,Hegazy,0.0,1.0,0.0,98.0,86.0,76.0,54.0,30-04-2003,43.5,Low
338,Hassan,Ibrahim,18.0,54.0,8.0,13.0,71.0,44.0,0.0,22-12-2002,34.666666666666664,Low
720,Laila,Said,92.0,68.0,10.0,57.0,45.0,54.0,0.0,31-03-2002,54.333333333333336,Low
296,Ahmed,Salem,68.0,26.0,99.0,78.0,2.0,84.0,0.0,14-04-2004,59.5,Low
1017,Mona,Mostafa,74.0,75.0,0.0,68.0,84.0,58.0,0.0,08-06-2001,59.833333333333336,Low
456,Nour,Mahmoud,5.0,26.0,3.0,33.0,0.0,21.0,73.0,06-04-2003,14.666666666666666,Low
816,Sara,Mostafa,44.0,25.0,74.0,48.0,94.0,11.0,58.0,13-10-2001,49.333333333333336,Low
270,Khaled,Ibrahim,78.0,57.0,97.0,7.0,1.0,49.0,97.0,30-03-2002,48.166666666666664,Low
996,Nour,Fathy,0.0,0.0,96.0,16.0,0.0,30.0,50.0,24-04-2005,23.666666666666668,Low
202,Ahmed,Fathy,89.0,0.0,77.0,75.0,24.0,83.0,91.0,18-06-2003,58.0,Low
162,Fatma,Hassan,94.0,71.0,36.0,11.0,0.0,18.0,88.0,23-04-2002,38.333333333333336,Low
730,Mona,Salem,34.0,61.0,63.0,26.0,45.0,55.0,67.0,07-06-2005,47.333333333333336,Low
402,Ahmed,Hegazy,57.0,76.0,19.0,61.0,65.0,19.0,66.0,03-06-2003,49.5,Low
703,Sara,Mostafa,73.0,76.0,2.0,72.0,4.0,97.0,73.0,30-04-2002,54.0,Low
1130,Fatma,Hegazy,33.0,50.0,4.0,62.0,0.0,60.0,58.0,06-11-2003,34.833333333333336,Low
566,Nour,Mostafa,25.0,72.0,85.0,12.0,35.0,99.0,55.0,04-08-2003,54.666666666666664,Low
1022,Nour,Ali,59.0,3.0,2.0,0.0,33.0,6.0,51.0,03-07-2002,17.166666666666668,Low
1026,Hassan,Ibrahim,33.0,0.0,50.0,66.0,54.0,51.0,77.0,27-07-2004,42.333333333333336,Low
1105,Omar,Hassan,56.0,86.0,0.0,9.0,69.0,48.0,93.0,09-02-2002,44.666666666666664,Low
206,Laila,Salem,18.0,0.0,48.0,0.0,42.0,87.0,68.0,31-10-2004,32.5,Low
35,Unknown,Hassan,56.0,56.0,57.0,29.0,99.0,68.0,63.0,04-03-2005,60.833333333333336,Medium
776,Omar,Ali,27.0,52.0,41.0,70.0,31.0,72.0,82.0,30-11-2003,48.833333333333336,Low
509,Laila,Hassan,13.0,69.0,98.0,52.0,1.0,29.0,86.0,21-07-2002,43.666666666666664,Low
92,Ahmed,Tarek,14.0,89.0,97.0,29.0,92.0,18.0,59.0,16-12-2003,56.5,Low
898,Fatma,Ibrahim,44.0,33.0,35.0,74.0,92.0,83.0,94.0,05-03-2003,60.166666666666664,Medium
565,Youssef,Mostafa,18.0,95.0,1.0,8.0,66.0,77.0,89.0,06-09-2003,44.166666666666664,Low
777,Laila,Salem,36.0,31.0,35.0,41.0,0.0,87.0,68.0,04-03-2004,38.333333333333336,Low
242,Omar,Fathy,65.0,0.0,79.0,0.0,13.0,72.0,96.0,07-06-2005,38.166666666666664,Low
14,Omar,Unknown,69.0,1.0,30.0,97.0,67.0,25.0,99.0,08-08-2004,48.166666666666664,Low
316,Nour,Mahmoud,59.0,4.0,72.0,19.0,25.0,0.0,0.0,10-07-2004,29.833333333333332,Low
601,Khaled,Mahmoud,60.0,17.0,79.0,37.0,72.0,72.0,72.0,28-01-2003,56.166666666666664,Low
388,Nour,Hegazy,89.0,92.0,29.0,39.0,20.0,55.0,82.0,14-03-2003,54.0,Low
167,Nour,Mostafa,72.0,12.0,76.0,65.0,23.0,65.0,94.0,23-12-2003,52.166666666666664,Low
841,Youssef,Mahmoud,76.0,41.0,78.0,36.0,7.0,57.0,0.0,08-12-2001,49.166666666666664,Low
21,Khaled,Mahmoud,19.0,68.0,96.0,98.0,89.0,15.0,64.0,19-11-2003,64.16666666666667,Medium
647,Nour,Tarek,40.0,89.0,96.0,98.0,79.0,34.0,92.0,12-12-2001,72.66666666666667,Medium
1155,Youssef,Fathy,9.0,3.0,0.0,0.0,27.0,90.0,83.0,24-02-2005,21.5,Low
832,Ahmed,Fathy,41.0,53.0,58.0,19.0,97.0,56.0,56.0,01-10-2005,54.0,Low
563,Omar,Ibrahim,46.0,14.0,69.0,30.0,53.0,56.0,97.0,06-10-2003,44.666666666666664,Low
687,Mona,Hassan,32.0,29.0,48.0,26.0,37.0,26.0,52.0,22-10-2003,33.0,Low
958,Youssef,Salem,46.0,91.0,48.0,1.0,82.0,36.0,85.0,10-01-2004,50.666666666666664,Low
190,Youssef,Fathy,20.0,39.0,40.0,94.0,84.0,70.0,74.0,23-09-2003,57.833333333333336,Low
976,Fatma,Hassan,40.0,44.0,81.0,80.0,67.0,83.0,70.0,23-03-2001,65.83333333333333,Medium
700,Omar,Salem,1.0,45.0,0.0,91.0,65.0,9.0,84.0,04-09-2001,35.166666666666664,Low
511,Omar,Said,52.0,13.0,57.0,43.0,96.0,82.0,72.0,27-08-2003,57.166666666666664,Low
1083,Omar,Hegazy,52.0,11.0,52.0,13.0,20.0,55.0,0.0,04-02-2001,33.833333333333336,Low
475,Sara,Unknown,87.0,69.0,98.0,80.0,75.0,11.0,75.0,12-11-2003,70.0,Medium
857,Fatma,Unknown,2.0,89.0,38.0,72.0,4.0,26.0,90.0,29-07-2002,38.5,Low
748,Omar,Fathy,0.0,81.0,70.0,80.0,58.0,93.0,100.0,08-08-2003,63.666666666666664,Medium
253,Mona,Unknown,59.0,62.0,69.0,13.0,62.0,78.0,72.0,10-02-2005,57.166666666666664,Low
22,Ahmed,Fathy,9.0,63.0,91.0,60.0,51.0,12.0,93.0,03-02-2003,47.666666666666664,Low
460,Omar,Hassan,90.0,0.0,51.0,98.0,43.0,10.0,66.0,13-11-2003,48.666666666666664,Low
1185,Laila,Ali,17.0,3.0,8.0,96.0,46.0,52.0,73.0,03-09-2003,37.0,Low
277,Ahmed,Salem,27.0,59.0,86.0,58.0,8.0,73.0,97.0,02-04-2004,51.833333333333336,Low
956,Ahmed,Fathy,68.0,98.0,44.0,60.0,16.0,8.0,59.0,26-09-2001,49.0,Low
386,Nour,Mahmoud,91.0,55.0,13.0,8.0,59.0,8.0,58.0,26-03-2004,39.0,Low
806,Ahmed,Salem,64.0,95.0,23.0,11.0,94.0,37.0,67.0,22-01-2005,54.0,Low
344,Laila,Mostafa,15.0,20.0,85.0,48.0,45.0,64.0,55.0,16-04-2001,46.166666666666664,Low
770,Ahmed,Said,99.0,56.0,71.0,68.0,67.0,61.0,59.0,26-06-2005,70.33333333333333,Medium
131,Laila,Salem,0.0,92.0,79.0,15.0,90.0,72.0,55.0,03-09-2001,58.0,Low
872,Ahmed,Ali,98.0,59.0,35.0,30.0,67.0,85.0,68.0,23-12-2003,62.333333333333336,Medium
1124,Omar,Ali,27.0,0.0,71.0,68.0,43.0,60.0,82.0,13-11-2005,44.833333333333336,Low
88,Ahmed,Mostafa,3.0,5.0,41.0,49.0,87.0,0.0,84.0,13-03-2002,30.833333333333332,Low
331,Mona,Ali,100.0,49.0,74.0,47.0,52.0,32.0,80.0,29-08-2002,59.0,Low
467,Nour,Mostafa,61.0,88.0,90.0,62.0,73.0,77.0,54.0,03-12-2005,75.16666666666667,Medium
122,Nour,Hegazy,73.0,31.0,39.0,41.0,28.0,17.0,52.0,23-09-2003,38.166666666666664,Low
1045,Nour,Hegazy,66.0,0.0,57.0,32.0,91.0,70.0,76.0,01-05-2004,52.666666666666664,Low
1096,Unknown,Said,30.0,56.0,78.0,69.0,67.0,16.0,79.0,14-08-2004,52.666666666666664,Low
1131,Laila,Said,43.0,46.0,21.0,85.0,93.0,91.0,99.0,28-11-2001,63.166666666666664,Medium
861,Sara,Hegazy,50.0,39.0,48.0,88.0,83.0,0.0,100.0,19-09-2001,51.333333333333336,Low
1127,Sara,Salem,18.0,44.0,68.0,59.0,7.0,9.0,86.0,27-04-2001,34.166666666666664,Low
