Student_ID,First_Name,Last_Name,Math,Physics,Chemistry,Biology,English,History,Attendance,Date
77,Hassan,Ali,96.0,,34.0,45.0,87.0,52.0,88.0,2022-05-16
1027,Ahmed,Salem,44.0,12.0,12.0,73.0,53.0,,88.0,2024-07-18
44,Hassan,Ali,87.0,47.0,55.0,0.0,53.0,66.0,83.0,2023-01-29
667,Khaled,Salem,44.0,,,77.0,85.0,85.0,60.0,2023-04-11
530,Nour,Fathy,11.0,23.0,2.0,100.0,72.0,15.0,100.0,2023-01-08
102,Ahmed,Said,9.0,,41.0,,26.0,33.0,83.0,2022-05-11
909,Omar,Ibrahim,45.0,60.0,99.0,79.0,88.0,36.0,100.0,2023-10-27
278,Omar,Said,25.0,82.0,72.0,48.0,83.0,16.0,85.0,2023-06-28
778,Fatma,Mahmoud,6.0,65.0,26.0,47.0,62.0,84.0,88.0,2023-12-14
454,Ahmed,Tarek,81.0,14.0,12.0,82.0,21.0,27.0,96.0,2024-08-09
64,Nour,Said,75.0,76.0,35.0,31.0,60.0,100.0,58.0,2023-05-17
948,Mona,Hegazy,96.0,4.0,98.0,12.0,16.0,13.0,53.0,2023-05-01
351,Youssef,,3.0,96.0,48.0,70.0,51.0,46.0,82.0,2022-03-21
523,Laila,Said,40.0,89.0,73.0,,90.0,93.0,98.0,2022-02-25
908,Sara,Mostafa,40.0,79.0,20.0,79.0,72.0,44.0,81.0,2022-04-05
673,Khaled,Mostafa,90.0,62.0,73.0,94.0,73.0,42.0,71.0,2022-09-17
399,Hassan,Hegazy,50.0,75.0,30.0,19.0,89.0,64.0,84.0,2024-11-04
826,Nour,Ibrahim,58.0,53.0,34.0,35.0,88.0,,76.0,2022-11-12
362,Nour,Ali,19.0,46.0,26.0,2.0,92.0,6.0,75.0,2024-03-27
794,,Tarek,94.0,10.0,57.0,32.0,29.0,68.0,92.0,2023-10-25
934,Ahmed,Tarek,90.0,80.0,50.0,74.0,84.0,,57.0,2023-08-13
514,Laila,Mahmoud,77.0,67.0,68.0,19.0,,,70.0,2024-09-21
632,Khaled,Hegazy,63.0,44.0,8.0,67.0,57.0,67.0,97.0,2024-10-02
844,Omar,Fathy,16.0,76.0,42.0,14.0,78.0,20.0,95.0,2023-11-28
1146,Laila,Ali,57.0,6.0,47.0,51.0,16.0,50.0,75.0,2022-07-17
594,Omar,Hegazy,86.0,2.0,34.0,,11.0,84.0,75.0,2022-11-10
255,Laila,Hassan,9.0,27.0,92.0,14.0,52.0,,73.0,2023-05-20
82,Hassan,Hegazy,74.0,88.0,92.0,42.0,55.0,44.0,72.0,2024-03-21
527,Youssef,Mostafa,61.0,,79.0,78.0,63.0,35.0,80.0,2024-05-27
309,Youssef,Ali,54.0,25.0,24.0,51.0,8.0,40.0,50.0,2023-07-21
368,Khaled,Hassan,91.0,91.0,81.0,22.0,9.0,18.0,89.0,2024-11-09
965,,Tarek,85.0,12.0,56.0,10.0,5.0,63.0,78.0,2022-10-08
694,Hassan,Said,83.0,36.0,89.0,46.0,40.0,17.0,94.0,2024-10-04
766,Hassan,Hegazy,74.0,18.0,48.0,46.0,14.0,44.0,94.0,2023-07-06
1059,Khaled,Fathy,20.0,25.0,2.0,,42.0,43.0,93.0,2023-02-25
858,Mona,Tarek,41.0,88.0,2.0,85.0,94.0,45.0,75.0,2023-10-22
680,Fatma,Fathy,46.0,79.0,30.0,22.0,87.0,5.0,58.0,2022-07-30
1008,Fatma,Salem,62.0,7.0,31.0,81.0,21.0,27.0,58.0,2024-08-23
813,Sara,Salem,58.0,23.0,2.0,0.0,18.0,98.0,98.0,2024-09-19
622,Mona,Salem,45.0,98.0,86.0,90.0,15.0,85.0,99.0,2023-07-20
618,Sara,Fathy,48.0,93.0,52.0,75.0,98.0,74.0,80.0,2023-12-28
193,Fatma,Said,13.0,72.0,9.0,85.0,70.0,55.0,66.0,2024-08-14
436,Ahmed,Tarek,46.0,79.0,14.0,32.0,80.0,68.0,67.0,2022-04-05
266,Laila,Tarek,67.0,89.0,54.0,65.0,79.0,78.0,72.0,2024-03-21
1048,Youssef,Ali,77.0,19.0,55.0,92.0,69.0,87.0,68.0,2023-07-20
79,Ahmed,Tarek,62.0,38.0,97.0,,54.0,71.0,80.0,2023-10-07
429,,Mahmoud,,41.0,,98.0,6.0,25.0,95.0,2022-07-11
440,,Tarek,,16.0,100.0,89.0,86.0,77.0,97.0,2024-07-21
304,Khaled,Ibrahim,40.0,24.0,38.0,74.0,58.0,50.0,79.0,2024-09-27
276,Ahmed,Hassan,57.0,99.0,76.0,79.0,68.0,38.0,80.0,2023-03-13
381,Ahmed,Tarek,87.0,63.0,71.0,99.0,97.0,96.0,53.0,2024-06-12
576,Youssef,,,95.0,21.0,95.0,91.0,42.0,54.0,2022-07-28
52,Ahmed,Mahmoud,29.0,62.0,14.0,86.0,27.0,71.0,83.0,2024-02-18
997,Nour,Salem,14.0,45.0,91.0,38.0,79.0,40.0,50.0,2024-03-19
529,Nour,Tarek,29.0,7.0,34.0,51.0,71.0,97.0,53.0,2024-08-03
989,Laila,Fathy,29.0,87.0,19.0,58.0,51.0,100.0,61.0,2022-08-24
1196,Hassan,Tarek,15.0,29.0,2.0,74.0,77.0,1.0,75.0,2023-10-01
353,Omar,Fathy,94.0,14.0,9.0,56.0,33.0,5.0,73.0,2023-04-01
1125,Ahmed,Hegazy,10.0,29.0,4.0,66.0,18.0,19.0,81.0,2024-05-30
849,Fatma,Ibrahim,36.0,21.0,74.0,23.0,,18.0,54.0,2023-09-04
24,Mona,Hassan,,39.0,11.0,30.0,79.0,75.0,70.0,2024-05-15
211,Omar,Said,40.0,79.0,56.0,51.0,46.0,7.0,97.0,2024-06-26
382,Fatma,Fathy,97.0,4.0,50.0,64.0,36.0,23.0,62.0,2024-11-13
984,Omar,Mostafa,,,61.0,11.0,37.0,81.0,95.0,2022-12-03
651,Ahmed,Tarek,10.0,46.0,45.0,,70.0,52.0,81.0,2023-05-30
406,Youssef,Fathy,47.0,,78.0,62.0,18.0,89.0,53.0,2023-01-28
359,Mona,Mahmoud,96.0,87.0,17.0,29.0,71.0,,83.0,2023-04-02
1128,Omar,Tarek,8.0,78.0,48.0,70.0,54.0,87.0,90.0,2024-04-27
59,Mona,Hegazy,48.0,19.0,11.0,21.0,61.0,76.0,78.0,2023-03-06
799,Youssef,Mahmoud,63.0,49.0,81.0,,25.0,44.0,83.0,2024-08-04
199,Sara,Said,68.0,51.0,7.0,61.0,20.0,56.0,54.0,2022-08-12
580,Ahmed,Ali,27.0,80.0,36.0,5.0,20.0,65.0,52.0,2023-12-13
559,Hassan,Hegazy,75.0,22.0,,31.0,80.0,32.0,60.0,2022-08-23
760,Nour,Hegazy,27.0,76.0,90.0,76.0,78.0,15.0,85.0,2023-10-23
50,Fatma,Ibrahim,23.0,14.0,14.0,8.0,31.0,58.0,74.0,2023-04-22
175,Fatma,Ibrahim,67.0,81.0,99.0,33.0,41.0,91.0,65.0,2022-05-26
848,Laila,Salem,68.0,79.0,9.0,19.0,98.0,54.0,65.0,2023-08-03
378,Sara,Ibrahim,46.0,71.0,58.0,51.0,12.0,40.0,66.0,2024-06-08
197,Khaled,Tarek,20.0,52.0,50.0,13.0,90.0,,66.0,2024-04-04
232,Ahmed,Hassan,69.0,31.0,9.0,76.0,45.0,47.0,98.0,2024-09-23
1121,,Mostafa,43.0,91.0,25.0,96.0,47.0,81.0,50.0,2024-05-31
412,Hassan,Mahmoud,14.0,57.0,94.0,,66.0,41.0,60.0,2022-01-01
768,,Ibrahim,31.0,30.0,91.0,77.0,55.0,22.0,57.0,2022-12-25
623,Ahmed,Said,61.0,47.0,91.0,82.0,16.0,42.0,80.0,2022-01-21
946,Youssef,Mostafa,80.0,43.0,13.0,66.0,33.0,53.0,78.0,2024-09-16
241,Omar,Hegazy,56.0,49.0,,82.0,14.0,16.0,81.0,2022-04-13
865,Khaled,Hassan,43.0,72.0,47.0,93.0,92.0,19.0,53.0,2023-10-14
412,Hassan,Mahmoud,14.0,57.0,94.0,,66.0,41.0,60.0,2022-01-01
550,Khaled,Said,97.0,42.0,97.0,56.0,66.0,37.0,72.0,2022-03-24
416,Khaled,Ali,83.0,30.0,41.0,61.0,86.0,4.0,86.0,2024-05-30
719,Khaled,Hegazy,1.0,17.0,,13.0,77.0,2.0,82.0,2023-05-07
821,Nour,Hegazy,63.0,74.0,25.0,1.0,37.0,84.0,70.0,2022-07-10
988,Khaled,Ibrahim,70.0,53.0,57.0,99.0,49.0,78.0,74.0,2023-11-25
1181,Youssef,Hegazy,27.0,98.0,12.0,87.0,67.0,84.0,91.0,2023-01-07
972,Ahmed,,20.0,24.0,28.0,91.0,18.0,89.0,52.0,2022-09-27
733,Omar,Ali,44.0,21.0,57.0,90.0,13.0,50.0,74.0,2022-05-26
840,Fatma,Fathy,28.0,59.0,64.0,49.0,60.0,0.0,56.0,2022-10-07
803,Mona,Salem,,96.0,21.0,,55.0,14.0,91.0,2024-11-27
1075,Mona,Hassan,71.0,58.0,,64.0,64.0,87.0,65.0,2022-01-31
479,Khaled,Said,21.0,3.0,39.0,78.0,9.0,47.0,76.0,2023-08-09
45,Nour,,100.0,17.0,71.0,3.0,10.0,45.0,63.0,2022-05-23
980,Khaled,Ibrahim,29.0,71.0,79.0,72.0,90.0,85.0,82.0,2024-01-20
278,Omar,Said,25.0,82.0,72.0,48.0,83.0,16.0,85.0,2023-06-28
30,Laila,Hegazy,73.0,86.0,98.0,,13.0,1.0,100.0,2022-07-29
32,Omar,Ali,45.0,64.0,97.0,49.0,25.0,25.0,66.0,2024-02-18
738,Fatma,Ibrahim,61.0,18.0,14.0,64.0,27.0,18.0,75.0,2022-08-24
355,Nour,Hassan,26.0,78.0,58.0,,92.0,44.0,53.0,2024-07-31
426,Nour,Said,72.0,64.0,61.0,,54.0,78.0,96.0,2023-08-05
169,Youssef,,99.0,100.0,29.0,40.0,,17.0,53.0,2022-05-26
87,Omar,Salem,69.0,100.0,27.0,56.0,34.0,12.0,93.0,2023-05-21
295,Ahmed,Hassan,18.0,37.0,61.0,61.0,46.0,47.0,88.0,2022-08-08
428,Khaled,Mahmoud,0.0,53.0,94.0,4.0,66.0,80.0,79.0,2023-11-18
747,Nour,Fathy,53.0,49.0,85.0,61.0,74.0,68.0,51.0,2023-08-15
156,Khaled,Tarek,91.0,23.0,52.0,98.0,94.0,66.0,70.0,2024-02-04
221,Ahmed,,60.0,26.0,99.0,90.0,23.0,49.0,93.0,2023-03-14
124,Youssef,Mahmoud,4.0,9.0,50.0,99.0,44.0,61.0,59.0,2024-11-05
219,Sara,Hassan,23.0,7.0,62.0,43.0,75.0,31.0,69.0,2024-09-21
439,Laila,Salem,62.0,46.0,49.0,0.0,100.0,29.0,86.0,2022-05-30
24,Mona,Hassan,,39.0,11.0,30.0,79.0,75.0,70.0,2024-05-15
210,,Ibrahim,60.0,97.0,57.0,74.0,41.0,53.0,54.0,2022-06-04
234,Ahmed,Mahmoud,97.0,84.0,5.0,25.0,11.0,87.0,85.0,2023-01-24
1051,Ahmed,Said,92.0,38.0,33.0,13.0,46.0,83.0,54.0,2024-07-20
716,Nour,Mostafa,83.0,,57.0,59.0,8.0,38.0,84.0,2023-06-26
129,Youssef,Salem,38.0,58.0,48.0,65.0,35.0,51.0,91.0,2024-12-22
571,Sara,Hegazy,50.0,62.0,71.0,20.0,38.0,96.0,74.0,2024-02-08
915,Hassan,Hassan,47.0,44.0,89.0,44.0,94.0,93.0,100.0,2022-10-26
932,Omar,Tarek,52.0,11.0,57.0,8.0,75.0,57.0,66.0,2022-01-20
71,Fatma,Hassan,47.0,82.0,66.0,12.0,13.0,82.0,61.0,2022-04-25
1002,Fatma,,59.0,,97.0,75.0,9.0,,98.0,2024-01-25
114,Omar,Mahmoud,25.0,95.0,67.0,70.0,63.0,14.0,51.0,2024-06-09
297,Khaled,Said,50.0,8.0,18.0,70.0,,42.0,79.0,2023-07-12
50,,Ibrahim,23.0,14.0,14.0,8.0,31.0,58.0,74.0,2023-04-22
738,Fatma,Ibrahim,61.0,18.0,14.0,64.0,27.0,18.0,75.0,2022-08-24
706,Sara,Mostafa,74.0,36.0,94.0,17.0,17.0,28.0,58.0,2024-02-19
108,Fatma,Salem,80.0,66.0,22.0,92.0,43.0,1.0,63.0,2022-01-24
1114,Hassan,Mahmoud,,82.0,82.0,33.0,49.0,13.0,68.0,2023-07-18
1000,Hassan,Mostafa,7.0,57.0,7.0,54.0,12.0,42.0,96.0,2022-09-11
655,Ahmed,Ibrahim,45.0,59.0,74.0,67.0,43.0,42.0,97.0,2023-10-09
1161,Hassan,Mostafa,100.0,0.0,16.0,32.0,28.0,92.0,89.0,2023-03-12
209,Nour,Hassan,11.0,74.0,68.0,46.0,56.0,76.0,59.0,2023-05-27
1007,Khaled,Said,65.0,69.0,8.0,51.0,20.0,,75.0,2023-04-24
1138,,Hassan,82.0,,17.0,55.0,76.0,8.0,,2024-02-06
244,Fatma,Mostafa,97.0,53.0,86.0,57.0,79.0,51.0,91.0,2024-12-23
1101,Youssef,Tarek,,6.0,39.0,45.0,98.0,68.0,72.0,2022-05-05
1118,Youssef,Hegazy,40.0,77.0,15.0,86.0,66.0,3.0,54.0,2023-08-27
606,Hassan,Ibrahim,7.0,46.0,44.0,72.0,93.0,73.0,87.0,2023-07-26
679,Ahmed,Hassan,48.0,89.0,60.0,97.0,69.0,95.0,84.0,2024-10-02
425,Nour,Salem,69.0,0.0,70.0,58.0,3.0,,71.0,2022-06-23
468,Sara,Salem,34.0,33.0,76.0,92.0,85.0,40.0,85.0,2024-08-30
507,Omar,Salem,51.0,35.0,54.0,69.0,87.0,12.0,76.0,2024-03-09
478,Hassan,Hassan,86.0,17.0,100.0,31.0,91.0,84.0,81.0,2022-06-08
286,Fatma,Mahmoud,41.0,47.0,41.0,75.0,94.0,63.0,62.0,2024-06-16
59,Mona,Hegazy,48.0,19.0,11.0,21.0,61.0,76.0,78.0,2023-03-06
55,Fatma,Mahmoud,30.0,80.0,82.0,33.0,99.0,91.0,58.0,2024-01-18
542,Youssef,Hassan,43.0,29.0,,23.0,45.0,77.0,77.0,2023-06-01
740,Fatma,Fathy,94.0,69.0,,28.0,86.0,47.0,81.0,2022-11-02
57,Sara,Tarek,59.0,8.0,50.0,73.0,83.0,3.0,69.0,2024-01-29
110,Omar,Hassan,18.0,2.0,3.0,79.0,15.0,24.0,97.0,2023-07-01
672,Ahmed,Salem,24.0,16.0,63.0,4.0,37.0,25.0,87.0,2024-12-29
629,Mona,Hegazy,38.0,84.0,47.0,99.0,,19.0,86.0,2024-09-27
299,Omar,Mahmoud,11.0,55.0,68.0,45.0,2.0,84.0,91.0,2023-03-08
1031,Fatma,Mahmoud,65.0,85.0,86.0,17.0,80.0,89.0,55.0,2024-04-29
962,Ahmed,Hassan,95.0,86.0,17.0,32.0,26.0,87.0,74.0,2023-03-25
671,Omar,Said,7.0,42.0,81.0,29.0,53.0,38.0,76.0,2022-01-29
260,Sara,Ali,63.0,27.0,41.0,29.0,41.0,65.0,68.0,2023-10-10
597,Sara,Mahmoud,85.0,75.0,1.0,72.0,52.0,59.0,58.0,2024-12-04
345,Ahmed,Ibrahim,0.0,88.0,26.0,64.0,0.0,19.0,74.0,2024-04-23
755,Khaled,Hegazy,59.0,57.0,37.0,10.0,77.0,25.0,91.0,2024-10-08
827,Sara,Ali,14.0,65.0,23.0,60.0,,28.0,,2024-10-17
291,Khaled,Mahmoud,22.0,71.0,,77.0,22.0,20.0,56.0,2022-08-01
1119,Fatma,Mahmoud,5.0,34.0,22.0,95.0,64.0,78.0,72.0,2024-07-18
1030,Omar,Ibrahim,15.0,56.0,54.0,22.0,14.0,89.0,59.0,2022-11-13
1113,Ahmed,Salem,80.0,28.0,32.0,51.0,59.0,77.0,88.0,2022-09-16
520,Hassan,Hegazy,7.0,61.0,52.0,9.0,59.0,29.0,73.0,2024-08-15
789,,Hassan,59.0,45.0,51.0,24.0,3.0,72.0,59.0,2022-03-17
597,Sara,Mahmoud,85.0,75.0,1.0,72.0,52.0,59.0,58.0,2024-12-04
742,Fatma,Fathy,22.0,56.0,28.0,49.0,34.0,96.0,67.0,2022-10-19
875,Ahmed,Ibrahim,10.0,50.0,76.0,45.0,85.0,8.0,72.0,2022-07-25
1080,Youssef,Mostafa,13.0,60.0,45.0,21.0,4.0,90.0,59.0,2022-12-23
977,Laila,Salem,,,56.0,89.0,83.0,14.0,94.0,2022-12-26
814,Laila,Ibrahim,66.0,3.0,45.0,31.0,43.0,2.0,57.0,2022-09-06
171,,Tarek,83.0,88.0,17.0,28.0,49.0,58.0,82.0,2023-04-14
287,Sara,Ali,,39.0,58.0,14.0,48.0,94.0,86.0,2023-09-12
981,Laila,Salem,,0.0,74.0,49.0,56.0,85.0,97.0,2024-12-23
584,Mona,Mostafa,,31.0,9.0,51.0,84.0,11.0,91.0,2022-05-22
1145,Omar,Salem,16.0,56.0,25.0,78.0,80.0,56.0,57.0,2024-06-03
919,Khaled,Hassan,54.0,37.0,59.0,62.0,95.0,100.0,95.0,2023-01-04
940,Youssef,Ibrahim,6.0,31.0,81.0,42.0,,,61.0,2024-05-18
808,Hassan,Hassan,3.0,46.0,64.0,87.0,88.0,74.0,70.0,2023-02-21
562,Mona,Fathy,45.0,17.0,90.0,8.0,90.0,9.0,62.0,2023-06-09
1168,Fatma,Mostafa,24.0,7.0,5.0,86.0,20.0,85.0,98.0,2022-08-24
1019,Ahmed,Mahmoud,71.0,19.0,25.0,,91.0,33.0,72.0,2022-03-18
882,Mona,Mostafa,23.0,77.0,,45.0,72.0,31.0,98.0,2024-04-19
310,Ahmed,Said,8.0,19.0,68.0,53.0,16.0,71.0,95.0,2022-04-01
366,Ahmed,Ibrahim,98.0,17.0,48.0,25.0,66.0,43.0,98.0,2023-07-26
614,Laila,Salem,34.0,24.0,25.0,57.0,22.0,43.0,52.0,2023-10-28
410,Khaled,Said,10.0,72.0,6.0,20.0,77.0,91.0,56.0,2023-09-09
11,Laila,Hegazy,74.0,87.0,60.0,,37.0,20.0,,2022-03-03
148,,,29.0,80.0,84.0,53.0,87.0,56.0,68.0,2022-12-05
615,Nour,Hegazy,47.0,73.0,6.0,87.0,34.0,,63.0,2023-01-08
1164,Omar,Hassan,10.0,49.0,57.0,,59.0,43.0,54.0,2023-04-05
889,Sara,Mahmoud,16.0,83.0,68.0,51.0,21.0,99.0,86.0,2022-06-14
329,Ahmed,,0.0,86.0,29.0,,86.0,100.0,79.0,2024-01-17
343,Laila,Mostafa,45.0,2.0,34.0,9.0,14.0,49.0,60.0,2023-01-03
248,Fatma,Mostafa,85.0,10.0,,,26.0,82.0,66.0,2022-06-14
1090,Sara,Hassan,,52.0,72.0,50.0,84.0,3.0,71.0,2024-01-12
465,Nour,Hegazy,99.0,48.0,73.0,67.0,1.0,65.0,76.0,2024-05-23
635,Nour,Ali,8.0,63.0,53.0,92.0,,35.0,,2022-07-10
866,Mona,Hegazy,10.0,9.0,78.0,50.0,86.0,39.0,70.0,2024-08-26
328,Fatma,Mahmoud,,33.0,16.0,88.0,,37.0,55.0,2023-09-24
290,Ahmed,Hegazy,51.0,75.0,16.0,22.0,54.0,17.0,89.0,2023-09-06
815,Mona,Hegazy,74.0,18.0,54.0,2.0,88.0,61.0,66.0,2022-03-01
669,Nour,Mostafa,91.0,11.0,50.0,40.0,87.0,23.0,85.0,2023-01-03
573,Laila,Ibrahim,19.0,10.0,48.0,94.0,93.0,40.0,69.0,2023-02-11
949,Mona,Mostafa,,26.0,4.0,18.0,19.0,47.0,63.0,2024-02-21
136,Nour,Tarek,40.0,40.0,67.0,40.0,100.0,73.0,70.0,2023-09-22
347,Omar,Hassan,20.0,48.0,,56.0,91.0,84.0,74.0,2023-07-01
1079,Ahmed,Ali,31.0,,51.0,48.0,76.0,65.0,72.0,2022-02-02
1173,Ahmed,Hassan,82.0,42.0,13.0,11.0,100.0,79.0,84.0,2023-07-02
375,Youssef,Salem,43.0,9.0,35.0,26.0,95.0,36.0,64.0,2023-06-28
421,Laila,Fathy,39.0,54.0,78.0,13.0,,48.0,68.0,2023-03-14
383,,Fathy,85.0,52.0,34.0,17.0,47.0,43.0,53.0,2022-08-25
164,Laila,Mahmoud,76.0,58.0,78.0,16.0,16.0,86.0,98.0,2023-11-24
159,Nour,Mostafa,79.0,90.0,22.0,74.0,73.0,45.0,99.0,2024-07-13
141,Nour,Salem,56.0,3.0,35.0,53.0,80.0,80.0,53.0,2022-06-25
585,Khaled,Mostafa,66.0,85.0,78.0,82.0,45.0,1.0,83.0,2024-11-02
1174,Sara,Salem,82.0,26.0,21.0,64.0,1.0,64.0,55.0,2022-03-01
1078,Youssef,Hegazy,19.0,6.0,99.0,45.0,4.0,1.0,52.0,2023-10-26
874,Ahmed,Mostafa,97.0,64.0,27.0,11.0,41.0,40.0,78.0,2023-11-11
1092,Mona,Mostafa,86.0,79.0,24.0,32.0,59.0,35.0,,2022-08-12
709,Sara,Hassan,13.0,28.0,54.0,,9.0,62.0,91.0,2023-09-01
307,Laila,Ali,84.0,23.0,44.0,61.0,36.0,50.0,56.0,2022-07-09
66,Nour,Salem,57.0,72.0,86.0,75.0,96.0,23.0,93.0,2024-08-04
891,Sara,Tarek,35.0,20.0,21.0,30.0,48.0,55.0,86.0,2024-12-28
765,Nour,Mahmoud,22.0,67.0,50.0,36.0,,97.0,99.0,2022-02-12
553,Fatma,Said,64.0,68.0,24.0,70.0,46.0,6.0,54.0,2023-02-13
495,Khaled,Ali,46.0,34.0,35.0,27.0,97.0,79.0,95.0,2024-08-12
245,Mona,Said,15.0,71.0,19.0,27.0,14.0,92.0,51.0,2022-11-19
781,Youssef,Hassan,55.0,1.0,,29.0,32.0,62.0,84.0,2023-10-20
97,Hassan,Said,8.0,38.0,16.0,60.0,53.0,13.0,62.0,2022-04-07
185,Omar,Salem,19.0,84.0,68.0,62.0,68.0,65.0,94.0,2024-04-13
1189,Youssef,Said,,47.0,24.0,1.0,36.0,18.0,50.0,2023-03-17
546,Sara,Hegazy,8.0,92.0,62.0,93.0,75.0,2.0,76.0,2022-04-17
164,,Mahmoud,76.0,58.0,78.0,16.0,16.0,86.0,98.0,2023-11-24
480,Hassan,Hassan,47.0,16.0,47.0,12.0,85.0,48.0,82.0,2023-04-26
395,Nour,Tarek,34.0,,75.0,23.0,33.0,70.0,76.0,2023-11-08
222,Hassan,Hegazy,97.0,61.0,49.0,84.0,19.0,26.0,86.0,2024-04-01
431,Laila,Salem,62.0,78.0,44.0,22.0,79.0,24.0,78.0,2023-09-28
33,Khaled,Salem,3.0,94.0,97.0,68.0,69.0,,100.0,2022-07-18
157,,Salem,13.0,57.0,83.0,,53.0,33.0,71.0,2024-06-16
377,Laila,Ibrahim,65.0,51.0,37.0,63.0,3.0,12.0,83.0,2022-08-11
621,Laila,Salem,48.0,77.0,68.0,20.0,4.0,22.0,52.0,2023-07-27
244,Fatma,Mostafa,97.0,53.0,86.0,57.0,79.0,51.0,91.0,2024-12-23
515,,Hegazy,93.0,39.0,,78.0,11.0,5.0,73.0,2022-03-01
967,Mona,Mahmoud,66.0,34.0,77.0,6.0,93.0,88.0,50.0,2022-03-22
200,Mona,Hassan,2.0,29.0,64.0,93.0,30.0,29.0,65.0,2023-05-25
271,,Fathy,85.0,12.0,84.0,2.0,66.0,70.0,57.0,2022-05-29
568,Omar,Ali,92.0,73.0,,2.0,24.0,15.0,99.0,2022-08-10
494,Youssef,Mahmoud,18.0,99.0,16.0,51.0,59.0,77.0,65.0,2023-11-09
487,Ahmed,Said,27.0,18.0,76.0,85.0,63.0,32.0,93.0,2023-04-19
731,Khaled,Salem,64.0,92.0,19.0,36.0,45.0,56.0,68.0,2023-08-03
1178,Fatma,Hegazy,16.0,27.0,70.0,8.0,41.0,52.0,96.0,2023-11-27
298,Mona,Tarek,10.0,15.0,16.0,14.0,27.0,52.0,67.0,2023-08-01
1158,Khaled,Fathy,84.0,42.0,71.0,53.0,25.0,95.0,90.0,2023-12-22
589,Mona,Hassan,33.0,64.0,81.0,84.0,84.0,,62.0,2024-09-30
1042,Omar,Ali,30.0,25.0,81.0,82.0,87.0,8.0,75.0,2024-01-13
616,Fatma,Fathy,83.0,77.0,41.0,12.0,94.0,58.0,51.0,2024-09-25
574,Fatma,Mahmoud,28.0,42.0,51.0,51.0,20.0,14.0,88.0,2022-06-05
866,Mona,Hegazy,10.0,9.0,78.0,50.0,86.0,39.0,70.0,2024-08-26
911,Ahmed,Ali,69.0,55.0,46.0,,73.0,43.0,80.0,2023-08-24
179,Sara,Fathy,6.0,95.0,43.0,57.0,56.0,79.0,51.0,2024-09-21
954,Nour,Ibrahim,66.0,96.0,80.0,85.0,32.0,18.0,57.0,2024-03-21
953,Fatma,Ibrahim,37.0,42.0,42.0,53.0,86.0,62.0,51.0,2022-02-14
644,Sara,Fathy,58.0,17.0,57.0,69.0,40.0,5.0,88.0,2023-12-06
372,Mona,Hassan,5.0,63.0,94.0,8.0,89.0,8.0,93.0,2022-08-25
850,Mona,Hegazy,48.0,56.0,81.0,63.0,21.0,61.0,74.0,2024-09-29
89,Fatma,Fathy,19.0,82.0,79.0,73.0,96.0,65.0,98.0,2024-05-27
662,Mona,Salem,71.0,26.0,27.0,82.0,31.0,24.0,88.0,2024-12-10
332,Youssef,Hassan,31.0,,98.0,60.0,0.0,28.0,97.0,2023-03-07
926,,Mahmoud,14.0,67.0,1.0,65.0,63.0,,64.0,2022-10-21
610,Fatma,Hegazy,92.0,29.0,90.0,58.0,28.0,23.0,78.0,2024-02-16
971,Nour,Hassan,63.0,69.0,,77.0,50.0,38.0,89.0,2024-01-18
627,Laila,Ali,96.0,74.0,95.0,27.0,19.0,40.0,93.0,2023-05-10
1193,Khaled,Mostafa,99.0,38.0,57.0,88.0,17.0,36.0,97.0,2023-11-30
343,Laila,Mostafa,45.0,2.0,34.0,9.0,14.0,49.0,60.0,2023-01-03
267,Ahmed,Tarek,85.0,48.0,83.0,80.0,40.0,50.0,88.0,2022-09-26
60,Nour,Ali,62.0,,3.0,69.0,26.0,83.0,74.0,2023-07-01
600,Ahmed,Hegazy,16.0,96.0,40.0,97.0,,4.0,,2024-08-10
773,Ahmed,Hassan,38.0,30.0,4.0,31.0,90.0,56.0,60.0,2023-01-07
723,Ahmed,Mahmoud,,29.0,96.0,1.0,18.0,70.0,94.0,2022-01-06
987,Nour,Ibrahim,25.0,38.0,81.0,68.0,70.0,46.0,93.0,2023-08-28
491,Ahmed,Ibrahim,77.0,34.0,,26.0,39.0,52.0,97.0,2022-05-12
1044,Hassan,Ali,38.0,42.0,68.0,88.0,62.0,22.0,66.0,2024-01-23
482,Nour,Fathy,,77.0,34.0,18.0,96.0,55.0,,2023-11-19
333,Nour,Tarek,47.0,,22.0,14.0,1.0,78.0,96.0,2023-05-27
313,Hassan,Fathy,47.0,82.0,67.0,82.0,25.0,87.0,74.0,2022-09-25
722,Fatma,Mahmoud,2.0,99.0,7.0,14.0,36.0,95.0,95.0,2022-11-17
712,,Fathy,72.0,69.0,53.0,72.0,85.0,13.0,66.0,2022-05-04
1067,Ahmed,Ali,80.0,63.0,57.0,40.0,22.0,,57.0,2023-07-22
84,Ahmed,Hegazy,44.0,61.0,44.0,19.0,14.0,15.0,76.0,2022-10-20
130,Youssef,,34.0,30.0,89.0,65.0,12.0,31.0,50.0,2022-01-02
904,Sara,Fathy,4.0,44.0,40.0,36.0,6.0,72.0,72.0,2024-06-27
539,Nour,Tarek,19.0,56.0,71.0,39.0,91.0,64.0,78.0,2024-02-16
999,Sara,Fathy,12.0,64.0,36.0,67.0,21.0,46.0,67.0,2023-06-26
677,Laila,Ali,46.0,7.0,33.0,51.0,,15.0,84.0,2023-08-22
261,Sara,Fathy,31.0,65.0,20.0,,3.0,72.0,76.0,2023-06-19
586,Mona,Mostafa,85.0,69.0,41.0,,8.0,16.0,54.0,2023-11-30
599,Ahmed,Salem,81.0,13.0,12.0,83.0,89.0,95.0,92.0,2024-09-17
599,Ahmed,Salem,81.0,13.0,12.0,83.0,89.0,95.0,92.0,2024-09-17
611,Khaled,Mahmoud,98.0,24.0,93.0,69.0,18.0,95.0,93.0,2023-11-20
139,Mona,Said,59.0,83.0,93.0,84.0,35.0,,70.0,2023-05-09
293,Laila,Hassan,49.0,79.0,1.0,96.0,68.0,99.0,88.0,2023-06-26
1025,,Mostafa,95.0,44.0,24.0,16.0,47.0,59.0,85.0,2022-10-05
142,Youssef,Hassan,30.0,12.0,66.0,97.0,39.0,81.0,62.0,2024-09-22
852,Laila,Said,33.0,26.0,40.0,93.0,,90.0,87.0,2024-07-03
463,Nour,Salem,37.0,85.0,68.0,91.0,96.0,29.0,56.0,2024-06-25
448,Ahmed,Ibrahim,16.0,44.0,66.0,,16.0,11.0,79.0,2022-01-12
140,Laila,Mahmoud,59.0,21.0,29.0,31.0,60.0,99.0,68.0,2022-06-11
645,Ahmed,Tarek,38.0,98.0,74.0,25.0,39.0,34.0,81.0,2024-05-21
931,Fatma,Said,50.0,69.0,98.0,60.0,62.0,1.0,52.0,2023-06-07
225,Youssef,Ibrahim,42.0,41.0,77.0,67.0,,67.0,82.0,2024-02-16
486,Omar,Mostafa,72.0,14.0,39.0,58.0,90.0,71.0,63.0,2022-11-05
275,Omar,Tarek,39.0,80.0,69.0,77.0,81.0,65.0,70.0,2022-05-31
324,Nour,Hassan,2.0,52.0,56.0,86.0,14.0,76.0,100.0,2022-10-31
334,Youssef,Salem,,86.0,80.0,64.0,57.0,22.0,81.0,2022-07-30
462,Ahmed,Hassan,45.0,68.0,82.0,71.0,39.0,66.0,73.0,2023-10-12
1169,Ahmed,Ali,93.0,23.0,25.0,81.0,23.0,41.0,97.0,2023-07-25
630,,Hegazy,84.0,20.0,94.0,28.0,81.0,76.0,76.0,2023-05-08
1188,Sara,Hassan,70.0,38.0,1.0,12.0,48.0,48.0,50.0,2024-12-22
763,Nour,Mostafa,40.0,94.0,,30.0,57.0,90.0,56.0,2022-07-07
678,Ahmed,Ali,86.0,,59.0,87.0,60.0,58.0,51.0,2022-09-16
970,Khaled,Salem,41.0,28.0,5.0,46.0,9.0,77.0,100.0,2022-03-10
345,Ahmed,Ibrahim,0.0,88.0,26.0,64.0,0.0,19.0,74.0,2024-04-23
544,Nour,Mostafa,72.0,17.0,69.0,57.0,1.0,24.0,,2024-08-21
1116,Omar,Mostafa,49.0,35.0,82.0,27.0,11.0,24.0,62.0,2024-02-20
1175,Omar,Salem,11.0,31.0,50.0,72.0,65.0,16.0,82.0,2023-01-05
819,Ahmed,Hassan,26.0,49.0,63.0,28.0,24.0,84.0,98.0,2022-01-29
534,Omar,Ibrahim,49.0,72.0,70.0,8.0,1.0,71.0,51.0,2023-11-02
1112,Fatma,Said,37.0,53.0,40.0,58.0,68.0,,83.0,2022-05-15
322,Youssef,Ali,79.0,34.0,17.0,97.0,63.0,65.0,97.0,2022-03-15
378,Sara,Ibrahim,46.0,71.0,58.0,51.0,12.0,40.0,66.0,2024-06-08
1041,Hassan,Said,55.0,89.0,95.0,36.0,52.0,73.0,52.0,2023-04-29
933,Mona,Mahmoud,77.0,15.0,,76.0,52.0,35.0,97.0,2024-08-10
364,Mona,Hegazy,25.0,67.0,17.0,40.0,,,65.0,2023-07-25
40,Laila,Fathy,3.0,8.0,67.0,47.0,31.0,37.0,50.0,2024-02-15
31,Hassan,Ibrahim,37.0,16.0,68.0,58.0,95.0,96.0,85.0,2022-07-09
243,Laila,Hegazy,73.0,,55.0,76.0,,98.0,60.0,2024-10-26
843,Youssef,,46.0,,67.0,41.0,33.0,62.0,93.0,2024-04-29
137,Hassan,Mahmoud,53.0,30.0,79.0,76.0,77.0,62.0,70.0,2023-05-06
311,Omar,Fathy,46.0,,29.0,87.0,64.0,10.0,67.0,2022-01-08
1050,Sara,Ali,26.0,82.0,88.0,3.0,12.0,80.0,73.0,2022-09-08
810,Nour,Said,68.0,52.0,80.0,88.0,95.0,63.0,52.0,2022-09-26
356,Mona,Ali,68.0,45.0,95.0,98.0,88.0,43.0,73.0,2023-12-18
1111,Youssef,Tarek,85.0,24.0,59.0,,69.0,25.0,88.0,2022-10-31
1136,Youssef,Ibrahim,50.0,,22.0,17.0,64.0,67.0,83.0,2023-10-03
443,Ahmed,Hegazy,52.0,12.0,2.0,15.0,76.0,10.0,83.0,2024-02-26
4,Khaled,Salem,11.0,25.0,84.0,64.0,28.0,58.0,99.0,2023-05-17
112,Omar,Mahmoud,34.0,79.0,58.0,24.0,19.0,78.0,62.0,2022-08-17
661,Khaled,Tarek,71.0,26.0,30.0,37.0,6.0,79.0,52.0,2023-07-21
1086,Omar,Ibrahim,21.0,42.0,29.0,96.0,20.0,91.0,57.0,2022-08-21
705,Sara,Salem,50.0,63.0,46.0,45.0,41.0,53.0,89.0,2024-12-06
910,Omar,Said,11.0,99.0,43.0,84.0,79.0,41.0,98.0,2022-04-25
1038,Hassan,Fathy,65.0,71.0,30.0,0.0,98.0,72.0,81.0,2023-03-21
535,Youssef,Mahmoud,84.0,44.0,55.0,,42.0,13.0,55.0,2023-03-10
315,Mona,Hegazy,41.0,,28.0,,30.0,51.0,57.0,2022-11-27
1061,Ahmed,,52.0,26.0,56.0,20.0,63.0,39.0,76.0,2023-03-01
320,,Ibrahim,1.0,79.0,13.0,45.0,71.0,71.0,64.0,2022-06-04
717,Omar,Ibrahim,69.0,95.0,61.0,2.0,87.0,39.0,77.0,2022-06-16
430,Sara,Said,86.0,20.0,69.0,18.0,54.0,83.0,61.0,2023-04-27
6,Nour,Said,77.0,3.0,39.0,0.0,6.0,10.0,68.0,2022-10-13
101,Sara,Salem,60.0,31.0,45.0,67.0,52.0,99.0,82.0,2024-05-14
701,Youssef,Fathy,62.0,,15.0,23.0,99.0,93.0,72.0,2023-05-24
561,Laila,Tarek,75.0,31.0,22.0,56.0,27.0,37.0,83.0,2024-08-10
598,Hassan,Tarek,24.0,86.0,93.0,100.0,15.0,43.0,50.0,2023-07-08
880,Omar,Salem,81.0,30.0,29.0,52.0,14.0,,56.0,2022-02-01
821,Nour,Hegazy,63.0,74.0,25.0,1.0,37.0,84.0,70.0,2022-07-10
1166,Nour,Hegazy,67.0,60.0,77.0,44.0,68.0,40.0,70.0,2023-12-19
1122,Khaled,Mahmoud,63.0,16.0,,,87.0,77.0,82.0,2022-07-23
381,Ahmed,Tarek,87.0,63.0,71.0,99.0,97.0,96.0,53.0,2024-06-12
228,Youssef,Tarek,,42.0,92.0,72.0,37.0,38.0,79.0,2023-06-28
452,Omar,Said,76.0,71.0,16.0,54.0,82.0,35.0,98.0,2022-12-27
579,Hassan,Said,91.0,67.0,,95.0,21.0,13.0,75.0,2022-03-26
1199,Ahmed,Ibrahim,37.0,65.0,47.0,63.0,59.0,,98.0,2022-04-18
896,Ahmed,Ali,10.0,87.0,35.0,53.0,53.0,47.0,89.0,2022-05-21
67,Laila,Hassan,,62.0,75.0,0.0,45.0,35.0,75.0,2024-02-17
68,Fatma,Hassan,99.0,75.0,97.0,71.0,13.0,33.0,86.0,2023-07-07
391,Hassan,Mostafa,89.0,58.0,83.0,42.0,57.0,74.0,53.0,2023-02-08
212,Laila,Ali,32.0,8.0,61.0,7.0,91.0,54.0,75.0,2022-07-20
13,Fatma,Tarek,94.0,21.0,79.0,16.0,0.0,9.0,53.0,2023-03-24
853,Laila,Ibrahim,85.0,40.0,49.0,97.0,44.0,90.0,99.0,2024-09-18
711,Hassan,Mostafa,,24.0,65.0,9.0,48.0,36.0,56.0,2023-09-18
300,Hassan,Mostafa,73.0,,,63.0,3.0,26.0,67.0,2023-12-04
504,Laila,Mahmoud,8.0,64.0,42.0,81.0,88.0,17.0,80.0,2022-01-13
935,Youssef,Fathy,81.0,86.0,83.0,,16.0,44.0,98.0,2022-11-20
1200,Khaled,Fathy,74.0,11.0,63.0,84.0,98.0,36.0,74.0,2022-11-15
1135,Khaled,Ibrahim,14.0,63.0,32.0,59.0,31.0,32.0,91.0,2024-05-24
683,Youssef,Hegazy,17.0,92.0,35.0,5.0,50.0,7.0,98.0,2024-08-19
1195,Laila,Mahmoud,1.0,,34.0,21.0,18.0,25.0,50.0,2024-01-28
423,Khaled,Mahmoud,46.0,39.0,16.0,80.0,9.0,0.0,68.0,2024-08-27
582,,Hassan,21.0,82.0,94.0,96.0,36.0,3.0,90.0,2024-05-27
1084,Ahmed,Said,23.0,25.0,58.0,43.0,,,67.0,2024-05-12
1177,Hassan,Mostafa,41.0,17.0,47.0,89.0,33.0,,65.0,2023-09-25
414,Ahmed,Mahmoud,34.0,55.0,4.0,72.0,28.0,68.0,92.0,2023-08-11
1062,Ahmed,Ali,18.0,10.0,,100.0,23.0,6.0,69.0,2023-03-19
1089,Omar,Hassan,3.0,45.0,56.0,54.0,23.0,88.0,51.0,2024-07-07
274,Youssef,Said,26.0,31.0,86.0,15.0,42.0,39.0,89.0,2022-07-24
905,Khaled,Hassan,80.0,35.0,17.0,45.0,7.0,1.0,94.0,2022-12-07
363,Mona,Mostafa,33.0,86.0,91.0,72.0,32.0,43.0,69.0,2023-11-04
238,Hassan,Tarek,4.0,55.0,57.0,,92.0,15.0,52.0,2022-05-05
1154,Omar,Salem,54.0,33.0,87.0,25.0,,61.0,64.0,2024-05-16
498,Youssef,Ibrahim,52.0,43.0,1.0,94.0,18.0,89.0,52.0,2023-02-28
3,Fatma,Said,53.0,100.0,92.0,83.0,13.0,45.0,74.0,2023-07-18
7,,Fathy,13.0,94.0,76.0,4.0,,30.0,95.0,2022-07-29
775,Ahmed,Said,55.0,94.0,6.0,63.0,55.0,59.0,70.0,2024-10-04
312,,Ali,14.0,9.0,75.0,56.0,2.0,79.0,62.0,2023-11-15
1081,Omar,Ibrahim,49.0,67.0,43.0,77.0,59.0,13.0,54.0,2023-06-28
424,Youssef,Fathy,38.0,,67.0,24.0,46.0,91.0,61.0,2022-12-14
591,Khaled,Ibrahim,54.0,21.0,,63.0,58.0,20.0,50.0,2024-06-06
1040,Nour,Mostafa,12.0,41.0,,66.0,14.0,,91.0,2024-06-29
1028,Mona,Mostafa,60.0,12.0,43.0,46.0,77.0,23.0,93.0,2024-01-30
216,Ahmed,Mahmoud,85.0,96.0,39.0,39.0,52.0,92.0,62.0,2023-04-30
721,Nour,Ibrahim,37.0,53.0,71.0,88.0,7.0,32.0,59.0,2022-06-03
28,Omar,Said,53.0,59.0,,7.0,68.0,26.0,75.0,2023-03-17
241,Omar,Hegazy,56.0,49.0,,82.0,14.0,16.0,81.0,2022-04-13
554,Ahmed,Said,7.0,93.0,11.0,89.0,82.0,93.0,58.0,2022-02-11
900,Youssef,Said,11.0,75.0,52.0,98.0,32.0,32.0,54.0,2022-07-05
1074,Mona,Ali,99.0,71.0,97.0,66.0,98.0,17.0,86.0,2022-09-27
537,Hassan,Fathy,68.0,7.0,33.0,62.0,12.0,65.0,54.0,2023-11-01
536,Sara,Salem,20.0,65.0,9.0,22.0,7.0,30.0,58.0,2024-07-20
812,Hassan,Said,87.0,1.0,93.0,24.0,12.0,81.0,74.0,2024-06-16
590,Khaled,Said,90.0,83.0,86.0,97.0,94.0,42.0,,2022-08-05
355,Nour,,26.0,78.0,58.0,,92.0,44.0,53.0,2024-07-31
1103,Nour,Mahmoud,48.0,91.0,25.0,76.0,41.0,33.0,96.0,2024-04-02
1073,Laila,Salem,9.0,98.0,10.0,59.0,44.0,44.0,79.0,2022-02-22
257,Hassan,Hegazy,63.0,5.0,96.0,32.0,51.0,,53.0,2022-06-17
292,Omar,Hegazy,88.0,87.0,46.0,93.0,33.0,,95.0,2022-10-03
26,Ahmed,,36.0,98.0,53.0,72.0,2.0,21.0,95.0,2023-07-24
337,,Mahmoud,69.0,47.0,31.0,53.0,77.0,92.0,67.0,2022-11-13
708,Omar,Ibrahim,9.0,54.0,79.0,79.0,20.0,8.0,89.0,2024-06-25
48,Laila,Hassan,54.0,16.0,73.0,24.0,24.0,,83.0,2023-08-16
319,,Hassan,11.0,26.0,,24.0,9.0,46.0,87.0,2022-08-18
107,Omar,Mostafa,69.0,93.0,,62.0,96.0,96.0,77.0,2023-05-30
888,Nour,Salem,4.0,,64.0,90.0,37.0,7.0,57.0,2024-03-25
56,Laila,Mostafa,59.0,31.0,53.0,42.0,90.0,50.0,79.0,2022-11-30
786,Omar,Ali,18.0,95.0,86.0,64.0,56.0,48.0,83.0,2024-10-11
214,Laila,Hassan,67.0,14.0,51.0,26.0,13.0,43.0,,2022-01-31
121,Nour,Ali,20.0,77.0,30.0,25.0,46.0,80.0,77.0,2024-11-05
895,Hassan,Tarek,97.0,17.0,99.0,53.0,64.0,45.0,57.0,2022-03-15
1055,Hassan,Mostafa,16.0,94.0,69.0,47.0,,91.0,79.0,2022-04-14
913,Mona,Fathy,,,28.0,,30.0,37.0,79.0,2024-02-07
73,Sara,Mahmoud,99.0,70.0,60.0,52.0,79.0,4.0,75.0,2022-03-07
411,Mona,Hegazy,93.0,94.0,56.0,24.0,9.0,90.0,75.0,2024-04-11
990,Nour,Salem,6.0,74.0,57.0,35.0,25.0,15.0,66.0,2024-08-17
937,Hassan,Ibrahim,50.0,60.0,40.0,15.0,12.0,64.0,66.0,2024-06-23
592,Laila,Mostafa,0.0,10.0,15.0,78.0,53.0,14.0,71.0,2024-01-12
433,Nour,Hegazy,3.0,21.0,50.0,93.0,73.0,32.0,60.0,2023-02-12
975,Laila,Tarek,65.0,65.0,3.0,18.0,86.0,79.0,88.0,2023-11-01
995,Youssef,Salem,36.0,98.0,77.0,56.0,19.0,26.0,61.0,2024-01-20
870,Omar,Hegazy,62.0,19.0,3.0,60.0,37.0,30.0,98.0,2024-10-11
1014,Omar,Mostafa,3.0,,2.0,9.0,66.0,18.0,82.0,2023-09-11
619,Khaled,Mahmoud,12.0,40.0,58.0,50.0,95.0,94.0,60.0,2023-06-14
772,Laila,Mahmoud,23.0,60.0,92.0,35.0,33.0,53.0,95.0,2023-07-24
631,Omar,Ali,48.0,85.0,18.0,16.0,0.0,64.0,87.0,2024-09-02
326,Nour,Salem,39.0,25.0,11.0,54.0,73.0,86.0,64.0,2022-09-19
567,Nour,Mostafa,51.0,100.0,83.0,57.0,62.0,37.0,88.0,2023-09-30
71,,,47.0,82.0,66.0,12.0,13.0,82.0,61.0,2022-04-25
317,Omar,Mahmoud,83.0,66.0,67.0,32.0,22.0,48.0,81.0,2024-05-25
681,Sara,Said,83.0,35.0,9.0,47.0,,97.0,100.0,2022-01-26
922,Nour,Tarek,32.0,95.0,94.0,43.0,34.0,56.0,75.0,2022-06-11
466,Nour,Salem,71.0,22.0,8.0,13.0,27.0,60.0,97.0,2024-07-02
583,Ahmed,Fathy,75.0,4.0,63.0,31.0,76.0,25.0,96.0,2024-01-29
756,Mona,Said,97.0,67.0,30.0,74.0,,17.0,50.0,2024-06-15
1076,Fatma,Hegazy,53.0,,17.0,60.0,46.0,59.0,64.0,2024-01-04
555,Mona,Tarek,44.0,5.0,70.0,71.0,1.0,29.0,,2022-11-09
603,Mona,Fathy,5.0,22.0,68.0,81.0,13.0,20.0,94.0,2023-10-23
61,Laila,Ali,82.0,90.0,94.0,1.0,44.0,,87.0,2022-05-27
434,Omar,Hassan,57.0,37.0,33.0,49.0,18.0,,86.0,2022-10-29
797,Khaled,,48.0,70.0,65.0,29.0,11.0,69.0,94.0,2024-11-19
93,Khaled,Mahmoud,69.0,13.0,0.0,72.0,86.0,44.0,72.0,2022-10-11
1037,Laila,Ibrahim,65.0,82.0,63.0,58.0,86.0,26.0,59.0,2024-01-29
483,Khaled,Ali,2.0,12.0,94.0,23.0,85.0,39.0,90.0,2023-10-17
352,Mona,Said,27.0,37.0,0.0,82.0,59.0,98.0,81.0,2024-08-21
195,Mona,Tarek,36.0,73.0,90.0,99.0,7.0,99.0,76.0,2022-07-21
281,,Salem,24.0,55.0,18.0,48.0,81.0,67.0,76.0,2022-05-21
804,Nour,Tarek,55.0,74.0,36.0,55.0,13.0,5.0,59.0,2024-01-11
552,Omar,Fathy,95.0,22.0,79.0,81.0,66.0,67.0,52.0,2023-05-22
360,Ahmed,Hegazy,67.0,,45.0,,18.0,24.0,70.0,2022-02-18
766,Hassan,Hegazy,74.0,18.0,48.0,46.0,14.0,44.0,94.0,2023-07-06
966,Laila,Mahmoud,42.0,83.0,28.0,32.0,96.0,17.0,55.0,2022-07-18
927,Sara,Hassan,26.0,20.0,47.0,16.0,3.0,85.0,74.0,2023-04-21
845,Omar,Ali,95.0,41.0,68.0,32.0,99.0,22.0,85.0,2024-11-05
668,Khaled,Tarek,89.0,62.0,62.0,48.0,69.0,13.0,82.0,2024-01-10
549,Khaled,Salem,80.0,97.0,56.0,21.0,35.0,39.0,77.0,2022-05-21
1035,Hassan,Hassan,15.0,85.0,40.0,57.0,61.0,1.0,98.0,2023-07-27
183,Ahmed,,31.0,12.0,33.0,29.0,19.0,12.0,,2023-05-13
707,Sara,Tarek,76.0,26.0,,42.0,31.0,40.0,62.0,2024-07-11
524,Khaled,Mahmoud,54.0,27.0,96.0,36.0,,40.0,98.0,2024-03-17
111,Ahmed,Hegazy,41.0,97.0,,,11.0,59.0,60.0,2023-11-28
371,Laila,Said,,22.0,53.0,15.0,10.0,30.0,72.0,2022-02-26
459,Sara,Tarek,58.0,34.0,16.0,73.0,96.0,95.0,74.0,2022-10-01
240,Omar,Mahmoud,21.0,85.0,20.0,87.0,20.0,,93.0,2022-04-28
902,Ahmed,Mahmoud,10.0,69.0,49.0,42.0,85.0,70.0,89.0,2022-07-21
702,Mona,Mahmoud,28.0,18.0,36.0,92.0,17.0,73.0,61.0,2022-08-31
652,Sara,Ibrahim,18.0,47.0,65.0,0.0,26.0,37.0,92.0,2023-04-18
205,Omar,Fathy,48.0,53.0,84.0,10.0,48.0,30.0,97.0,2024-05-14
1047,Sara,Tarek,86.0,8.0,73.0,60.0,15.0,,,2024-03-26
1058,Mona,Hegazy,12.0,10.0,12.0,84.0,36.0,83.0,87.0,2022-09-15
262,Sara,Hegazy,6.0,37.0,98.0,12.0,68.0,72.0,78.0,2023-02-23
824,Mona,Tarek,49.0,66.0,23.0,16.0,13.0,14.0,96.0,2024-08-03
714,Fatma,Mahmoud,27.0,35.0,37.0,30.0,54.0,72.0,73.0,2023-03-02
472,Laila,Mahmoud,83.0,89.0,,95.0,70.0,94.0,80.0,2023-07-22
340,Nour,Hassan,8.0,88.0,27.0,81.0,,85.0,89.0,2022-12-29
637,Sara,Hassan,36.0,1.0,,73.0,,1.0,79.0,2023-03-30
807,Laila,Hegazy,30.0,64.0,83.0,68.0,80.0,67.0,70.0,2022-04-16
1149,Ahmed,Mostafa,28.0,51.0,1.0,68.0,59.0,10.0,90.0,2022-05-03
184,Ahmed,Tarek,,42.0,65.0,24.0,14.0,55.0,92.0,2024-08-26
138,Khaled,Ali,45.0,84.0,63.0,30.0,75.0,16.0,67.0,2022-04-29
696,Youssef,Mostafa,75.0,66.0,71.0,12.0,33.0,86.0,100.0,2022-04-20
81,Youssef,Ali,46.0,58.0,3.0,10.0,72.0,78.0,69.0,2024-10-19
1012,Hassan,Mostafa,45.0,2.0,75.0,43.0,43.0,40.0,55.0,2022-05-10
528,Khaled,Fathy,47.0,2.0,44.0,84.0,19.0,63.0,74.0,2022-10-05
1010,Ahmed,Hegazy,8.0,,66.0,,65.0,81.0,80.0,2023-11-03
166,Ahmed,Mahmoud,43.0,58.0,36.0,34.0,21.0,77.0,93.0,2023-04-17
249,Laila,Mostafa,75.0,87.0,4.0,76.0,86.0,,66.0,2023-01-16
308,Khaled,Fathy,71.0,72.0,3.0,88.0,64.0,68.0,54.0,2024-05-17
846,Fatma,Hassan,21.0,46.0,98.0,79.0,59.0,8.0,62.0,2023-07-02
533,Khaled,Tarek,,30.0,10.0,67.0,,89.0,93.0,2024-02-16
335,Nour,Salem,3.0,3.0,0.0,21.0,,2.0,94.0,2023-12-26
98,Youssef,Said,89.0,71.0,,,13.0,3.0,53.0,2022-08-13
543,Fatma,Mostafa,32.0,73.0,65.0,50.0,14.0,39.0,57.0,2022-06-17
674,Hassan,Hassan,45.0,80.0,68.0,70.0,79.0,35.0,75.0,2023-07-16
893,Ahmed,Mahmoud,63.0,77.0,100.0,83.0,92.0,42.0,75.0,2023-10-11
839,Laila,Fathy,,9.0,10.0,80.0,7.0,72.0,82.0,2024-11-06
761,Sara,Ali,43.0,41.0,87.0,,15.0,100.0,88.0,2023-05-28
625,Ahmed,Mahmoud,42.0,9.0,52.0,25.0,95.0,39.0,73.0,2023-01-27
1139,Nour,Ali,,21.0,29.0,52.0,10.0,15.0,51.0,2022-11-09
303,Ahmed,Ibrahim,91.0,13.0,80.0,43.0,44.0,49.0,88.0,2024-11-01
1032,Khaled,Ibrahim,39.0,91.0,8.0,0.0,17.0,9.0,79.0,2022-07-22
389,Khaled,Ali,20.0,68.0,3.0,54.0,10.0,29.0,82.0,2022-01-04
236,Khaled,Tarek,73.0,39.0,0.0,38.0,43.0,27.0,68.0,2023-03-22
901,Omar,Ibrahim,20.0,21.0,81.0,21.0,99.0,43.0,77.0,2024-06-07
873,Laila,Tarek,12.0,65.0,31.0,90.0,97.0,44.0,50.0,2024-10-25
306,Ahmed,Ibrahim,100.0,66.0,39.0,94.0,74.0,98.0,56.0,2022-04-15
917,Omar,Said,,19.0,,21.0,50.0,67.0,58.0,2024-12-23
1133,Khaled,Mahmoud,99.0,63.0,12.0,22.0,38.0,39.0,82.0,2022-07-14
250,Ahmed,Ali,87.0,48.0,20.0,57.0,,21.0,77.0,2022-05-21
424,Youssef,Fathy,38.0,,67.0,24.0,46.0,91.0,61.0,2022-12-14
72,,Fathy,44.0,59.0,8.0,14.0,64.0,16.0,73.0,2023-04-15
95,Youssef,Said,77.0,53.0,95.0,41.0,94.0,53.0,79.0,2024-10-07
951,Youssef,Ibrahim,18.0,77.0,31.0,8.0,58.0,28.0,87.0,2023-08-29
34,Omar,Hegazy,,94.0,76.0,69.0,57.0,82.0,52.0,2024-01-06
851,Sara,Fathy,12.0,83.0,97.0,79.0,86.0,,87.0,2022-11-01
449,Ahmed,Fathy,38.0,5.0,75.0,13.0,53.0,65.0,79.0,2022-08-07
446,Sara,Salem,99.0,80.0,73.0,46.0,47.0,10.0,74.0,2023-05-15
916,Khaled,Hegazy,51.0,35.0,84.0,25.0,77.0,5.0,100.0,2023-05-16
1147,Sara,Tarek,86.0,49.0,64.0,3.0,67.0,12.0,79.0,2024-02-03
753,Nour,Tarek,52.0,36.0,27.0,12.0,94.0,41.0,100.0,2023-07-12
78,Hassan,Said,17.0,54.0,62.0,68.0,48.0,49.0,78.0,2023-03-09
85,Fatma,Mostafa,32.0,12.0,49.0,20.0,,85.0,79.0,2023-06-27
595,Laila,Mahmoud,37.0,8.0,97.0,14.0,63.0,84.0,67.0,2024-06-10
83,Fatma,Hassan,56.0,95.0,40.0,19.0,55.0,12.0,92.0,2024-07-28
458,Omar,Salem,22.0,,87.0,26.0,33.0,14.0,84.0,2024-07-23
941,Sara,Hassan,34.0,14.0,15.0,41.0,36.0,31.0,78.0,2023-05-28
437,Fatma,Fathy,37.0,7.0,77.0,1.0,27.0,5.0,93.0,2023-05-17
1120,Mona,Fathy,68.0,29.0,6.0,12.0,,31.0,68.0,2024-11-01
993,Mona,Ibrahim,35.0,89.0,76.0,87.0,8.0,91.0,84.0,2023-04-08
405,Mona,Tarek,22.0,63.0,67.0,100.0,5.0,100.0,52.0,2022-09-18
1098,Ahmed,Ali,33.0,74.0,82.0,79.0,69.0,61.0,72.0,2023-09-10
666,Khaled,Fathy,,62.0,83.0,9.0,23.0,33.0,95.0,2023-08-30
713,Ahmed,Hassan,38.0,,26.0,58.0,12.0,100.0,99.0,2022-07-23
105,Fatma,Said,76.0,91.0,48.0,50.0,5.0,2.0,84.0,2024-08-16
1170,Nour,Hegazy,72.0,82.0,38.0,61.0,2.0,73.0,65.0,2023-04-09
746,Sara,Salem,20.0,3.0,36.0,58.0,4.0,42.0,57.0,2023-09-22
63,Sara,Hegazy,23.0,81.0,79.0,65.0,24.0,54.0,74.0,2024-12-29
282,,Mahmoud,2.0,27.0,82.0,50.0,82.0,,85.0,2023-05-16
728,Khaled,Salem,40.0,12.0,62.0,99.0,70.0,46.0,91.0,2022-03-08
239,Hassan,Mostafa,1.0,5.0,90.0,18.0,48.0,15.0,82.0,2023-10-05
224,Sara,Tarek,57.0,64.0,12.0,83.0,29.0,51.0,93.0,2022-12-04
146,Ahmed,Mahmoud,35.0,19.0,75.0,65.0,33.0,12.0,62.0,2022-09-20
1176,Ahmed,Tarek,,77.0,22.0,2.0,41.0,29.0,70.0,2023-07-14
374,Omar,Tarek,59.0,39.0,70.0,27.0,76.0,,82.0,2023-01-01
119,Youssef,Said,83.0,56.0,87.0,18.0,21.0,5.0,61.0,2024-10-22
894,Khaled,Tarek,90.0,100.0,52.0,35.0,14.0,91.0,92.0,2024-09-26
251,Fatma,Mahmoud,39.0,20.0,,72.0,52.0,48.0,79.0,2022-05-20
850,Mona,Hegazy,48.0,56.0,81.0,63.0,21.0,61.0,74.0,2024-09-29
10,Khaled,Fathy,19.0,37.0,93.0,27.0,86.0,37.0,65.0,2022-03-07
450,Omar,Said,8.0,34.0,92.0,92.0,49.0,52.0,62.0,2024-05-20
975,Laila,Tarek,65.0,65.0,3.0,18.0,86.0,79.0,88.0,2023-11-01
390,Youssef,Hegazy,27.0,72.0,38.0,78.0,43.0,21.0,69.0,2024-11-30
678,Ahmed,Ali,86.0,,59.0,87.0,60.0,58.0,51.0,2022-09-16
1004,,Fathy,0.0,65.0,68.0,20.0,95.0,,71.0,2024-02-20
558,Youssef,Ibrahim,39.0,92.0,44.0,22.0,63.0,32.0,54.0,2024-08-27
461,Youssef,Said,97.0,5.0,5.0,86.0,41.0,23.0,,2024-12-23
1160,Mona,Mahmoud,12.0,3.0,73.0,32.0,47.0,55.0,94.0,2024-11-05
145,Ahmed,Salem,88.0,48.0,48.0,40.0,0.0,71.0,74.0,2022-09-15
502,Ahmed,Ibrahim,,70.0,51.0,100.0,91.0,78.0,78.0,2024-02-19
1171,Fatma,Hassan,20.0,35.0,11.0,30.0,94.0,73.0,80.0,2024-05-28
540,Ahmed,Tarek,100.0,79.0,30.0,43.0,34.0,54.0,70.0,2023-07-24
178,Sara,,90.0,12.0,18.0,,47.0,96.0,55.0,2023-07-25
1109,Youssef,Tarek,17.0,56.0,28.0,94.0,16.0,49.0,77.0,2022-06-15
771,Nour,Tarek,32.0,84.0,,,93.0,67.0,63.0,2024-06-24
862,Fatma,Ibrahim,84.0,72.0,,91.0,96.0,94.0,75.0,2023-04-24
1116,Omar,Mostafa,49.0,35.0,82.0,27.0,11.0,24.0,62.0,2024-02-20
8,Youssef,Mostafa,33.0,81.0,22.0,79.0,52.0,10.0,,2022-06-28
788,Omar,Mostafa,73.0,15.0,41.0,37.0,12.0,44.0,53.0,2024-03-31
939,Ahmed,Fathy,3.0,45.0,100.0,71.0,57.0,49.0,90.0,2023-09-05
358,Nour,Hegazy,2.0,20.0,85.0,75.0,25.0,17.0,78.0,2023-04-12
330,Hassan,,7.0,94.0,87.0,15.0,52.0,83.0,57.0,2022-03-23
779,Mona,Mostafa,67.0,58.0,57.0,73.0,71.0,54.0,73.0,2024-04-16
924,Hassan,Hassan,87.0,58.0,48.0,42.0,28.0,5.0,79.0,2023-05-09
259,Hassan,,48.0,55.0,2.0,23.0,6.0,24.0,78.0,2024-12-06
969,Nour,,9.0,72.0,14.0,47.0,22.0,67.0,50.0,2024-06-21
994,Fatma,Hassan,,15.0,67.0,54.0,60.0,53.0,78.0,2024-03-24
859,Omar,Salem,97.0,65.0,75.0,75.0,12.0,33.0,,2023-01-22
809,Laila,Ibrahim,49.0,91.0,64.0,5.0,60.0,84.0,50.0,2023-07-01
923,Laila,Mostafa,61.0,15.0,77.0,99.0,0.0,72.0,50.0,2024-02-23
526,Hassan,Mostafa,92.0,,39.0,42.0,71.0,56.0,51.0,2022-06-21
906,Fatma,Fathy,,21.0,21.0,34.0,27.0,16.0,58.0,2023-09-06
724,Nour,Ali,93.0,44.0,70.0,23.0,62.0,18.0,58.0,2024-04-16
833,Khaled,Hegazy,100.0,29.0,80.0,49.0,5.0,36.0,96.0,2024-08-25
1198,Sara,Ibrahim,,74.0,69.0,31.0,16.0,95.0,92.0,2022-06-23
441,Youssef,Mahmoud,98.0,16.0,31.0,57.0,19.0,53.0,61.0,2024-04-28
532,Nour,Salem,10.0,42.0,89.0,75.0,,77.0,66.0,2023-06-17
227,Omar,Mahmoud,38.0,,61.0,76.0,35.0,17.0,97.0,2024-03-10
229,Nour,Hegazy,48.0,94.0,42.0,3.0,79.0,14.0,,2024-07-20
1093,Ahmed,Mostafa,7.0,12.0,18.0,32.0,56.0,49.0,81.0,2024-07-14
213,Youssef,Said,49.0,31.0,94.0,3.0,60.0,68.0,71.0,2022-04-14
80,Hassan,Salem,,,77.0,37.0,12.0,90.0,,2023-03-12
149,Laila,Ibrahim,23.0,53.0,55.0,39.0,20.0,61.0,,2023-06-27
650,Ahmed,Mostafa,63.0,56.0,94.0,17.0,79.0,93.0,95.0,2023-09-20
782,Fatma,Mahmoud,64.0,65.0,24.0,20.0,86.0,55.0,92.0,2022-08-03
610,Fatma,Hegazy,92.0,29.0,90.0,58.0,28.0,23.0,78.0,2024-02-16
134,Mona,Ibrahim,99.0,51.0,14.0,76.0,70.0,96.0,88.0,2022-08-18
886,Khaled,Ibrahim,7.0,11.0,57.0,6.0,84.0,37.0,61.0,2023-06-27
409,,Ali,68.0,93.0,0.0,11.0,7.0,93.0,77.0,2022-12-23
869,Laila,Ibrahim,91.0,47.0,31.0,73.0,6.0,57.0,86.0,2022-11-08
508,Ahmed,Said,88.0,12.0,66.0,75.0,20.0,23.0,54.0,2024-05-08
979,Fatma,Ibrahim,55.0,88.0,43.0,,41.0,16.0,,2022-09-28
505,Hassan,Ibrahim,63.0,98.0,89.0,46.0,35.0,93.0,51.0,2023-12-22
744,Omar,Hegazy,37.0,8.0,35.0,10.0,75.0,6.0,50.0,2022-05-03
348,Youssef,Tarek,29.0,85.0,19.0,26.0,56.0,36.0,51.0,2022-11-23
387,Khaled,Hegazy,29.0,58.0,91.0,12.0,11.0,1.0,72.0,2022-04-01
1,Youssef,Tarek,89.0,95.0,36.0,9.0,44.0,80.0,59.0,2022-08-17
361,Laila,Tarek,24.0,69.0,31.0,36.0,21.0,26.0,79.0,2023-01-31
1191,Mona,Tarek,100.0,89.0,97.0,20.0,72.0,80.0,85.0,2024-05-09
476,Fatma,Hegazy,13.0,58.0,2.0,86.0,98.0,81.0,71.0,2023-07-17
1002,Fatma,Mahmoud,59.0,,97.0,75.0,9.0,,98.0,2024-01-25
1099,Fatma,Hegazy,81.0,95.0,86.0,30.0,27.0,47.0,67.0,2024-07-27
835,Khaled,Hassan,86.0,37.0,78.0,42.0,37.0,37.0,71.0,2024-07-24
173,Khaled,Tarek,56.0,15.0,61.0,19.0,55.0,20.0,58.0,2022-03-06
451,Khaled,Fathy,98.0,13.0,47.0,23.0,27.0,98.0,91.0,2023-03-25
126,Laila,Mostafa,69.0,58.0,97.0,46.0,8.0,,76.0,2022-11-10
847,Khaled,Mahmoud,67.0,36.0,12.0,10.0,56.0,82.0,65.0,2022-01-06
531,Youssef,Hegazy,34.0,14.0,4.0,55.0,70.0,87.0,60.0,2022-04-13
91,Omar,Hegazy,90.0,,68.0,25.0,7.0,46.0,71.0,2024-01-12
839,Laila,Fathy,,9.0,10.0,80.0,7.0,72.0,82.0,2024-11-06
182,Khaled,Hegazy,81.0,81.0,67.0,81.0,98.0,55.0,94.0,2024-08-26
725,Ahmed,Ibrahim,,18.0,63.0,,91.0,,87.0,2024-07-11
415,Laila,Ali,32.0,33.0,49.0,49.0,14.0,57.0,59.0,2023-03-07
252,Laila,Hegazy,37.0,,46.0,96.0,51.0,51.0,89.0,2023-04-27
70,Hassan,Mostafa,18.0,37.0,,49.0,47.0,33.0,86.0,2023-10-27
132,Youssef,Hegazy,23.0,68.0,,72.0,43.0,26.0,60.0,2024-09-27
301,Khaled,Fathy,7.0,30.0,,,87.0,18.0,95.0,2023-02-21
737,Mona,Ibrahim,84.0,72.0,8.0,25.0,2.0,27.0,85.0,2024-05-20
327,Ahmed,Said,32.0,46.0,81.0,,19.0,,84.0,2022-03-27
894,Khaled,Tarek,90.0,100.0,52.0,35.0,14.0,91.0,92.0,2024-09-26
876,Nour,Fathy,99.0,35.0,0.0,30.0,4.0,,82.0,2024-06-20
500,Omar,Mostafa,35.0,60.0,51.0,9.0,32.0,64.0,,2024-03-08
732,Sara,Hegazy,54.0,99.0,7.0,93.0,74.0,82.0,54.0,2024-07-18
1023,Laila,Hassan,76.0,18.0,,,7.0,100.0,64.0,2022-07-19
496,Ahmed,Hassan,13.0,31.0,98.0,64.0,,48.0,84.0,2024-05-01
1173,Ahmed,Hassan,82.0,42.0,13.0,11.0,100.0,79.0,84.0,2023-07-02
339,Fatma,Fathy,31.0,0.0,14.0,35.0,11.0,7.0,73.0,2022-11-29
422,Ahmed,Salem,27.0,21.0,93.0,0.0,25.0,20.0,100.0,2024-11-12
165,Ahmed,Ibrahim,69.0,89.0,16.0,79.0,59.0,14.0,53.0,2022-02-13
29,Youssef,Mostafa,20.0,61.0,55.0,20.0,83.0,63.0,87.0,2023-11-21
517,Khaled,Ali,67.0,79.0,12.0,6.0,48.0,83.0,80.0,2023-11-20
194,Ahmed,Mahmoud,56.0,,9.0,80.0,25.0,40.0,67.0,2022-04-21
837,Mona,Said,67.0,24.0,14.0,49.0,51.0,74.0,59.0,2024-02-25
863,Nour,Hassan,45.0,,32.0,60.0,79.0,95.0,50.0,2024-04-21
170,Sara,Mostafa,55.0,27.0,44.0,66.0,50.0,69.0,50.0,2022-05-01
784,Nour,Salem,46.0,87.0,,12.0,54.0,24.0,68.0,2023-11-07
653,Hassan,Mahmoud,10.0,41.0,90.0,60.0,77.0,,85.0,2022-09-05
174,Ahmed,Hegazy,20.0,1.0,,13.0,70.0,39.0,50.0,2023-11-08
519,Omar,Said,91.0,15.0,56.0,9.0,23.0,29.0,97.0,2022-12-05
1024,Mona,Ali,44.0,90.0,67.0,78.0,9.0,51.0,84.0,2023-04-26
1106,Sara,Ali,94.0,44.0,82.0,87.0,79.0,79.0,82.0,2024-10-01
492,Youssef,Ibrahim,,18.0,26.0,59.0,100.0,48.0,78.0,2024-04-29
74,,Hassan,93.0,98.0,52.0,43.0,81.0,,69.0,2023-10-09
1054,Fatma,Hegazy,64.0,78.0,70.0,21.0,33.0,6.0,97.0,2022-02-13
588,Khaled,Ali,87.0,21.0,43.0,94.0,46.0,9.0,100.0,2024-05-10
658,Mona,Fathy,,1.0,62.0,50.0,43.0,67.0,96.0,2023-01-28
235,Khaled,Said,64.0,84.0,56.0,76.0,92.0,71.0,63.0,2023-08-31
215,Hassan,Mahmoud,70.0,11.0,60.0,43.0,67.0,12.0,72.0,2022-07-11
163,Hassan,Hegazy,88.0,7.0,20.0,44.0,28.0,93.0,81.0,2022-05-12
133,Omar,Ali,56.0,,76.0,27.0,100.0,51.0,83.0,2022-02-09
860,Hassan,Ali,,11.0,6.0,16.0,27.0,32.0,93.0,2023-05-05
950,Omar,Mahmoud,71.0,86.0,80.0,6.0,72.0,54.0,95.0,2024-01-06
1034,Khaled,Hegazy,33.0,52.0,60.0,63.0,22.0,77.0,84.0,2024-04-15
186,Sara,Ibrahim,,93.0,54.0,18.0,76.0,77.0,92.0,2023-01-25
42,Sara,Mostafa,,12.0,32.0,1.0,0.0,80.0,97.0,2023-08-24
693,Khaled,Mostafa,39.0,51.0,84.0,90.0,48.0,85.0,67.0,2024-03-31
109,Mona,Tarek,50.0,27.0,21.0,,17.0,79.0,83.0,2022-08-23
947,Omar,Mahmoud,80.0,97.0,11.0,29.0,69.0,46.0,60.0,2022-08-07
569,Youssef,Ali,21.0,83.0,78.0,34.0,85.0,20.0,79.0,2022-02-22
715,Youssef,Ibrahim,2.0,1.0,89.0,,16.0,71.0,51.0,2023-03-09
1066,Khaled,Mostafa,30.0,18.0,59.0,25.0,11.0,12.0,54.0,2022-01-06
45,Nour,Said,100.0,17.0,71.0,3.0,10.0,45.0,63.0,2022-05-23
484,Hassan,Salem,41.0,6.0,,87.0,36.0,23.0,89.0,2022-06-15
469,Omar,Hassan,18.0,25.0,82.0,64.0,80.0,81.0,,2024-07-10
25,Hassan,Mostafa,25.0,23.0,68.0,80.0,40.0,90.0,90.0,2023-11-28
1150,Khaled,Mostafa,32.0,32.0,5.0,32.0,22.0,51.0,69.0,2023-11-07
1129,Fatma,Tarek,26.0,88.0,25.0,23.0,46.0,33.0,61.0,2023-11-26
920,Khaled,Salem,99.0,66.0,30.0,27.0,49.0,,99.0,2022-12-15
1064,Nour,Hegazy,24.0,97.0,69.0,,33.0,24.0,81.0,2023-11-04
367,Fatma,Salem,60.0,20.0,92.0,1.0,82.0,35.0,86.0,2023-12-21
936,Ahmed,Ali,91.0,13.0,,79.0,39.0,8.0,89.0,2022-06-01
1107,Ahmed,Ibrahim,92.0,,49.0,73.0,1.0,46.0,56.0,2024-06-27
384,Nour,Mostafa,2.0,54.0,81.0,62.0,70.0,97.0,56.0,2024-02-28
718,Ahmed,Hassan,26.0,,45.0,54.0,43.0,53.0,68.0,2022-11-18
455,Fatma,Said,96.0,53.0,65.0,71.0,85.0,91.0,57.0,2022-04-13
265,Hassan,Ali,25.0,85.0,24.0,15.0,91.0,93.0,55.0,2023-06-28
842,Hassan,Salem,58.0,39.0,89.0,45.0,96.0,2.0,63.0,2023-07-20
233,Sara,,69.0,92.0,94.0,47.0,22.0,51.0,66.0,2022-11-14
445,Fatma,Ibrahim,13.0,37.0,85.0,89.0,10.0,5.0,72.0,2024-03-29
396,Ahmed,Ali,51.0,29.0,65.0,35.0,24.0,15.0,70.0,2023-10-05
885,Nour,Mahmoud,84.0,14.0,79.0,79.0,88.0,13.0,62.0,2024-08-19
177,Ahmed,Mostafa,32.0,29.0,51.0,,,1.0,96.0,2023-05-03
19,Mona,Mostafa,3.0,95.0,89.0,41.0,,,76.0,2023-03-28
1104,Nour,Mahmoud,78.0,53.0,26.0,,22.0,98.0,67.0,2024-05-23
1159,Khaled,Mahmoud,20.0,89.0,91.0,89.0,54.0,7.0,90.0,2022-08-01
907,Hassan,Fathy,19.0,77.0,65.0,3.0,44.0,51.0,51.0,2022-03-01
757,Ahmed,Tarek,31.0,92.0,13.0,69.0,32.0,41.0,81.0,2022-06-14
596,Hassan,Tarek,5.0,59.0,27.0,5.0,5.0,84.0,97.0,2022-12-27
62,Mona,Tarek,21.0,84.0,17.0,93.0,91.0,4.0,93.0,2022-12-17
273,Fatma,Mostafa,13.0,57.0,54.0,83.0,69.0,37.0,62.0,2024-07-27
1183,Mona,Mostafa,98.0,58.0,9.0,2.0,74.0,45.0,55.0,2024-03-31
279,Mona,Said,62.0,57.0,,62.0,27.0,6.0,,2022-09-29
938,Ahmed,Ali,,70.0,82.0,1.0,51.0,76.0,74.0,2023-12-09
695,Ahmed,Tarek,96.0,28.0,,78.0,12.0,11.0,71.0,2022-06-01
369,Khaled,Mostafa,92.0,98.0,43.0,22.0,90.0,5.0,93.0,2024-03-29
989,Laila,Fathy,29.0,87.0,19.0,58.0,51.0,100.0,61.0,2022-08-24
736,Youssef,Hegazy,100.0,35.0,92.0,78.0,71.0,80.0,66.0,2023-02-10
912,Fatma,Said,16.0,88.0,38.0,99.0,10.0,80.0,56.0,2024-01-05
959,Laila,Hassan,60.0,82.0,32.0,49.0,96.0,,65.0,2023-08-10
1141,Ahmed,Mostafa,55.0,81.0,15.0,96.0,58.0,97.0,87.0,2022-05-18
856,Ahmed,Salem,50.0,31.0,58.0,87.0,85.0,75.0,97.0,2024-02-12
548,Sara,Ibrahim,34.0,59.0,,15.0,51.0,25.0,70.0,2023-04-05
1085,Fatma,Ibrahim,78.0,11.0,93.0,15.0,17.0,95.0,74.0,2024-12-13
689,Omar,Said,81.0,15.0,73.0,68.0,17.0,45.0,,2023-06-02
739,Laila,Ibrahim,48.0,37.0,93.0,3.0,28.0,26.0,80.0,2023-04-06
1003,Laila,Mostafa,72.0,80.0,4.0,0.0,64.0,92.0,57.0,2023-06-21
457,Sara,Fathy,90.0,12.0,9.0,1.0,,6.0,67.0,2022-09-06
394,,Fathy,84.0,59.0,27.0,32.0,97.0,12.0,83.0,2022-05-24
676,Omar,Ali,29.0,84.0,1.0,30.0,31.0,60.0,54.0,2022-04-22
1016,Hassan,Mahmoud,94.0,90.0,56.0,78.0,25.0,49.0,73.0,2022-08-27
729,Sara,Said,11.0,42.0,84.0,,25.0,45.0,84.0,2023-04-20
420,Youssef,Said,98.0,0.0,73.0,48.0,,90.0,88.0,2024-06-24
376,Fatma,Ali,10.0,88.0,17.0,50.0,100.0,,66.0,2022-03-20
413,Khaled,Ali,90.0,84.0,11.0,63.0,37.0,82.0,73.0,2023-09-15
75,Fatma,Mostafa,54.0,47.0,17.0,7.0,6.0,17.0,58.0,2024-04-01
1179,Sara,Said,100.0,28.0,49.0,50.0,19.0,18.0,88.0,2023-12-20
963,Khaled,Mahmoud,21.0,31.0,8.0,77.0,,27.0,90.0,2023-01-25
501,Hassan,Mahmoud,39.0,16.0,65.0,62.0,43.0,31.0,59.0,2022-02-10
991,Fatma,Mahmoud,66.0,28.0,88.0,2.0,,68.0,64.0,2022-06-04
617,Nour,Mostafa,55.0,57.0,46.0,42.0,52.0,33.0,81.0,2023-03-11
115,Ahmed,Ibrahim,68.0,37.0,70.0,25.0,58.0,,83.0,2022-11-20
418,Nour,Ali,33.0,88.0,17.0,98.0,81.0,27.0,93.0,2024-08-10
602,Mona,Salem,11.0,72.0,58.0,25.0,45.0,17.0,92.0,2023-07-04
605,Youssef,,26.0,82.0,52.0,50.0,,97.0,63.0,2022-06-27
90,Omar,Fathy,,76.0,75.0,97.0,15.0,98.0,56.0,2024-03-28
918,Khaled,Fathy,69.0,17.0,79.0,57.0,,50.0,59.0,2024-04-23
1121,Hassan,Mostafa,43.0,91.0,25.0,96.0,47.0,81.0,50.0,2024-05-31
754,Mona,Said,29.0,,47.0,8.0,12.0,12.0,70.0,2024-10-21
499,Hassan,Said,60.0,23.0,76.0,43.0,71.0,89.0,53.0,2024-05-10
978,Fatma,Ali,34.0,90.0,48.0,5.0,,6.0,79.0,2023-02-16
985,Laila,Salem,18.0,,63.0,22.0,61.0,55.0,53.0,2023-06-11
983,Omar,Ali,46.0,43.0,2.0,94.0,67.0,11.0,79.0,2023-07-13
12,Fatma,,15.0,86.0,67.0,22.0,58.0,93.0,78.0,2022-07-11
397,Sara,Fathy,33.0,10.0,77.0,9.0,3.0,96.0,73.0,2022-09-13
1094,Sara,Fathy,81.0,,4.0,,,2.0,57.0,2024-10-28
556,Laila,Ali,,55.0,38.0,69.0,43.0,18.0,53.0,2023-05-04
43,Nour,Hegazy,2.0,88.0,70.0,36.0,76.0,64.0,99.0,2024-01-11
168,Laila,Tarek,44.0,38.0,,74.0,80.0,38.0,81.0,2022-01-15
417,Nour,Tarek,15.0,51.0,11.0,88.0,22.0,26.0,62.0,2023-10-22
577,,,,3.0,4.0,34.0,30.0,46.0,50.0,2023-09-10
268,Laila,Mostafa,14.0,42.0,,95.0,93.0,52.0,,2023-09-07
899,Mona,Salem,46.0,57.0,51.0,29.0,19.0,30.0,,2023-04-11
427,Mona,Said,19.0,62.0,40.0,68.0,65.0,54.0,86.0,2024-11-21
691,Ahmed,Mahmoud,18.0,73.0,89.0,16.0,76.0,78.0,82.0,2022-08-22
545,Hassan,Ali,60.0,68.0,40.0,89.0,60.0,24.0,69.0,2022-02-09
1180,Hassan,Said,47.0,15.0,88.0,15.0,96.0,52.0,83.0,2022-01-13
675,Ahmed,Tarek,86.0,35.0,8.0,82.0,74.0,38.0,71.0,2022-04-04
690,Sara,Hegazy,,13.0,4.0,56.0,63.0,40.0,56.0,2024-09-05
1109,Youssef,Tarek,17.0,56.0,28.0,94.0,16.0,49.0,77.0,2022-06-15
728,Khaled,Salem,40.0,12.0,62.0,99.0,70.0,46.0,91.0,2022-03-08
160,Fatma,Ali,15.0,22.0,27.0,13.0,92.0,80.0,88.0,2022-09-05
986,Laila,Ibrahim,,74.0,44.0,53.0,6.0,45.0,72.0,2024-09-13
258,Omar,Mahmoud,62.0,,64.0,16.0,42.0,85.0,87.0,2024-05-08
944,Fatma,Fathy,71.0,40.0,28.0,80.0,60.0,94.0,85.0,2023-02-12
336,Omar,Ibrahim,93.0,86.0,78.0,2.0,61.0,100.0,64.0,2024-04-12
964,Youssef,Said,92.0,,61.0,79.0,,35.0,53.0,2023-05-29
16,,Said,82.0,10.0,24.0,13.0,46.0,7.0,80.0,2022-02-24
1005,Khaled,Fathy,35.0,28.0,30.0,82.0,29.0,71.0,71.0,2024-01-31
325,Sara,Said,26.0,43.0,82.0,4.0,55.0,,69.0,2024-05-30
769,Fatma,Salem,56.0,34.0,91.0,46.0,63.0,58.0,76.0,2024-08-21
608,Fatma,Said,64.0,46.0,23.0,52.0,25.0,40.0,67.0,2023-05-15
1108,Youssef,Ibrahim,25.0,27.0,41.0,40.0,23.0,90.0,100.0,2022-05-31
890,Fatma,Mahmoud,100.0,23.0,50.0,88.0,86.0,20.0,80.0,2023-11-04
817,Fatma,Ali,3.0,74.0,87.0,18.0,58.0,90.0,81.0,2022-11-21
223,Hassan,Tarek,,11.0,32.0,51.0,68.0,24.0,73.0,2022-05-01
180,Mona,Salem,,92.0,6.0,41.0,20.0,38.0,58.0,2023-03-15
363,Mona,Mostafa,33.0,86.0,91.0,72.0,32.0,43.0,69.0,2023-11-04
100,Fatma,Ali,68.0,76.0,34.0,77.0,93.0,54.0,72.0,2022-11-24
758,Khaled,Said,66.0,43.0,96.0,,96.0,50.0,69.0,2022-03-23
522,Khaled,Salem,85.0,44.0,12.0,27.0,12.0,57.0,59.0,2024-12-29
762,Ahmed,Said,,8.0,,55.0,43.0,2.0,79.0,2022-02-22
23,Nour,Ali,23.0,9.0,8.0,,7.0,86.0,80.0,2022-11-23
357,Nour,Tarek,24.0,24.0,61.0,100.0,59.0,82.0,72.0,2023-09-18
734,Hassan,,78.0,51.0,45.0,38.0,84.0,53.0,60.0,2023-04-24
333,,Tarek,47.0,,22.0,14.0,1.0,78.0,96.0,2023-05-27
1167,Mona,Fathy,46.0,34.0,21.0,89.0,73.0,20.0,53.0,2024-01-23
612,Fatma,Mostafa,39.0,27.0,57.0,77.0,46.0,,60.0,2022-02-28
1071,Hassan,Hegazy,61.0,91.0,99.0,10.0,86.0,61.0,71.0,2022-12-24
341,Youssef,Ali,11.0,65.0,23.0,81.0,26.0,28.0,63.0,2024-04-24
432,Nour,Ali,66.0,80.0,57.0,8.0,30.0,76.0,70.0,2023-04-06
868,Mona,Mostafa,0.0,97.0,70.0,85.0,97.0,94.0,100.0,2024-03-01
218,Youssef,Hegazy,80.0,56.0,42.0,93.0,33.0,77.0,98.0,2024-04-12
204,Mona,Mostafa,87.0,8.0,29.0,95.0,34.0,55.0,83.0,2022-10-15
1009,Nour,Said,22.0,28.0,32.0,42.0,17.0,85.0,70.0,2022-02-21
102,Ahmed,Said,9.0,,41.0,,26.0,33.0,83.0,2022-05-11
94,Nour,Tarek,46.0,94.0,38.0,30.0,44.0,,64.0,2024-11-09
887,Youssef,Ali,27.0,100.0,,3.0,8.0,97.0,53.0,2023-11-25
69,Youssef,Mahmoud,63.0,43.0,35.0,47.0,7.0,53.0,65.0,2023-03-26
998,Fatma,Mostafa,36.0,66.0,51.0,89.0,80.0,35.0,59.0,2022-01-29
285,,Salem,96.0,81.0,41.0,,99.0,35.0,70.0,2022-11-20
697,Khaled,Mahmoud,14.0,14.0,4.0,10.0,99.0,50.0,88.0,2022-11-07
86,Fatma,Ali,16.0,80.0,78.0,81.0,57.0,83.0,70.0,2022-10-13
435,Nour,Fathy,,98.0,,15.0,27.0,71.0,97.0,2022-02-20
925,Nour,Mahmoud,22.0,68.0,100.0,36.0,50.0,12.0,87.0,2024-10-16
154,Fatma,Tarek,34.0,76.0,57.0,54.0,50.0,22.0,89.0,2023-10-01
76,Nour,Ali,54.0,17.0,42.0,73.0,78.0,54.0,72.0,2023-07-03
1095,Mona,Hegazy,11.0,53.0,74.0,68.0,21.0,0.0,53.0,2023-03-30
790,Sara,Salem,17.0,38.0,,25.0,83.0,78.0,51.0,2024-07-20
581,,Salem,3.0,,93.0,84.0,0.0,28.0,89.0,2024-12-27
447,Omar,Ibrahim,75.0,77.0,50.0,43.0,14.0,76.0,53.0,2022-10-30
704,Mona,Salem,65.0,20.0,,3.0,18.0,76.0,99.0,2023-04-08
189,Mona,Ibrahim,70.0,80.0,41.0,7.0,61.0,63.0,88.0,2024-06-01
272,Fatma,Salem,91.0,51.0,55.0,11.0,20.0,74.0,51.0,2022-01-20
237,Youssef,Hegazy,84.0,22.0,70.0,91.0,14.0,84.0,56.0,2022-04-30
488,Omar,Hegazy,83.0,62.0,67.0,14.0,78.0,22.0,89.0,2024-02-24
524,Khaled,Mahmoud,54.0,27.0,96.0,36.0,,40.0,98.0,2024-03-17
560,Laila,Ali,53.0,5.0,69.0,85.0,77.0,77.0,64.0,2023-03-23
118,Youssef,Mahmoud,36.0,61.0,48.0,,89.0,77.0,53.0,2023-06-24
638,Khaled,Mostafa,48.0,75.0,3.0,,49.0,27.0,81.0,2024-04-08
1132,Laila,Tarek,67.0,52.0,,60.0,93.0,26.0,60.0,2024-05-01
802,,Fathy,33.0,80.0,75.0,48.0,,39.0,54.0,2023-01-20
751,Khaled,Tarek,44.0,86.0,92.0,89.0,46.0,41.0,85.0,2023-09-15
513,,Hassan,58.0,78.0,87.0,53.0,75.0,49.0,53.0,2024-06-11
634,Sara,Ibrahim,,80.0,92.0,60.0,92.0,99.0,93.0,2022-02-05
1142,Youssef,Hassan,75.0,40.0,76.0,68.0,89.0,22.0,81.0,2022-07-06
1068,Youssef,Salem,54.0,5.0,48.0,98.0,78.0,80.0,71.0,2022-10-24
951,Youssef,Ibrahim,18.0,77.0,31.0,8.0,58.0,28.0,87.0,2023-08-29
127,Laila,Hegazy,89.0,75.0,54.0,12.0,23.0,39.0,80.0,2024-02-05
791,Nour,Said,91.0,30.0,53.0,76.0,49.0,38.0,57.0,2022-06-30
830,Khaled,Mostafa,100.0,1.0,79.0,75.0,12.0,16.0,64.0,2023-07-14
117,Nour,Hassan,63.0,71.0,,21.0,93.0,53.0,86.0,2022-01-07
474,Khaled,Fathy,39.0,5.0,58.0,89.0,83.0,,95.0,2024-09-19
741,Laila,Salem,24.0,78.0,9.0,0.0,17.0,18.0,70.0,2023-06-29
1063,Mona,Salem,56.0,37.0,52.0,42.0,70.0,69.0,90.0,2023-04-23
58,Mona,,18.0,39.0,9.0,93.0,78.0,79.0,70.0,2023-12-29
604,Omar,Ibrahim,89.0,73.0,91.0,91.0,43.0,71.0,51.0,2023-05-18
787,,Fathy,28.0,15.0,73.0,32.0,1.0,62.0,71.0,2023-08-14
831,Hassan,Hegazy,36.0,59.0,15.0,59.0,99.0,17.0,51.0,2024-04-30
120,Hassan,Salem,48.0,5.0,94.0,30.0,96.0,77.0,75.0,2023-01-01
657,Youssef,Hassan,0.0,3.0,64.0,36.0,,4.0,59.0,2023-01-15
1006,Fatma,Mostafa,34.0,83.0,44.0,20.0,7.0,56.0,75.0,2022-08-10
670,Nour,Ali,68.0,12.0,1.0,82.0,86.0,58.0,75.0,2023-09-12
106,Khaled,,,52.0,61.0,69.0,54.0,46.0,66.0,2024-12-19
636,Fatma,Ali,87.0,63.0,50.0,67.0,43.0,44.0,52.0,2023-08-26
370,Youssef,Hegazy,8.0,,71.0,84.0,14.0,24.0,74.0,2023-11-10
269,Ahmed,Said,84.0,35.0,43.0,42.0,3.0,14.0,93.0,2024-07-25
656,Khaled,Fathy,44.0,76.0,81.0,40.0,,3.0,52.0,2022-09-02
820,Omar,Tarek,45.0,42.0,44.0,49.0,15.0,,89.0,2024-04-15
823,Khaled,Fathy,50.0,11.0,64.0,55.0,,37.0,56.0,2022-08-21
942,Khaled,Hassan,47.0,43.0,3.0,76.0,78.0,97.0,74.0,2024-07-24
47,Sara,,57.0,39.0,50.0,53.0,7.0,94.0,52.0,2023-04-12
350,Sara,Hassan,33.0,61.0,84.0,4.0,17.0,26.0,62.0,2024-02-23
1172,Youssef,Fathy,83.0,49.0,98.0,41.0,61.0,28.0,75.0,2022-02-23
877,Mona,Fathy,50.0,23.0,59.0,31.0,63.0,62.0,90.0,2022-07-24
774,Fatma,Ibrahim,33.0,82.0,41.0,97.0,94.0,22.0,55.0,2024-06-11
196,Fatma,Said,57.0,,59.0,16.0,72.0,,64.0,2022-05-05
103,Youssef,Mostafa,49.0,62.0,38.0,16.0,46.0,26.0,83.0,2024-02-28
5,Youssef,Mostafa,80.0,,,76.0,5.0,33.0,59.0,2023-04-03
620,Hassan,Ali,60.0,24.0,37.0,18.0,57.0,81.0,71.0,2023-11-29
572,Nour,Fathy,37.0,66.0,36.0,63.0,46.0,5.0,77.0,2024-03-23
53,Laila,Tarek,81.0,38.0,4.0,75.0,77.0,34.0,75.0,2023-07-24
264,Omar,Hegazy,19.0,67.0,,46.0,74.0,69.0,,2023-05-04
1148,Sara,Mahmoud,89.0,90.0,37.0,33.0,4.0,23.0,60.0,2022-09-24
444,Laila,Mahmoud,45.0,16.0,85.0,78.0,42.0,30.0,87.0,2024-10-09
1049,Sara,Mahmoud,54.0,55.0,42.0,89.0,65.0,92.0,61.0,2023-01-24
783,Sara,Ali,64.0,,72.0,59.0,20.0,54.0,86.0,2022-11-26
838,Youssef,Hassan,17.0,95.0,97.0,67.0,39.0,83.0,99.0,2023-01-26
945,Omar,Tarek,44.0,53.0,6.0,87.0,,77.0,74.0,2024-02-27
692,Mona,Fathy,27.0,70.0,60.0,70.0,29.0,24.0,55.0,2022-05-14
305,Omar,Mahmoud,35.0,33.0,35.0,28.0,44.0,42.0,75.0,2023-05-30
342,Hassan,Hegazy,10.0,29.0,59.0,66.0,28.0,1.0,77.0,2022-02-20
968,Sara,Hegazy,53.0,4.0,24.0,30.0,98.0,34.0,88.0,2023-09-25
314,Nour,Said,81.0,66.0,87.0,65.0,52.0,84.0,89.0,2023-06-21
150,Hassan,Ali,29.0,35.0,67.0,27.0,32.0,53.0,50.0,2024-12-16
125,Ahmed,Hassan,99.0,2.0,42.0,22.0,,80.0,67.0,2023-02-12
1117,Fatma,Ibrahim,7.0,13.0,96.0,82.0,46.0,99.0,73.0,2024-12-22
575,Hassan,Mahmoud,50.0,16.0,,,29.0,2.0,52.0,2023-05-13
698,Khaled,Mostafa,40.0,99.0,14.0,,93.0,38.0,100.0,2022-11-02
665,Youssef,Hegazy,60.0,6.0,42.0,89.0,92.0,28.0,95.0,2023-02-02
51,Omar,Ali,33.0,78.0,37.0,85.0,87.0,45.0,51.0,2022-07-26
1011,Nour,Salem,33.0,32.0,29.0,66.0,47.0,21.0,92.0,2023-03-30
727,Fatma,Tarek,,33.0,71.0,70.0,93.0,49.0,100.0,2023-08-20
800,Hassan,Hassan,68.0,11.0,86.0,47.0,49.0,25.0,52.0,2024-04-26
834,Mona,Mahmoud,34.0,83.0,53.0,2.0,62.0,59.0,67.0,2023-05-15
354,Hassan,Mahmoud,58.0,,46.0,92.0,95.0,59.0,76.0,2023-02-13
856,Ahmed,Salem,50.0,31.0,58.0,87.0,85.0,75.0,97.0,2024-02-12
143,Hassan,Said,83.0,44.0,85.0,71.0,92.0,22.0,67.0,2022-05-22
471,Youssef,Fathy,77.0,4.0,23.0,62.0,66.0,43.0,94.0,2023-05-22
883,Sara,Fathy,18.0,65.0,54.0,84.0,52.0,65.0,71.0,2022-11-13
654,Omar,Fathy,76.0,75.0,35.0,2.0,77.0,58.0,66.0,2023-01-30
400,Fatma,Fathy,46.0,38.0,22.0,74.0,15.0,10.0,74.0,2023-09-26
1001,Ahmed,Salem,4.0,52.0,43.0,44.0,11.0,64.0,51.0,2024-07-20
1020,Khaled,Mostafa,2.0,72.0,1.0,52.0,99.0,38.0,97.0,2023-09-16
321,Mona,Salem,6.0,14.0,68.0,72.0,88.0,6.0,64.0,2022-11-02
20,Sara,Said,3.0,61.0,100.0,95.0,59.0,33.0,90.0,2024-07-08
685,Nour,Mahmoud,67.0,75.0,48.0,40.0,55.0,26.0,92.0,2024-06-21
36,Khaled,Fathy,44.0,54.0,77.0,94.0,39.0,96.0,,2023-06-26
825,Laila,Salem,5.0,26.0,73.0,59.0,5.0,17.0,88.0,2022-08-29
903,Khaled,Salem,91.0,35.0,79.0,26.0,76.0,7.0,66.0,2022-07-25
506,Mona,Fathy,32.0,31.0,21.0,37.0,80.0,59.0,,2023-09-04
828,Fatma,Mahmoud,29.0,48.0,27.0,16.0,59.0,59.0,58.0,2023-08-21
1126,Fatma,Mahmoud,64.0,92.0,91.0,60.0,58.0,73.0,77.0,2024-07-13
408,Nour,Ibrahim,16.0,91.0,,24.0,52.0,61.0,92.0,2024-02-16
921,,Ibrahim,74.0,22.0,72.0,64.0,16.0,57.0,96.0,2022-12-25
818,Fatma,Ibrahim,25.0,39.0,85.0,59.0,36.0,29.0,55.0,2023-09-29
867,Nour,Fathy,67.0,95.0,1.0,26.0,23.0,98.0,71.0,2024-02-20
538,Nour,Ali,47.0,70.0,66.0,60.0,84.0,67.0,69.0,2023-11-23
759,Hassan,Hegazy,66.0,33.0,72.0,69.0,61.0,83.0,96.0,2024-06-03
1123,Omar,Said,28.0,66.0,11.0,96.0,61.0,64.0,99.0,2022-08-23
1194,Nour,Salem,30.0,3.0,33.0,46.0,77.0,69.0,57.0,2022-11-19
39,,Hegazy,70.0,97.0,37.0,19.0,76.0,7.0,76.0,2022-09-13
176,Ahmed,Said,49.0,16.0,83.0,48.0,38.0,26.0,67.0,2024-11-18
246,Fatma,,50.0,48.0,53.0,65.0,62.0,81.0,75.0,2022-04-27
811,Omar,Fathy,29.0,70.0,0.0,64.0,11.0,29.0,54.0,2023-08-13
1140,Youssef,Hegazy,69.0,80.0,,6.0,9.0,4.0,68.0,2024-08-29
1156,Youssef,,46.0,16.0,26.0,3.0,96.0,83.0,73.0,2023-08-13
1046,Mona,Tarek,7.0,27.0,43.0,99.0,79.0,,67.0,2022-05-05
785,Fatma,Mostafa,19.0,,0.0,0.0,75.0,,73.0,2024-04-23
356,Mona,Ali,68.0,45.0,95.0,98.0,88.0,43.0,73.0,2023-12-18
490,Sara,Mostafa,70.0,80.0,77.0,40.0,93.0,53.0,67.0,2023-03-15
155,Hassan,Said,54.0,16.0,86.0,3.0,78.0,34.0,66.0,2024-03-28
639,,Mostafa,40.0,41.0,2.0,94.0,71.0,25.0,,2023-05-14
663,Omar,Hassan,60.0,78.0,0.0,55.0,66.0,,59.0,2023-08-03
854,Mona,Mostafa,52.0,79.0,86.0,64.0,54.0,38.0,87.0,2023-12-08
943,Fatma,Tarek,72.0,16.0,11.0,56.0,75.0,42.0,100.0,2023-09-11
288,Khaled,Tarek,5.0,96.0,19.0,81.0,16.0,88.0,96.0,2024-12-19
626,,Mahmoud,19.0,98.0,14.0,44.0,51.0,46.0,50.0,2022-06-25
1184,Mona,Hassan,46.0,30.0,,97.0,41.0,84.0,51.0,2022-05-23
686,Sara,,93.0,100.0,,99.0,26.0,70.0,61.0,2023-11-29
1069,Ahmed,Mostafa,22.0,45.0,41.0,37.0,96.0,85.0,91.0,2022-09-24
974,Mona,Mostafa,75.0,21.0,92.0,79.0,91.0,87.0,50.0,2023-08-28
570,Omar,Hegazy,20.0,5.0,92.0,96.0,47.0,91.0,71.0,2023-10-01
1179,Sara,Said,100.0,28.0,49.0,50.0,19.0,18.0,88.0,2023-12-20
735,Youssef,Said,89.0,51.0,30.0,62.0,62.0,89.0,59.0,2023-06-26
793,Omar,Tarek,42.0,0.0,5.0,91.0,77.0,64.0,87.0,2023-06-01
18,Fatma,Said,57.0,45.0,11.0,27.0,86.0,59.0,59.0,2024-05-09
128,Khaled,Said,3.0,48.0,87.0,88.0,14.0,38.0,76.0,2022-11-27
323,Sara,Fathy,,75.0,41.0,56.0,,93.0,89.0,2024-01-27
256,Omar,Hegazy,98.0,16.0,18.0,95.0,56.0,63.0,78.0,2022-03-23
1036,Nour,Tarek,59.0,42.0,43.0,94.0,45.0,76.0,92.0,2022-03-09
928,Fatma,Mahmoud,74.0,77.0,13.0,39.0,86.0,91.0,55.0,2024-08-02
428,Khaled,Mahmoud,0.0,53.0,94.0,4.0,66.0,80.0,79.0,2023-11-18
191,Laila,Mostafa,41.0,82.0,76.0,2.0,36.0,81.0,65.0,2024-05-17
116,Khaled,Salem,92.0,71.0,86.0,55.0,92.0,13.0,78.0,2024-07-18
391,Hassan,Mostafa,89.0,58.0,83.0,42.0,57.0,74.0,53.0,2023-02-08
992,Mona,Mostafa,64.0,53.0,56.0,57.0,18.0,,,2022-10-16
607,Nour,Mahmoud,82.0,68.0,19.0,95.0,51.0,,89.0,2024-07-12
181,Youssef,Hegazy,14.0,93.0,43.0,57.0,81.0,85.0,53.0,2022-09-28
302,Fatma,Ibrahim,23.0,87.0,70.0,55.0,30.0,22.0,59.0,2023-06-25
497,Youssef,,37.0,,80.0,16.0,98.0,,83.0,2022-05-08
349,Sara,Mostafa,12.0,84.0,64.0,74.0,,71.0,81.0,2022-08-10
1088,Ahmed,Salem,62.0,36.0,97.0,11.0,9.0,27.0,70.0,2024-09-02
37,,Mahmoud,19.0,52.0,74.0,16.0,50.0,83.0,62.0,2022-03-30
745,Omar,Said,27.0,31.0,83.0,73.0,46.0,,63.0,2022-12-06
1137,Sara,Mostafa,12.0,88.0,96.0,95.0,37.0,70.0,56.0,2023-06-07
1043,Laila,Tarek,33.0,22.0,76.0,28.0,63.0,85.0,,2022-07-23
518,Khaled,Hassan,67.0,91.0,40.0,57.0,23.0,86.0,93.0,2024-04-08
373,,Ibrahim,82.0,66.0,33.0,12.0,23.0,83.0,,2023-06-19
46,Khaled,Ibrahim,79.0,75.0,100.0,,52.0,89.0,66.0,2022-04-04
477,Laila,Tarek,25.0,63.0,67.0,63.0,80.0,8.0,61.0,2024-06-19
158,Omar,Ibrahim,9.0,71.0,78.0,46.0,79.0,32.0,64.0,2024-11-25
1100,Youssef,Hegazy,97.0,48.0,26.0,88.0,94.0,61.0,78.0,2022-03-05
172,Ahmed,Ali,81.0,60.0,77.0,17.0,10.0,31.0,56.0,2022-05-19
17,Sara,Ali,100.0,91.0,43.0,10.0,34.0,7.0,66.0,2023-02-12
512,Hassan,Fathy,98.0,36.0,11.0,73.0,29.0,24.0,82.0,2023-07-13
49,Youssef,Hassan,3.0,14.0,42.0,2.0,39.0,42.0,89.0,2022-06-13
192,Youssef,Hassan,25.0,14.0,68.0,66.0,,63.0,84.0,2024-04-21
547,Nour,Hegazy,67.0,38.0,31.0,32.0,63.0,68.0,57.0,2023-12-18
516,Nour,Mostafa,40.0,58.0,38.0,30.0,50.0,75.0,93.0,2024-03-07
659,Ahmed,Mahmoud,18.0,89.0,98.0,14.0,19.0,99.0,89.0,2023-03-20
1033,Hassan,Mahmoud,16.0,51.0,1.0,34.0,95.0,16.0,95.0,2024-09-29
829,Mona,Mostafa,,15.0,99.0,48.0,11.0,20.0,77.0,2024-11-08
1056,Youssef,Salem,29.0,54.0,54.0,2.0,90.0,82.0,64.0,2023-11-15
481,Laila,Hassan,82.0,13.0,53.0,65.0,56.0,52.0,69.0,2023-07-11
960,Mona,,30.0,53.0,99.0,74.0,0.0,51.0,63.0,2023-04-17
1186,Nour,Ibrahim,77.0,36.0,78.0,23.0,4.0,63.0,98.0,2022-03-04
284,Omar,Mahmoud,43.0,41.0,62.0,29.0,72.0,46.0,72.0,2023-08-07
1082,Fatma,Mostafa,27.0,24.0,21.0,56.0,95.0,47.0,72.0,2022-04-18
798,Nour,Mostafa,37.0,25.0,57.0,56.0,40.0,27.0,50.0,2022-01-03
1066,Khaled,Mostafa,30.0,18.0,59.0,25.0,11.0,12.0,54.0,2022-01-06
226,Nour,Mostafa,40.0,61.0,96.0,10.0,,20.0,69.0,2022-01-05
27,,Hassan,84.0,43.0,,9.0,95.0,,94.0,2022-11-15
283,Mona,Ibrahim,71.0,0.0,6.0,32.0,2.0,50.0,97.0,2024-01-27
324,Nour,Hassan,2.0,52.0,56.0,86.0,14.0,76.0,100.0,2022-10-31
438,Khaled,Tarek,14.0,61.0,69.0,13.0,18.0,22.0,76.0,2024-08-31
110,Omar,Hassan,18.0,2.0,3.0,79.0,15.0,24.0,97.0,2023-07-01
365,,Mahmoud,4.0,90.0,38.0,38.0,34.0,94.0,52.0,2022-05-23
230,Hassan,Hassan,16.0,16.0,48.0,75.0,51.0,52.0,58.0,2023-08-08
38,Youssef,,16.0,55.0,41.0,74.0,4.0,29.0,90.0,2024-07-29
750,Khaled,Fathy,98.0,19.0,40.0,55.0,58.0,7.0,83.0,2024-08-17
470,Hassan,Mahmoud,29.0,46.0,20.0,67.0,89.0,50.0,91.0,2023-06-15
1097,Laila,Fathy,77.0,3.0,71.0,30.0,33.0,70.0,68.0,2024-12-03
368,Khaled,Hassan,91.0,91.0,81.0,22.0,9.0,18.0,89.0,2024-11-09
688,Mona,Mostafa,35.0,22.0,2.0,74.0,61.0,88.0,67.0,2022-04-16
640,Fatma,Tarek,16.0,81.0,63.0,66.0,87.0,22.0,51.0,2023-09-20
1091,Sara,Said,58.0,87.0,19.0,38.0,88.0,89.0,57.0,2024-11-17
1053,Mona,Said,38.0,11.0,,32.0,62.0,42.0,76.0,2023-03-11
1143,Khaled,Said,50.0,73.0,38.0,91.0,54.0,42.0,59.0,2022-06-24
801,Ahmed,Said,7.0,94.0,1.0,71.0,1.0,27.0,58.0,2022-04-22
161,Mona,Ali,53.0,45.0,15.0,37.0,58.0,44.0,97.0,2023-05-23
957,Laila,Mahmoud,12.0,16.0,8.0,86.0,56.0,100.0,56.0,2022-04-11
822,Hassan,Ali,90.0,,76.0,72.0,42.0,59.0,56.0,2023-04-06
1070,,Hegazy,31.0,41.0,75.0,87.0,12.0,97.0,56.0,2023-05-29
878,Khaled,Mahmoud,,26.0,55.0,31.0,49.0,78.0,72.0,2024-12-13
914,Fatma,Mahmoud,25.0,32.0,53.0,80.0,11.0,98.0,52.0,2024-06-01
153,Mona,Hegazy,6.0,14.0,30.0,,2.0,51.0,50.0,2023-02-16
1152,Nour,Hegazy,90.0,52.0,49.0,37.0,51.0,36.0,58.0,2024-04-21
510,,Hassan,74.0,57.0,59.0,77.0,30.0,1.0,76.0,2024-09-26
1157,Laila,Tarek,22.0,3.0,40.0,38.0,,96.0,82.0,2023-10-02
104,Youssef,Fathy,2.0,37.0,89.0,18.0,79.0,6.0,85.0,2024-02-21
587,Nour,Ali,65.0,34.0,47.0,27.0,16.0,34.0,80.0,2022-01-26
1115,Youssef,Said,87.0,96.0,100.0,48.0,92.0,77.0,80.0,2023-10-28
54,Sara,Said,18.0,12.0,92.0,73.0,2.0,38.0,80.0,2024-07-17
152,,Tarek,91.0,0.0,43.0,64.0,64.0,85.0,68.0,2023-03-10
404,Khaled,Ali,56.0,62.0,54.0,93.0,82.0,62.0,62.0,2023-08-29
208,Omar,Tarek,84.0,98.0,16.0,52.0,,,96.0,2024-08-05
1192,Sara,Said,12.0,47.0,50.0,18.0,69.0,64.0,69.0,2024-07-18
9,Fatma,Tarek,,63.0,15.0,14.0,17.0,55.0,64.0,2024-05-14
1015,Fatma,Said,29.0,68.0,89.0,63.0,53.0,88.0,56.0,2024-04-16
453,Ahmed,Hassan,78.0,60.0,6.0,14.0,3.0,16.0,63.0,2024-11-26
254,Fatma,Said,58.0,82.0,56.0,83.0,72.0,0.0,95.0,2022-09-03
897,Hassan,Hassan,53.0,13.0,67.0,16.0,29.0,69.0,82.0,2023-04-26
1102,Omar,Tarek,75.0,10.0,95.0,96.0,38.0,18.0,82.0,2024-09-07
881,Ahmed,Ali,85.0,56.0,53.0,,94.0,15.0,55.0,2022-10-23
1190,Khaled,Mahmoud,81.0,45.0,12.0,70.0,33.0,70.0,77.0,2024-02-10
624,Hassan,Said,,97.0,97.0,23.0,31.0,81.0,82.0,2024-11-24
346,Fatma,Fathy,62.0,83.0,82.0,90.0,59.0,51.0,50.0,2023-05-24
693,Khaled,Mostafa,39.0,51.0,84.0,90.0,48.0,85.0,67.0,2024-03-31
263,Mona,Hassan,,36.0,39.0,61.0,4.0,76.0,85.0,2023-10-06
151,Omar,Mostafa,85.0,96.0,94.0,36.0,,19.0,87.0,2024-05-16
473,Nour,Hassan,24.0,19.0,23.0,96.0,71.0,12.0,,2024-12-03
641,Ahmed,Said,87.0,53.0,28.0,1.0,19.0,78.0,56.0,2024-01-26
44,Hassan,Ali,87.0,47.0,55.0,0.0,53.0,66.0,83.0,2023-01-29
1187,Nour,Hegazy,98.0,16.0,51.0,72.0,88.0,44.0,77.0,2022-07-07
551,Mona,Hassan,87.0,44.0,49.0,61.0,68.0,37.0,,2022-03-05
929,Fatma,Ibrahim,63.0,,58.0,37.0,27.0,29.0,67.0,2023-06-05
489,Laila,Ibrahim,44.0,34.0,45.0,9.0,85.0,76.0,71.0,2022-11-09
1136,Youssef,Ibrahim,50.0,,22.0,17.0,64.0,67.0,83.0,2023-10-03
147,,Hassan,84.0,,54.0,95.0,67.0,22.0,76.0,2024-08-31
403,Youssef,Tarek,74.0,71.0,37.0,17.0,,98.0,70.0,2024-04-04
955,Laila,Mahmoud,58.0,30.0,68.0,81.0,77.0,90.0,85.0,2023-07-17
1182,Hassan,Ali,40.0,46.0,84.0,77.0,44.0,16.0,64.0,2022-10-21
660,Khaled,,75.0,58.0,34.0,7.0,35.0,44.0,67.0,2024-09-18
464,Fatma,Ibrahim,13.0,57.0,,22.0,11.0,69.0,62.0,2024-10-30
187,Khaled,Ibrahim,14.0,20.0,9.0,71.0,50.0,,100.0,2022-07-13
609,Mona,Salem,56.0,86.0,60.0,55.0,52.0,23.0,65.0,2024-08-09
144,Youssef,Mahmoud,23.0,41.0,85.0,58.0,26.0,97.0,78.0,2024-12-26
752,Sara,Said,72.0,74.0,79.0,20.0,94.0,75.0,50.0,2024-04-04
982,Sara,Hegazy,93.0,,13.0,80.0,97.0,63.0,71.0,2024-10-24
198,Laila,Ali,81.0,86.0,20.0,8.0,3.0,3.0,92.0,2023-11-26
884,Fatma,Ibrahim,36.0,28.0,88.0,73.0,24.0,89.0,98.0,2022-06-03
280,Youssef,Mostafa,65.0,98.0,65.0,61.0,25.0,38.0,87.0,2023-12-16
294,Omar,Fathy,,3.0,62.0,44.0,14.0,7.0,71.0,2022-08-25
1144,Omar,Salem,36.0,9.0,32.0,71.0,19.0,88.0,90.0,2022-07-10
401,Khaled,Hassan,81.0,89.0,47.0,11.0,9.0,,58.0,2024-04-16
123,Omar,Hassan,63.0,98.0,47.0,40.0,,,69.0,2023-09-04
203,Hassan,Mostafa,36.0,51.0,84.0,,,45.0,,2024-07-07
836,Mona,Fathy,5.0,27.0,15.0,56.0,49.0,11.0,99.0,2022-10-24
247,Ahmed,Fathy,38.0,98.0,24.0,,67.0,11.0,53.0,2024-11-06
1197,Mona,Tarek,8.0,,58.0,32.0,39.0,58.0,100.0,2023-10-27
653,,Mahmoud,10.0,41.0,90.0,60.0,77.0,,85.0,2022-09-05
385,Youssef,Mostafa,75.0,,4.0,50.0,0.0,59.0,,2023-01-25
855,Mona,Tarek,86.0,,70.0,87.0,50.0,99.0,88.0,2023-11-12
220,Fatma,Hassan,60.0,71.0,18.0,47.0,96.0,59.0,77.0,2024-09-12
642,Mona,Mahmoud,20.0,74.0,10.0,88.0,13.0,35.0,83.0,2024-08-27
2,Laila,Fathy,57.0,35.0,22.0,,89.0,71.0,85.0,2022-02-21
113,Khaled,Salem,45.0,21.0,72.0,74.0,44.0,23.0,82.0,2023-08-25
699,Sara,Ibrahim,38.0,46.0,15.0,85.0,24.0,88.0,58.0,2023-09-15
440,Fatma,Tarek,,16.0,100.0,89.0,86.0,77.0,97.0,2024-07-21
952,Omar,Tarek,62.0,78.0,73.0,82.0,68.0,46.0,66.0,2023-08-28
1134,Mona,Fathy,,37.0,27.0,29.0,,64.0,68.0,2023-10-03
442,Sara,Hegazy,,89.0,66.0,,12.0,86.0,72.0,2023-02-03
664,Khaled,Ali,11.0,71.0,24.0,46.0,38.0,10.0,58.0,2022-07-25
1151,Laila,Hegazy,59.0,0.0,45.0,68.0,,16.0,69.0,2022-09-08
318,Fatma,Ibrahim,69.0,57.0,50.0,71.0,29.0,37.0,66.0,2022-01-20
649,Mona,Tarek,12.0,5.0,38.0,88.0,70.0,73.0,52.0,2023-07-09
710,Laila,Ibrahim,81.0,,20.0,92.0,,76.0,66.0,2024-05-28
973,Mona,Hassan,79.0,94.0,78.0,52.0,50.0,7.0,50.0,2022-07-04
628,Omar,Said,89.0,10.0,25.0,81.0,65.0,46.0,64.0,2024-04-12
633,Hassan,Tarek,61.0,6.0,63.0,43.0,92.0,,,2024-07-06
359,Mona,Mahmoud,96.0,87.0,17.0,29.0,71.0,,83.0,2023-04-02
1162,,Ibrahim,32.0,70.0,61.0,71.0,26.0,82.0,76.0,2022-11-13
796,Youssef,Hassan,10.0,,52.0,40.0,7.0,8.0,,2024-04-07
646,Khaled,Ali,54.0,58.0,26.0,71.0,33.0,37.0,92.0,2023-11-09
1013,Mona,Ali,77.0,59.0,28.0,31.0,8.0,,63.0,2024-08-08
557,Ahmed,Mostafa,,3.0,16.0,,100.0,34.0,88.0,2022-09-16
682,Fatma,Hassan,81.0,27.0,75.0,39.0,52.0,55.0,100.0,2023-08-06
578,Omar,Ibrahim,70.0,62.0,17.0,14.0,25.0,98.0,64.0,2022-09-05
1110,Sara,Tarek,95.0,25.0,38.0,76.0,64.0,88.0,50.0,2023-10-22
525,Youssef,Salem,15.0,95.0,56.0,66.0,73.0,93.0,99.0,2022-02-25
1060,Fatma,Hegazy,18.0,41.0,25.0,67.0,85.0,38.0,83.0,2022-05-21
541,Mona,Mahmoud,66.0,98.0,74.0,85.0,22.0,83.0,58.0,2024-05-13
749,Omar,Mostafa,35.0,4.0,22.0,35.0,74.0,57.0,64.0,2022-09-12
1165,Laila,Salem,16.0,72.0,69.0,20.0,73.0,59.0,84.0,2022-08-10
485,Fatma,Ali,18.0,43.0,88.0,10.0,,97.0,62.0,2022-10-11
96,Nour,Tarek,74.0,3.0,89.0,67.0,39.0,5.0,83.0,2022-07-06
1021,Khaled,Ibrahim,13.0,38.0,61.0,50.0,25.0,73.0,100.0,2024-10-05
564,Mona,Tarek,14.0,39.0,37.0,70.0,73.0,27.0,56.0,2022-12-10
743,Hassan,Ali,23.0,19.0,79.0,85.0,76.0,50.0,67.0,2022-05-27
864,Omar,Salem,20.0,89.0,100.0,14.0,61.0,49.0,57.0,2022-03-31
892,Laila,Mostafa,18.0,9.0,87.0,74.0,67.0,45.0,94.0,2024-02-18
1039,Khaled,Said,89.0,71.0,46.0,2.0,38.0,70.0,91.0,2024-06-27
207,Laila,Ali,88.0,43.0,8.0,34.0,40.0,6.0,57.0,2023-07-25
393,Ahmed,Mahmoud,32.0,64.0,24.0,67.0,77.0,99.0,,2024-06-02
795,Hassan,Mahmoud,90.0,84.0,69.0,100.0,,55.0,77.0,2022-08-26
871,Laila,Hegazy,23.0,38.0,19.0,57.0,36.0,37.0,52.0,2022-03-17
398,Mona,Tarek,40.0,91.0,21.0,99.0,63.0,44.0,64.0,2023-09-08
767,Hassan,Hassan,47.0,93.0,42.0,90.0,3.0,21.0,59.0,2022-03-24
677,Laila,Ali,46.0,7.0,33.0,51.0,,15.0,84.0,2023-08-22
1029,Youssef,Said,82.0,59.0,34.0,55.0,39.0,25.0,,2024-05-08
643,Ahmed,Mahmoud,50.0,15.0,96.0,48.0,4.0,90.0,81.0,2024-12-23
613,Nour,Ali,13.0,97.0,26.0,91.0,7.0,37.0,55.0,2024-10-09
961,Hassan,Mostafa,79.0,61.0,99.0,30.0,12.0,56.0,65.0,2023-12-23
726,Laila,Said,1.0,86.0,20.0,63.0,45.0,77.0,55.0,2024-08-20
684,Nour,Said,65.0,46.0,,37.0,75.0,93.0,67.0,2024-09-07
99,Hassan,Salem,15.0,24.0,87.0,69.0,58.0,85.0,67.0,2022-11-10
805,Hassan,Ali,75.0,91.0,19.0,64.0,5.0,26.0,61.0,2024-10-17
407,Omar,Fathy,21.0,53.0,87.0,83.0,,11.0,53.0,2024-05-11
503,Ahmed,Mahmoud,29.0,49.0,91.0,92.0,36.0,20.0,81.0,2024-09-03
1072,Ahmed,Tarek,73.0,64.0,65.0,28.0,95.0,7.0,95.0,2022-08-14
1057,Laila,Mahmoud,52.0,77.0,66.0,86.0,28.0,62.0,96.0,2023-05-14
930,Youssef,Mahmoud,80.0,77.0,96.0,84.0,15.0,99.0,50.0,2024-07-30
780,Nour,Ali,36.0,9.0,45.0,80.0,77.0,79.0,67.0,2023-11-14
201,Mona,Hegazy,86.0,32.0,91.0,20.0,20.0,87.0,64.0,2023-01-28
135,Sara,Fathy,69.0,88.0,26.0,34.0,71.0,62.0,69.0,2024-01-14
1052,Omar,Mahmoud,52.0,50.0,100.0,90.0,8.0,70.0,73.0,2022-07-07
41,Hassan,Fathy,92.0,21.0,52.0,72.0,79.0,60.0,66.0,2022-06-11
1018,Youssef,Mostafa,98.0,83.0,8.0,67.0,93.0,68.0,60.0,2022-04-03
231,Laila,Tarek,97.0,96.0,35.0,72.0,,37.0,94.0,2024-05-16
379,,Tarek,72.0,74.0,8.0,80.0,72.0,65.0,90.0,2023-12-09
289,Ahmed,Ali,38.0,62.0,72.0,91.0,62.0,12.0,75.0,2022-01-17
419,Khaled,Ibrahim,65.0,75.0,65.0,95.0,45.0,25.0,91.0,2024-06-23
392,Khaled,Mahmoud,61.0,1.0,63.0,,43.0,80.0,50.0,2024-01-16
593,Omar,Mahmoud,71.0,76.0,53.0,77.0,85.0,34.0,64.0,2024-07-30
1163,Khaled,Mahmoud,23.0,93.0,28.0,19.0,17.0,69.0,70.0,2024-09-14
1087,Sara,Hassan,29.0,50.0,7.0,76.0,53.0,54.0,80.0,2022-05-11
648,Hassan,Tarek,38.0,15.0,20.0,26.0,44.0,99.0,63.0,2024-07-18
1153,Sara,Salem,88.0,59.0,37.0,97.0,9.0,12.0,57.0,2023-12-26
521,Laila,Ibrahim,1.0,3.0,11.0,38.0,10.0,37.0,98.0,2022-09-19
65,Sara,Tarek,29.0,79.0,24.0,,43.0,19.0,88.0,2022-12-01
15,Mona,Salem,55.0,30.0,52.0,,43.0,90.0,78.0,2024-10-31
1065,Sara,Hassan,85.0,42.0,42.0,,47.0,58.0,53.0,2022-10-30
493,Fatma,Hegazy,72.0,19.0,5.0,72.0,97.0,77.0,92.0,2024-04-14
380,Omar,Fathy,,60.0,72.0,37.0,56.0,,93.0,2023-10-05
188,Nour,Hegazy,47.0,54.0,95.0,91.0,75.0,,57.0,2022-07-18
764,Hassan,Ibrahim,,6.0,28.0,,5.0,78.0,71.0,2023-04-14
217,Fatma,Ali,32.0,77.0,37.0,46.0,83.0,19.0,58.0,2022-12-07
792,Mona,Tarek,,87.0,66.0,58.0,47.0,96.0,82.0,2023-10-07
1077,Ahmed,Hassan,51.0,46.0,84.0,18.0,57.0,59.0,54.0,2023-05-03
879,Laila,Hegazy,,1.0,,98.0,86.0,76.0,54.0,2024-07-24
338,Hassan,Ibrahim,18.0,54.0,8.0,13.0,71.0,44.0,,2023-04-30
720,Laila,Said,92.0,68.0,10.0,57.0,45.0,54.0,,2022-12-22
296,Ahmed,Salem,68.0,26.0,99.0,78.0,2.0,84.0,,2022-11-15
1017,Mona,Mostafa,74.0,75.0,,68.0,84.0,58.0,,2022-10-14
456,Nour,Mahmoud,5.0,26.0,3.0,33.0,,21.0,73.0,2023-05-26
816,Sara,Mostafa,44.0,25.0,74.0,48.0,94.0,11.0,58.0,2023-05-06
270,Khaled,Ibrahim,78.0,57.0,97.0,7.0,1.0,49.0,97.0,2023-10-10
996,Nour,Fathy,0.0,,96.0,16.0,,30.0,50.0,2022-07-04
202,Ahmed,Fathy,89.0,,77.0,75.0,24.0,83.0,91.0,2023-01-25
162,Fatma,Hassan,94.0,71.0,36.0,11.0,,18.0,88.0,2023-04-06
730,Mona,Salem,34.0,61.0,63.0,26.0,45.0,55.0,67.0,2023-08-14
402,Ahmed,Hegazy,57.0,76.0,19.0,61.0,65.0,19.0,66.0,2023-10-31
703,Sara,Mostafa,73.0,76.0,2.0,72.0,4.0,97.0,73.0,2024-05-02
1130,Fatma,Hegazy,33.0,50.0,4.0,62.0,,60.0,58.0,2024-07-17
566,Nour,Mostafa,25.0,72.0,85.0,12.0,35.0,99.0,55.0,2022-12-02
1022,Nour,Ali,59.0,3.0,2.0,,33.0,6.0,51.0,2022-08-26
1026,Hassan,Ibrahim,33.0,,50.0,66.0,54.0,51.0,77.0,2024-03-06
1105,Omar,Hassan,56.0,86.0,,9.0,69.0,48.0,93.0,2022-08-10
206,Laila,Salem,18.0,0.0,48.0,,42.0,87.0,68.0,2023-01-11
35,,Hassan,56.0,56.0,57.0,29.0,99.0,68.0,63.0,2023-12-06
776,Omar,Ali,27.0,52.0,41.0,70.0,31.0,72.0,82.0,2022-07-06
509,Laila,Hassan,13.0,69.0,98.0,52.0,1.0,29.0,86.0,2023-03-28
108,Fatma,Salem,80.0,66.0,22.0,92.0,43.0,1.0,63.0,2022-01-24
92,Ahmed,Tarek,14.0,89.0,97.0,29.0,92.0,18.0,59.0,2023-03-26
898,Fatma,Ibrahim,44.0,33.0,35.0,74.0,92.0,83.0,94.0,2023-08-12
565,Youssef,Mostafa,18.0,95.0,1.0,8.0,66.0,77.0,89.0,2022-08-23
777,Laila,Salem,36.0,31.0,35.0,41.0,,87.0,68.0,2024-08-20
242,Omar,Fathy,65.0,,79.0,,13.0,72.0,96.0,2024-09-03
14,Omar,,69.0,1.0,30.0,97.0,67.0,25.0,99.0,2023-04-22
316,Nour,Mahmoud,59.0,4.0,72.0,19.0,25.0,,,2024-06-23
601,Khaled,Mahmoud,60.0,17.0,79.0,37.0,72.0,72.0,72.0,2024-06-11
388,Nour,Hegazy,89.0,92.0,29.0,39.0,20.0,55.0,82.0,2024-06-12
167,Nour,Mostafa,72.0,12.0,76.0,65.0,23.0,65.0,94.0,2023-03-28
841,Youssef,Mahmoud,76.0,41.0,78.0,36.0,7.0,57.0,,2022-05-23
21,Khaled,Mahmoud,19.0,68.0,96.0,98.0,89.0,15.0,64.0,2023-07-24
647,Nour,Tarek,40.0,89.0,96.0,98.0,79.0,34.0,92.0,2023-12-22
1155,Youssef,Fathy,9.0,3.0,,0.0,27.0,90.0,83.0,2022-04-16
832,Ahmed,Fathy,41.0,53.0,58.0,19.0,97.0,56.0,56.0,2024-09-15
563,Omar,Ibrahim,46.0,14.0,69.0,30.0,53.0,56.0,97.0,2024-01-26
571,Sara,Hegazy,50.0,62.0,71.0,20.0,38.0,96.0,74.0,2024-02-08
687,Mona,Hassan,32.0,29.0,48.0,26.0,37.0,26.0,52.0,2023-01-13
958,Youssef,Salem,46.0,91.0,48.0,1.0,82.0,36.0,85.0,2024-10-14
190,Youssef,Fathy,20.0,39.0,40.0,94.0,84.0,70.0,74.0,2023-12-27
976,Fatma,Hassan,40.0,44.0,81.0,80.0,67.0,83.0,70.0,2024-04-30
700,Omar,Salem,1.0,45.0,0.0,91.0,65.0,9.0,84.0,2022-06-24
511,Omar,Said,52.0,13.0,57.0,43.0,96.0,82.0,72.0,2023-03-26
1083,Omar,Hegazy,52.0,11.0,52.0,13.0,20.0,55.0,,2022-09-17
475,Sara,,87.0,69.0,98.0,80.0,75.0,11.0,75.0,2023-05-05
857,Fatma,,2.0,89.0,38.0,72.0,4.0,26.0,90.0,2024-07-21
748,Omar,Fathy,,81.0,70.0,80.0,58.0,93.0,100.0,2024-06-18
253,Mona,,59.0,62.0,69.0,13.0,62.0,78.0,72.0,2024-04-06
22,Ahmed,Fathy,9.0,63.0,91.0,60.0,51.0,12.0,93.0,2022-01-14
460,Omar,Hassan,90.0,,51.0,98.0,43.0,10.0,66.0,2024-08-09
1185,Laila,Ali,17.0,3.0,8.0,96.0,46.0,52.0,73.0,2022-10-18
277,Ahmed,Salem,27.0,59.0,86.0,58.0,8.0,73.0,97.0,2024-11-02
956,Ahmed,Fathy,68.0,98.0,44.0,60.0,16.0,8.0,59.0,2022-01-17
171,Omar,Tarek,83.0,88.0,17.0,28.0,49.0,58.0,82.0,2023-04-14
386,Nour,Mahmoud,91.0,55.0,13.0,8.0,59.0,8.0,58.0,2023-06-06
806,Ahmed,Salem,64.0,95.0,23.0,11.0,94.0,37.0,67.0,2024-06-24
344,Laila,Mostafa,15.0,20.0,85.0,48.0,45.0,64.0,55.0,2023-11-12
770,Ahmed,Said,99.0,56.0,71.0,68.0,67.0,61.0,59.0,2024-11-28
131,Laila,Salem,,92.0,79.0,15.0,90.0,72.0,55.0,2023-10-26
872,Ahmed,Ali,98.0,59.0,35.0,30.0,67.0,85.0,68.0,2022-09-16
1124,Omar,Ali,27.0,,71.0,68.0,43.0,60.0,82.0,2023-03-17
88,Ahmed,Mostafa,3.0,5.0,41.0,49.0,87.0,,84.0,2023-06-23
331,Mona,Ali,100.0,49.0,74.0,47.0,52.0,32.0,80.0,2024-01-03
322,Youssef,Ali,79.0,34.0,17.0,97.0,63.0,65.0,97.0,2022-03-15
467,Nour,Mostafa,61.0,88.0,90.0,62.0,73.0,77.0,54.0,2022-11-22
122,Nour,Hegazy,73.0,31.0,39.0,41.0,28.0,17.0,52.0,2022-08-06
1045,Nour,Hegazy,66.0,,57.0,32.0,91.0,70.0,76.0,2024-01-05
1096,,Said,30.0,56.0,78.0,69.0,67.0,16.0,79.0,2022-03-30
1131,Laila,Said,43.0,46.0,21.0,85.0,93.0,91.0,99.0,2024-03-27
861,Sara,Hegazy,50.0,39.0,48.0,88.0,83.0,,100.0,2024-02-24
1127,Sara,Salem,18.0,44.0,68.0,59.0,7.0,9.0,86.0,2023-04-13
